{
  "scenario": 2,
  "fracPos": 0.25,
  "fracNeg": 0,
  "rho": 0,
  "FDRmethod": "BH1995",
  "numTests": 2000,
  "numRealizations": 2000,
  "effectSize": 3,
  "CImethod": "Wald",
  "q": 0.05,
  "alpha": 0.05,
  "seed": "shuffle",
  "BothSides": {
    "canonical": [
      0.77406599999999992,
      0.772929812670086,
      0.77520218732991386
    ],
    "combined": [
      0.66478699999999957,
      0.6634977732142977,
      0.66607622678570144
    ],
    "twotailed": [
      0.66478699999999957,
      0.6634977732142977,
      0.66607622678570144
    ],
    "split2tail": [
      0.73314800000000035,
      0.7319824856031889,
      0.73431351439681181
    ]
  },
  "PosSide": {
    "canonical": [
      0.77498657433757612,
      0.77385157906607416,
      0.77612156960907808
    ],
    "combined": [
      0.65323135169598989,
      0.65199934986960917,
      0.65446335352237062
    ],
    "twotailed": [
      0.65323135169598989,
      0.65199934986960917,
      0.65446335352237062
    ],
    "split2tail": [
      0.73398197213386718,
      0.73281708259633571,
      0.73514686167139864
    ]
  },
  "NegSide": {
    "canonical": [
      null,
      null,
      null
    ],
    "combined": [
      null,
      null,
      null
    ],
    "twotailed": [
      null,
      null,
      null
    ],
    "split2tail": [
      null,
      null,
      null
    ]
  },
  "elapsed": 2.2062291666666667
}