{
  "scenario": 4,
  "fracPos": 0.25,
  "fracNeg": 0.25,
  "rho": 0,
  "FDRmethod": "BH1995",
  "numTests": 2000,
  "numRealizations": 2000,
  "effectSize": 3,
  "CImethod": "Wald",
  "q": 0.05,
  "alpha": 0.05,
  "seed": "shuffle",
  "BothSides": {
    "canonical": [
      0.026062592241706314,
      0.025823732231335512,
      0.026301452252077116
    ],
    "combined": [
      0.026009218810599519,
      0.025769830643287087,
      0.02624860697791195
    ],
    "twotailed": [
      0.026009218810599519,
      0.025769830643287087,
      0.02624860697791195
    ],
    "split2tail": [
      0.02605491440522846,
      0.025816038270669108,
      0.026293790539787813
    ]
  },
  "PosSide": {
    "canonical": [
      0.025153404913341341,
      0.024805258892381832,
      0.02550155093430085
    ],
    "combined": [
      0.025138673537039267,
      0.024794921856871446,
      0.025482425217207089
    ],
    "twotailed": [
      0.025138673537039267,
      0.024794921856871446,
      0.025482425217207089
    ],
    "split2tail": [
      0.025175731369878478,
      0.024829609422204326,
      0.025521853317552631
    ]
  },
  "NegSide": {
    "canonical": [
      0.02688254949420121,
      0.026533784648918431,
      0.027231314339483989
    ],
    "combined": [
      0.026823387330017441,
      0.026478697794313645,
      0.027168076865721237
    ],
    "twotailed": [
      0.026823387330017441,
      0.026478697794313645,
      0.027168076865721237
    ],
    "split2tail": [
      0.026847691063475322,
      0.026499264961947704,
      0.027196117165002941
    ]
  },
  "elapsed": 2.4043975
}