{
  "scenario": 5,
  "fracPos": 0.1,
  "fracNeg": 0.4,
  "rho": 0,
  "FDRmethod": "BH1995",
  "numTests": 2000,
  "numRealizations": 2000,
  "effectSize": 3,
  "CImethod": "Wald",
  "q": 0.05,
  "alpha": 0.05,
  "seed": "shuffle",
  "BothSides": {
    "canonical": [
      0.78764249999999947,
      0.78691455787705367,
      0.78837044212294527
    ],
    "combined": [
      0.76408549999999964,
      0.76333177715655831,
      0.764839222843441
    ],
    "twotailed": [
      0.76408549999999964,
      0.76333177715655831,
      0.764839222843441
    ],
    "split2tail": [
      0.76830999999999916,
      0.76755678506706582,
      0.7690632149329325
    ]
  },
  "PosSide": {
    "canonical": [
      0.621429498076057,
      0.61945681281993337,
      0.62340218333218056
    ],
    "combined": [
      0.79287887714720562,
      0.79132769686798354,
      0.79443005742642769
    ],
    "twotailed": [
      0.79287887714720562,
      0.79132769686798354,
      0.79443005742642769
    ],
    "split2tail": [
      0.68842895959733252,
      0.68648830168422126,
      0.69036961751044379
    ]
  },
  "NegSide": {
    "canonical": [
      0.83054094604146966,
      0.82978569571974836,
      0.831296196363191
    ],
    "combined": [
      0.75819315638741247,
      0.75739366414989906,
      0.75899264862492588
    ],
    "twotailed": [
      0.75819315638741247,
      0.75739366414989906,
      0.75899264862492588
    ],
    "split2tail": [
      0.78959295203898694,
      0.78879079431469978,
      0.7903951097632741
    ]
  },
  "elapsed": 2.1835919166666669
}