{
  "scenario": 2,
  "fracPos": 0.25,
  "fracNeg": 0,
  "rho": 0,
  "FDRmethod": "BH1995",
  "numTests": 2000,
  "numRealizations": 2000,
  "effectSize": 3,
  "CImethod": "Wald",
  "q": 0.05,
  "alpha": 0.05,
  "seed": "shuffle",
  "BothSides": {
    "canonical": [
      0.037671296742129531,
      0.037244241076512447,
      0.038098352407746616
    ],
    "combined": [
      0.037355157091206362,
      0.036890945671033758,
      0.037819368511378966
    ],
    "twotailed": [
      0.037355157091206362,
      0.036890945671033758,
      0.037819368511378966
    ],
    "split2tail": [
      0.030149978564041356,
      0.029753770399375996,
      0.030546186728706716
    ]
  },
  "PosSide": {
    "canonical": [
      0.037555985104246715,
      0.037129934772140827,
      0.037982035436352604
    ],
    "combined": [
      0.019120999876594446,
      0.018781035192111425,
      0.019460964561077466
    ],
    "twotailed": [
      0.019120999876594446,
      0.018781035192111425,
      0.019460964561077466
    ],
    "split2tail": [
      0.029983272488167702,
      0.029587910848537357,
      0.030378634127798048
    ]
  },
  "NegSide": {
    "canonical": [
      0.042,
      0.033206756621173047,
      0.050793243378826958
    ],
    "combined": [
      0.9975,
      0.99531088714895966,
      0.99968911285104045
    ],
    "twotailed": [
      0.9975,
      0.99531088714895966,
      0.99968911285104045
    ],
    "split2tail": [
      0.058,
      0.047753367929015827,
      0.068246632070984178
    ]
  },
  "elapsed": 2.205792875
}