{
  "scenario": 3,
  "fracPos": 0,
  "fracNeg": 0.25,
  "rho": 0,
  "FDRmethod": "BH1995",
  "numTests": 2000,
  "numRealizations": 2000,
  "effectSize": 3,
  "CImethod": "Wald",
  "q": 0.05,
  "alpha": 0.05,
  "seed": "shuffle",
  "BothSides": {
    "canonical": [
      0.777032,
      0.77587592783191184,
      0.778188072168088
    ],
    "combined": [
      0.66817499999999941,
      0.66688678366617871,
      0.66946321633382011
    ],
    "twotailed": [
      0.66817499999999941,
      0.66688678366617871,
      0.66946321633382011
    ],
    "split2tail": [
      0.73618299999999992,
      0.73501069389169582,
      0.737355306108304
    ]
  },
  "PosSide": {
    "canonical": [
      null,
      null,
      null
    ],
    "combined": [
      null,
      null,
      null
    ],
    "twotailed": [
      null,
      null,
      null
    ],
    "split2tail": [
      null,
      null,
      null
    ]
  },
  "NegSide": {
    "canonical": [
      0.7779517599073229,
      0.77679263926357878,
      0.779110880551067
    ],
    "combined": [
      0.65652779857152044,
      0.65529025528233609,
      0.65776534186070479
    ],
    "twotailed": [
      0.65652779857152044,
      0.65529025528233609,
      0.65776534186070479
    ],
    "split2tail": [
      0.73701627045740392,
      0.73584090744955888,
      0.738191633465249
    ]
  },
  "elapsed": 2.222180375
}