{
  "scenario": 6,
  "effectSize": 3,
  "fracPos": 0,
  "fracNeg": 0,
  "rho": 0.25,
  "FDRmethod": "BH1995",
  "numTests": 2000,
  "numRealizations": 2000,
  "CImethod": "Wald",
  "q": 0.05,
  "alpha": 0.05,
  "seed": "shuffle",
  "BothSides": {
    "canonical": [
      0.077,
      0.065313407333749976,
      0.088686592666250022
    ],
    "combined": [
      0.0445,
      0.035460653273591908,
      0.053539346726408088
    ],
    "twotailed": [
      0.0445,
      0.035460653273591908,
      0.053539346726408088
    ],
    "split2tail": [
      0.054,
      0.044092042339075412,
      0.0639079576609246
    ]
  },
  "PosSide": {
    "canonical": [
      0.0435,
      0.034558120570750708,
      0.052441879429249286
    ],
    "combined": [
      0.0265,
      0.019459028136104024,
      0.033540971863895971
    ],
    "twotailed": [
      0.0265,
      0.019459028136104024,
      0.033540971863895971
    ],
    "split2tail": [
      0.0305,
      0.022961837065184537,
      0.038038162934815462
    ]
  },
  "NegSide": {
    "canonical": [
      0.0335,
      0.025612034060088804,
      0.0413879659399112
    ],
    "combined": [
      0.018,
      0.012171810147586754,
      0.023828189852413244
    ],
    "twotailed": [
      0.018,
      0.012171810147586754,
      0.023828189852413244
    ],
    "split2tail": [
      0.0235,
      0.016859332295614239,
      0.030140667704385761
    ]
  },
  "elapsed": 2.304901875
}