{
  "scenario": 8,
  "fracPos": 0,
  "fracNeg": 0.25,
  "rho": 0.25,
  "FDRmethod": "BH1995",
  "numTests": 2000,
  "numRealizations": 2000,
  "effectSize": 3,
  "CImethod": "Wald",
  "q": 0.05,
  "alpha": 0.05,
  "seed": "shuffle",
  "BothSides": {
    "canonical": [
      0.044422640035126505,
      0.040501841910306931,
      0.04834343815994608
    ],
    "combined": [
      0.041755646840630448,
      0.038555154391846785,
      0.04495613928941411
    ],
    "twotailed": [
      0.041755646840630448,
      0.038555154391846785,
      0.04495613928941411
    ],
    "split2tail": [
      0.028660031583844073,
      0.025902663866691128,
      0.031417399300997018
    ]
  },
  "PosSide": {
    "canonical": [
      0.036,
      0.027833584713841852,
      0.044166415286158139
    ],
    "combined": [
      0.701,
      0.68093051181875175,
      0.72106948818124816
    ],
    "twotailed": [
      0.701,
      0.68093051181875175,
      0.72106948818124816
    ],
    "split2tail": [
      0.0315,
      0.023843209164965979,
      0.039156790835034018
    ]
  },
  "NegSide": {
    "canonical": [
      0.037434688472696293,
      0.034901585323761086,
      0.0399677916216315
    ],
    "combined": [
      0.019661944087879992,
      0.018142496936713794,
      0.02118139123904619
    ],
    "twotailed": [
      0.019661944087879992,
      0.018142496936713794,
      0.02118139123904619
    ],
    "split2tail": [
      0.024643443016822222,
      0.023033679619024808,
      0.026253206414619635
    ]
  },
  "elapsed": 2.1521295
}