{
  "scenario": 10,
  "fracPos": 0.1,
  "fracNeg": 0.4,
  "rho": 0.25,
  "FDRmethod": "BH1995",
  "numTests": 2000,
  "numRealizations": 2000,
  "effectSize": 3,
  "CImethod": "Wald",
  "q": 0.05,
  "alpha": 0.05,
  "seed": "shuffle",
  "BothSides": {
    "canonical": [
      0.0325469980130454,
      0.030657294511407623,
      0.034436701514683178
    ],
    "combined": [
      0.025441928873864369,
      0.024265281532361432,
      0.026618576215367305
    ],
    "twotailed": [
      0.025441928873864369,
      0.024265281532361432,
      0.026618576215367305
    ],
    "split2tail": [
      0.024309863106895781,
      0.022925586307218835,
      0.025694139906572728
    ]
  },
  "PosSide": {
    "canonical": [
      0.022151502624905742,
      0.0202563592115378,
      0.024046646038273684
    ],
    "combined": [
      0.036139176395570453,
      0.034280583121842588,
      0.037997769669298319
    ],
    "twotailed": [
      0.036139176395570453,
      0.034280583121842588,
      0.037997769669298319
    ],
    "split2tail": [
      0.024375911153760206,
      0.022615959110009042,
      0.026135863197511371
    ]
  },
  "NegSide": {
    "canonical": [
      0.025805816415778771,
      0.024155412467845031,
      0.027456220363712511
    ],
    "combined": [
      0.015477563202182279,
      0.014428330919253891,
      0.016526795485110667
    ],
    "twotailed": [
      0.015477563202182279,
      0.014428330919253891,
      0.016526795485110667
    ],
    "split2tail": [
      0.017529816738933016,
      0.016415177639860074,
      0.018644455838005957
    ]
  },
  "elapsed": 2.166016
}