{
  "scenario": 9,
  "fracPos": 0.25,
  "fracNeg": 0.25,
  "rho": 0.25,
  "FDRmethod": "BH1995",
  "numTests": 2000,
  "numRealizations": 2000,
  "effectSize": 3,
  "CImethod": "Wald",
  "q": 0.05,
  "alpha": 0.05,
  "seed": "shuffle",
  "BothSides": {
    "canonical": [
      0.74819699999999967,
      0.74622695026180863,
      0.75016704973819071
    ],
    "combined": [
      0.76439049999999953,
      0.76310601572360348,
      0.76567498427639558
    ],
    "twotailed": [
      0.76439049999999953,
      0.76310601572360348,
      0.76567498427639558
    ],
    "split2tail": [
      0.75929749999999974,
      0.75765903995747774,
      0.76093596004252173
    ]
  },
  "PosSide": {
    "canonical": [
      0.74603244172676675,
      0.73521663467984744,
      0.75684824877368606
    ],
    "combined": [
      0.76289787756734062,
      0.75459787069049677,
      0.77119788444418447
    ],
    "twotailed": [
      0.76289787756734062,
      0.75459787069049677,
      0.77119788444418447
    ],
    "split2tail": [
      0.757114345150545,
      0.74801361106244513,
      0.76621507923864485
    ]
  },
  "NegSide": {
    "canonical": [
      0.75121334146867436,
      0.740285825118045,
      0.76214085781930374
    ],
    "combined": [
      0.76709672039305254,
      0.75871929830489571,
      0.77547414248120938
    ],
    "twotailed": [
      0.76709672039305254,
      0.75871929830489571,
      0.77547414248120938
    ],
    "split2tail": [
      0.762525672991661,
      0.75341501257481591,
      0.771636333408506
    ]
  },
  "elapsed": 2.1768437083333332
}