{
  "scenario": 3,
  "fracPos": 0,
  "fracNeg": 0.25,
  "rho": 0,
  "FDRmethod": "BKY2006",
  "numTests": 2000,
  "numRealizations": 2000,
  "effectSize": 3,
  "CImethod": "Wald",
  "q": 0.05,
  "alpha": 0.05,
  "seed": "shuffle",
  "BothSides": {
    "canonical": [
      0.048995345133594367,
      0.048512965659286936,
      0.0494777246079018
    ],
    "combined": [
      0.042491634294896323,
      0.041994963503892757,
      0.042988305085899889
    ],
    "twotailed": [
      0.046907312777055767,
      0.046387840321064432,
      0.0474267852330471
    ],
    "split2tail": [
      0.045651927429332544,
      0.045183548193971523,
      0.046120306664693564
    ]
  },
  "PosSide": {
    "canonical": [
      0.035,
      0.026943630570867457,
      0.043056369429132546
    ],
    "combined": [
      0.999,
      0.9976144428682947,
      1.0003855571317053
    ],
    "twotailed": [
      0.9995,
      0.99852001800773,
      1.00047998199227
    ],
    "split2tail": [
      0.0495,
      0.039991317331116508,
      0.0590086826688835
    ]
  },
  "NegSide": {
    "canonical": [
      0.048910189210191433,
      0.0484282360307871,
      0.049392142389595765
    ],
    "combined": [
      0.022723074903405319,
      0.022371790651217111,
      0.023074359155593527
    ],
    "twotailed": [
      0.025078396493543823,
      0.0247086274977048,
      0.025448165489382845
    ],
    "split2tail": [
      0.045524967268500048,
      0.045057013676642638,
      0.045992920860357459
    ]
  },
  "elapsed": 78.613733041666663
}