{
  "scenario": 2,
  "fracPos": 0.25,
  "fracNeg": 0,
  "rho": 0,
  "FDRmethod": "BKY2006",
  "numTests": 2000,
  "numRealizations": 2000,
  "effectSize": 3,
  "CImethod": "Wald",
  "q": 0.05,
  "alpha": 0.05,
  "seed": "shuffle",
  "BothSides": {
    "canonical": [
      0.04677893474702078,
      0.046303644477911493,
      0.047254225016130066
    ],
    "combined": [
      0.041312783748866377,
      0.040842197635893349,
      0.041783369861839406
    ],
    "twotailed": [
      0.045447930122331073,
      0.044947624728244706,
      0.045948235516417441
    ],
    "split2tail": [
      0.043460238707739247,
      0.042997331576202266,
      0.043923145839276229
    ]
  },
  "PosSide": {
    "canonical": [
      0.046671456436353148,
      0.046197711257937861,
      0.047145201614768435
    ],
    "combined": [
      0.021119799930589891,
      0.020772423628316952,
      0.021467176232862831
    ],
    "twotailed": [
      0.023247979222584373,
      0.022888233575650209,
      0.023607724869518537
    ],
    "split2tail": [
      0.043299319962769769,
      0.042838585817306978,
      0.043760054108232561
    ]
  },
  "NegSide": {
    "canonical": [
      0.04,
      0.031409720271712217,
      0.048590279728287784
    ],
    "combined": [
      0.999,
      0.9976144428682947,
      1.0003855571317053
    ],
    "twotailed": [
      0.9995,
      0.99852001800773,
      1.00047998199227
    ],
    "split2tail": [
      0.057,
      0.046836694783584133,
      0.067163305216415864
    ]
  },
  "elapsed": 78.885960875
}