{
  "scenario": 6,
  "effectSize": 3,
  "fracPos": 0,
  "fracNeg": 0,
  "rho": 0.25,
  "FDRmethod": "BKY2006",
  "numTests": 2000,
  "numRealizations": 2000,
  "CImethod": "Wald",
  "q": 0.05,
  "alpha": 0.05,
  "seed": "shuffle",
  "BothSides": {
    "canonical": [
      0.0805,
      0.068573431663396189,
      0.092426568336603815
    ],
    "combined": [
      0.0405,
      0.031858449045154738,
      0.049141550954845264
    ],
    "twotailed": [
      0.0405,
      0.031858449045154738,
      0.049141550954845264
    ],
    "split2tail": [
      0.047,
      0.037722369470981711,
      0.05627763052901829
    ]
  },
  "PosSide": {
    "canonical": [
      0.039,
      0.030513361732408973,
      0.04748663826759103
    ],
    "combined": [
      0.0215,
      0.015141695259574688,
      0.027858304740425308
    ],
    "twotailed": [
      0.0215,
      0.015141695259574688,
      0.027858304740425308
    ],
    "split2tail": [
      0.0235,
      0.016859332295614239,
      0.030140667704385761
    ]
  },
  "NegSide": {
    "canonical": [
      0.0415,
      0.032756973375328596,
      0.050243026624671408
    ],
    "combined": [
      0.019,
      0.013015153747021183,
      0.024984846252978817
    ],
    "twotailed": [
      0.019,
      0.013015153747021183,
      0.024984846252978817
    ],
    "split2tail": [
      0.0235,
      0.016859332295614239,
      0.030140667704385761
    ]
  },
  "elapsed": 87.707113958333338
}