{
  "scenario": 5,
  "fracPos": 0.1,
  "fracNeg": 0.4,
  "rho": 0,
  "FDRmethod": "BKY2006",
  "numTests": 2000,
  "numRealizations": 2000,
  "effectSize": 3,
  "CImethod": "Wald",
  "q": 0.05,
  "alpha": 0.05,
  "seed": "shuffle",
  "BothSides": {
    "canonical": [
      0.84085150000000053,
      0.84011375496297,
      0.841589245037031
    ],
    "combined": [
      0.79974349999999961,
      0.7989694697114158,
      0.80051753028858341
    ],
    "twotailed": [
      0.85292550000000067,
      0.85210106673001762,
      0.85374993326998372
    ],
    "split2tail": [
      0.86988600000000027,
      0.86908763768360364,
      0.8706843623163969
    ]
  },
  "PosSide": {
    "canonical": [
      0.6309382768373929,
      0.62889494768174681,
      0.632981605993039
    ],
    "combined": [
      0.8364039919267805,
      0.834798167519009,
      0.838009816334552
    ],
    "twotailed": [
      0.90675583708525709,
      0.90508763406355885,
      0.90842404010695532
    ],
    "split2tail": [
      0.72924816838100937,
      0.72718520885565452,
      0.73131112790636421
    ]
  },
  "NegSide": {
    "canonical": [
      0.8947502065430516,
      0.89396969144574889,
      0.8955307216403543
    ],
    "combined": [
      0.7919295424345455,
      0.7911153186168064,
      0.7927437662522846
    ],
    "twotailed": [
      0.8409083714186838,
      0.8400758756210156,
      0.841740867216352
    ],
    "split2tail": [
      0.90651590954065719,
      0.90562855842277623,
      0.90740326065853816
    ]
  },
  "elapsed": 89.893871458333336
}