{
  "scenario": 10,
  "fracPos": 0.1,
  "fracNeg": 0.4,
  "rho": 0.25,
  "FDRmethod": "BKY2006",
  "numTests": 2000,
  "numRealizations": 2000,
  "effectSize": 3,
  "CImethod": "Wald",
  "q": 0.05,
  "alpha": 0.05,
  "seed": "shuffle",
  "BothSides": {
    "canonical": [
      0.049018997560687422,
      0.046298673298422979,
      0.051739321822951864
    ],
    "combined": [
      0.031698075048111271,
      0.030261399653216094,
      0.033134750443006449
    ],
    "twotailed": [
      0.042605823385675333,
      0.040879641473876044,
      0.044332005297474622
    ],
    "split2tail": [
      0.042976437832568562,
      0.04087339796675777,
      0.045079477698379354
    ]
  },
  "PosSide": {
    "canonical": [
      0.026651755766048633,
      0.0243272394137298,
      0.028976272118367466
    ],
    "combined": [
      0.046554037218289705,
      0.044308452204724957,
      0.048799622231854453
    ],
    "twotailed": [
      0.0629508863229323,
      0.060310132988763004,
      0.0655916396571016
    ],
    "split2tail": [
      0.033116507502322659,
      0.030743153772532575,
      0.035489861232112743
    ]
  },
  "NegSide": {
    "canonical": [
      0.041259162481599151,
      0.038695246994165017,
      0.043823077969033286
    ],
    "combined": [
      0.01899250471688118,
      0.017684888682906054,
      0.020300120750856306
    ],
    "twotailed": [
      0.027066666981876968,
      0.025279131757519068,
      0.028854202206234868
    ],
    "split2tail": [
      0.036101009345207165,
      0.034131918944259931,
      0.0380700997461544
    ]
  },
  "elapsed": 91.180704416666671
}