{
  "scenario": 8,
  "fracPos": 0,
  "fracNeg": 0.25,
  "rho": 0.25,
  "FDRmethod": "BKY2006",
  "numTests": 2000,
  "numRealizations": 2000,
  "effectSize": 3,
  "CImethod": "Wald",
  "q": 0.05,
  "alpha": 0.05,
  "seed": "shuffle",
  "BothSides": {
    "canonical": [
      0.818087,
      0.80398688498166171,
      0.83218711501833831
    ],
    "combined": [
      0.6645730000000003,
      0.65250838121709009,
      0.67663761878291051
    ],
    "twotailed": [
      0.68274099999999993,
      0.67031020330918833,
      0.69517179669081153
    ],
    "split2tail": [
      0.80569199999999963,
      0.79599999552874545,
      0.81538400447125381
    ]
  },
  "PosSide": {
    "canonical": [
      null,
      null,
      null
    ],
    "combined": [
      null,
      null,
      null
    ],
    "twotailed": [
      null,
      null,
      null
    ],
    "split2tail": [
      null,
      null,
      null
    ]
  },
  "NegSide": {
    "canonical": [
      0.81686000252609059,
      0.80272406189587076,
      0.83099594315631042
    ],
    "combined": [
      0.65932078771335823,
      0.6470526114113585,
      0.671588964015358
    ],
    "twotailed": [
      0.67683278799996016,
      0.66419015049583718,
      0.68947542550408314
    ],
    "split2tail": [
      0.805720461307649,
      0.79598991605345015,
      0.81545100656184777
    ]
  },
  "elapsed": 80.561619666666672
}