{
  "scenario": 1,
  "effectSize": 3,
  "fracPos": 0,
  "fracNeg": 0,
  "rho": 0,
  "FDRmethod": "BKY2006",
  "numTests": 2000,
  "numRealizations": 2000,
  "CImethod": "Wald",
  "q": 0.05,
  "alpha": 0.05,
  "seed": "shuffle",
  "BothSides": {
    "canonical": [
      0.095,
      0.082146311046456463,
      0.10785368895354354
    ],
    "combined": [
      0.0475,
      0.038175597955035535,
      0.056824402044964466
    ],
    "twotailed": [
      0.0475,
      0.038175597955035535,
      0.056824402044964466
    ],
    "split2tail": [
      0.0955,
      0.082616090506164308,
      0.1083839094938357
    ]
  },
  "PosSide": {
    "canonical": [
      0.0535,
      0.043635413301401388,
      0.06336458669859861
    ],
    "combined": [
      0.0285,
      0.021205667996929276,
      0.035794332003070729
    ],
    "twotailed": [
      0.0285,
      0.021205667996929276,
      0.035794332003070729
    ],
    "split2tail": [
      0.054,
      0.044092042339075405,
      0.0639079576609246
    ]
  },
  "NegSide": {
    "canonical": [
      0.0435,
      0.034558120570750715,
      0.052441879429249279
    ],
    "combined": [
      0.021,
      0.0147144586579749,
      0.027285541342025103
    ],
    "twotailed": [
      0.021,
      0.0147144586579749,
      0.027285541342025103
    ],
    "split2tail": [
      0.0435,
      0.034558120570750715,
      0.052441879429249279
    ]
  },
  "elapsed": 93.935012
}