{
  "scenario": 4,
  "fracPos": 0.25,
  "fracNeg": 0.25,
  "rho": 0,
  "FDRmethod": "BKY2006",
  "numTests": 2000,
  "numRealizations": 2000,
  "effectSize": 3,
  "CImethod": "Wald",
  "q": 0.05,
  "alpha": 0.05,
  "seed": "shuffle",
  "BothSides": {
    "canonical": [
      0.031828743988927773,
      0.031546868058746423,
      0.032110619919109122
    ],
    "combined": [
      0.031792744305012395,
      0.031510381588315366,
      0.032075107021709424
    ],
    "twotailed": [
      0.042965823987939716,
      0.042641420799463405,
      0.043290227176416028
    ],
    "split2tail": [
      0.043061488112815981,
      0.042736799374207685,
      0.043386176851424277
    ]
  },
  "PosSide": {
    "canonical": [
      0.030894638178338707,
      0.030507449656301321,
      0.031281826700376096
    ],
    "combined": [
      0.030898051413866395,
      0.030516597088575535,
      0.031279505739157255
    ],
    "twotailed": [
      0.042049783178285421,
      0.041614737887463921,
      0.042484828469106922
    ],
    "split2tail": [
      0.042053543386330362,
      0.041608001731402618,
      0.042499085041258107
    ]
  },
  "NegSide": {
    "canonical": [
      0.0326590766105693,
      0.032265646471534674,
      0.033052506749603923
    ],
    "combined": [
      0.032630004180712262,
      0.032243312945746248,
      0.033016695415678275
    ],
    "twotailed": [
      0.04380710736962326,
      0.043368596762760524,
      0.044245617976486
    ],
    "split2tail": [
      0.04391153537999571,
      0.043458224615220517,
      0.0443648461447709
    ]
  },
  "elapsed": 91.264916
}