{
  "scenario": 3,
  "fracPos": 0,
  "fracNeg": 0.25,
  "rho": 0,
  "FDRmethod": "BKY2006",
  "numTests": 2000,
  "numRealizations": 2000,
  "effectSize": 3,
  "CImethod": "Wald",
  "q": 0.05,
  "alpha": 0.05,
  "seed": "shuffle",
  "BothSides": {
    "canonical": [
      0.81728699999999987,
      0.81609302577084908,
      0.81848097422915067
    ],
    "combined": [
      0.68415499999999974,
      0.6828220973415855,
      0.685487902658414
    ],
    "twotailed": [
      0.70418100000000006,
      0.702807788105169,
      0.70555421189483114
    ],
    "split2tail": [
      0.80317799999999984,
      0.80191457565013846,
      0.80444142434986121
    ]
  },
  "PosSide": {
    "canonical": [
      null,
      null,
      null
    ],
    "combined": [
      null,
      null,
      null
    ],
    "twotailed": [
      null,
      null,
      null
    ],
    "split2tail": [
      null,
      null,
      null
    ]
  },
  "NegSide": {
    "canonical": [
      0.81835764141201972,
      0.81716801795055727,
      0.81954726487348217
    ],
    "combined": [
      0.67118753943074438,
      0.66992535738568249,
      0.67244972147580628
    ],
    "twotailed": [
      0.68929941036318121,
      0.6880097764205082,
      0.69058904430585422
    ],
    "split2tail": [
      0.80419467439306547,
      0.80293571736626046,
      0.80545363141987047
    ]
  },
  "elapsed": 78.614180125
}