{
  "scenario": 9,
  "fracPos": 0.25,
  "fracNeg": 0.25,
  "rho": 0.25,
  "FDRmethod": "BKY2006",
  "numTests": 2000,
  "numRealizations": 2000,
  "effectSize": 3,
  "CImethod": "Wald",
  "q": 0.05,
  "alpha": 0.05,
  "seed": "shuffle",
  "BothSides": {
    "canonical": [
      0.047954681930218811,
      0.045217379031171137,
      0.050691984829266484
    ],
    "combined": [
      0.032251630687771607,
      0.030779864773744291,
      0.033723396601798926
    ],
    "twotailed": [
      0.043191092568761982,
      0.041455852035690133,
      0.044926333101833832
    ],
    "split2tail": [
      0.045735641900022633,
      0.043475568897599667,
      0.0479957149024456
    ]
  },
  "PosSide": {
    "canonical": [
      0.0313568366630136,
      0.029132401568446209,
      0.033581271757580994
    ],
    "combined": [
      0.024045711994822767,
      0.0225780799998891,
      0.025513343989756434
    ],
    "twotailed": [
      0.033548475613204287,
      0.031682165993399528,
      0.035414785233009047
    ],
    "split2tail": [
      0.033957235630043672,
      0.031950477772517839,
      0.035963993487569505
    ]
  },
  "NegSide": {
    "canonical": [
      0.03517563612552356,
      0.0326185763666118,
      0.03773269588443532
    ],
    "combined": [
      0.026803356093690677,
      0.025145868864091564,
      0.02846084332328979
    ],
    "twotailed": [
      0.036565327721713156,
      0.034475591390800323,
      0.03865506405262599
    ],
    "split2tail": [
      0.037550535289562918,
      0.035232737068703543,
      0.039868333510422294
    ]
  },
  "elapsed": 90.739683208333332
}