{
  "scenario": 7,
  "fracPos": 0.25,
  "fracNeg": 0,
  "rho": 0.25,
  "FDRmethod": "BKY2006",
  "numTests": 2000,
  "numRealizations": 2000,
  "effectSize": 3,
  "CImethod": "Wald",
  "q": 0.05,
  "alpha": 0.05,
  "seed": "shuffle",
  "BothSides": {
    "canonical": [
      0.803913,
      0.790531348718333,
      0.817294651281667
    ],
    "combined": [
      0.65066300000000032,
      0.63898841775190007,
      0.66233758224810058
    ],
    "twotailed": [
      0.66825,
      0.65624220455075233,
      0.68025779544924769
    ],
    "split2tail": [
      0.79600100000000018,
      0.786779567318117,
      0.80522243268188332
    ]
  },
  "PosSide": {
    "canonical": [
      0.80074626456252118,
      0.78734436403489638,
      0.814148165090146
    ],
    "combined": [
      0.64417295393951723,
      0.63225598971001973,
      0.65608991816901474
    ],
    "twotailed": [
      0.6609661131907707,
      0.64871215445444264,
      0.67322007192709876
    ],
    "split2tail": [
      0.79425054156260055,
      0.78493224718574206,
      0.803568835939459
    ]
  },
  "NegSide": {
    "canonical": [
      null,
      null,
      null
    ],
    "combined": [
      null,
      null,
      null
    ],
    "twotailed": [
      null,
      null,
      null
    ],
    "split2tail": [
      null,
      null,
      null
    ]
  },
  "elapsed": 82.287801291666668
}