{
  "scenario": 9,
  "fracPos": 0.25,
  "fracNeg": 0.25,
  "rho": 0.25,
  "FDRmethod": "BKY2006",
  "numTests": 2000,
  "numRealizations": 2000,
  "effectSize": 3,
  "CImethod": "Wald",
  "q": 0.05,
  "alpha": 0.05,
  "seed": "shuffle",
  "BothSides": {
    "canonical": [
      0.78414650000000008,
      0.78220913775836654,
      0.78608386224163362
    ],
    "combined": [
      0.79953849999999982,
      0.79828237541299074,
      0.8007946245870089
    ],
    "twotailed": [
      0.85210049999999982,
      0.85092498709909237,
      0.85327601290090727
    ],
    "split2tail": [
      0.85035350000000032,
      0.84882701887303713,
      0.8518799811269635
    ]
  },
  "PosSide": {
    "canonical": [
      0.7801935315078955,
      0.7688966343691489,
      0.7914904286466421
    ],
    "combined": [
      0.7974728412104255,
      0.78933971606980591,
      0.80560596635104509
    ],
    "twotailed": [
      0.84970003977038178,
      0.84181365038596889,
      0.85758642915479466
    ],
    "split2tail": [
      0.8463882670850833,
      0.83764266212411387,
      0.85513387204605273
    ]
  },
  "NegSide": {
    "canonical": [
      0.78896272151066293,
      0.77746717254592912,
      0.80045827047539675
    ],
    "combined": [
      0.802888128905857,
      0.79472161665435137,
      0.8110546411573627
    ],
    "twotailed": [
      0.85595609335959966,
      0.84796055862035258,
      0.86395162809884674
    ],
    "split2tail": [
      0.85555015194476569,
      0.84671919069581913,
      0.86438111319371225
    ]
  },
  "elapsed": 90.740134708333329
}