{
  "scenario": 2,
  "fracPos": 0.25,
  "fracNeg": 0,
  "rho": 0,
  "FDRmethod": "BKY2006",
  "numTests": 2000,
  "numRealizations": 2000,
  "effectSize": 3,
  "CImethod": "Wald",
  "q": 0.05,
  "alpha": 0.05,
  "seed": "shuffle",
  "BothSides": {
    "canonical": [
      0.815693,
      0.81452163581637937,
      0.81686436418362063
    ],
    "combined": [
      0.68357599999999952,
      0.68229115580670463,
      0.6848608441932944
    ],
    "twotailed": [
      0.70298500000000008,
      0.701639040224041,
      0.70433095977595916
    ],
    "split2tail": [
      0.80151899999999965,
      0.8002679086879102,
      0.8027700913120891
    ]
  },
  "PosSide": {
    "canonical": [
      0.81674044939472323,
      0.815570703165321,
      0.81791019562412548
    ],
    "combined": [
      0.67035712411294912,
      0.66913336311341731,
      0.67158088511248093
    ],
    "twotailed": [
      0.68789540246548408,
      0.68662833611028629,
      0.68916246882068188
    ],
    "split2tail": [
      0.80250375824966524,
      0.80125375206150262,
      0.80375376443782787
    ]
  },
  "NegSide": {
    "canonical": [
      null,
      null,
      null
    ],
    "combined": [
      null,
      null,
      null
    ],
    "twotailed": [
      null,
      null,
      null
    ],
    "split2tail": [
      null,
      null,
      null
    ]
  },
  "elapsed": 78.886397833333334
}