{
  "scenario": 4,
  "fracPos": 0.25,
  "fracNeg": 0.25,
  "rho": 0,
  "FDRmethod": "BKY2006",
  "numTests": 2000,
  "numRealizations": 2000,
  "effectSize": 3,
  "CImethod": "Wald",
  "q": 0.05,
  "alpha": 0.05,
  "seed": "shuffle",
  "BothSides": {
    "canonical": [
      0.7995690000000002,
      0.79877116351224242,
      0.800366836487758
    ],
    "combined": [
      0.79968949999999972,
      0.7988877232739573,
      0.80049127672604214
    ],
    "twotailed": [
      0.85260850000000032,
      0.8517734509682322,
      0.85344354903176844
    ],
    "split2tail": [
      0.85257900000000053,
      0.85174485410178835,
      0.85341314589821271
    ]
  },
  "PosSide": {
    "canonical": [
      0.79964455200502171,
      0.79853507670483992,
      0.80075402730520351
    ],
    "combined": [
      0.79991806927195075,
      0.7989163940584737,
      0.8009197444854278
    ],
    "twotailed": [
      0.85287396822023487,
      0.8518649633165557,
      0.853882973123914
    ],
    "split2tail": [
      0.85272172722448114,
      0.85155412403681563,
      0.85388933041214665
    ]
  },
  "NegSide": {
    "canonical": [
      0.80163651543898118,
      0.80049400796992143,
      0.80277902290804093
    ],
    "combined": [
      0.80160484628370388,
      0.80057526275356261,
      0.80263442981384514
    ],
    "twotailed": [
      0.85462861117155375,
      0.85358522260178937,
      0.85567199974131813
    ],
    "split2tail": [
      0.85472209437810731,
      0.85350456636957261,
      0.855939622386642
    ]
  },
  "elapsed": 91.26537441666666
}