{
  "scenario": 10,
  "fracPos": 0.1,
  "fracNeg": 0.4,
  "rho": 0.25,
  "FDRmethod": "BKY2006",
  "numTests": 2000,
  "numRealizations": 2000,
  "effectSize": 3,
  "CImethod": "Wald",
  "q": 0.05,
  "alpha": 0.05,
  "seed": "shuffle",
  "BothSides": {
    "canonical": [
      0.82615300000000036,
      0.82046147479889964,
      0.83184452520110108
    ],
    "combined": [
      0.79038499999999989,
      0.78475208062561286,
      0.79601791937438693
    ],
    "twotailed": [
      0.84156849999999961,
      0.83577707347651653,
      0.84735992652348269
    ],
    "split2tail": [
      0.86417549999999987,
      0.85956977506054266,
      0.86878122493945709
    ]
  },
  "PosSide": {
    "canonical": [
      0.61872697710304259,
      0.60565267088971053,
      0.63180128331637464
    ],
    "combined": [
      0.82765835794591358,
      0.81951036327462079,
      0.83580635261720637
    ],
    "twotailed": [
      0.89205822138985669,
      0.88430500436342074,
      0.89981143841629263
    ],
    "split2tail": [
      0.72963177037888272,
      0.719342913318408,
      0.73992062743935738
    ]
  },
  "NegSide": {
    "canonical": [
      0.87866928247132137,
      0.868616981047107,
      0.88872158389553568
    ],
    "combined": [
      0.78178822504058232,
      0.77287620260790146,
      0.79070024747326317
    ],
    "twotailed": [
      0.82976491740838565,
      0.82075955149443292,
      0.83877028332233838
    ],
    "split2tail": [
      0.89863093396086879,
      0.89061100242012592,
      0.90665086550161167
    ]
  },
  "elapsed": 91.181138875
}