{
  "scenario": 5,
  "fracPos": 0.1,
  "fracNeg": 0.4,
  "rho_sign": 0,
  "FDRmethod": "BH1995",
  "numTests": 2000,
  "numRealizations": 2000,
  "effectSize": 3,
  "CImethod": "Wald",
  "q": 0.05,
  "alpha": 0.05,
  "seed": "shuffle",
  "BothSides": {
    "canonical": [
      0.02601704092547355,
      0.025776282391845977,
      0.026257799459101124
    ],
    "combined": [
      0.025909253608828686,
      0.025666585328205423,
      0.026151921889451948
    ],
    "twotailed": [
      0.025909253608828686,
      0.025666585328205423,
      0.026151921889451948
    ],
    "split2tail": [
      0.023167738356342272,
      0.022937268126708127,
      0.023398208585976417
    ],
    "reviewerA": [
      0.01216920648802723,
      0.011989882156142178,
      0.012348530819912282
    ],
    "reviewerB": [
      0.01372581971354337,
      0.013538025415512935,
      0.013913614011573806
    ]
  },
  "PosSide": {
    "canonical": [
      0.024647103176189636,
      0.024030047159853463,
      0.025264159192525809
    ],
    "combined": [
      0.059830080896304406,
      0.059032090882182017,
      0.060628070910426796
    ],
    "twotailed": [
      0.059830080896304406,
      0.059032090882182017,
      0.060628070910426796
    ],
    "split2tail": [
      0.035435942336219134,
      0.034755508573144037,
      0.036116376099294231
    ],
    "reviewerA": [
      0.01765905781379163,
      0.017114268100725766,
      0.018203847526857494
    ],
    "reviewerB": [
      0.012440142461672096,
      0.011946772763206817,
      0.012933512160137375
    ]
  },
  "NegSide": {
    "canonical": [
      0.026223736202950609,
      0.025962987919987409,
      0.026484484485913808
    ],
    "combined": [
      0.016973787501643977,
      0.016754867062654895,
      0.017192707940633059
    ],
    "twotailed": [
      0.016973787501643977,
      0.016754867062654895,
      0.017192707940633059
    ],
    "split2tail": [
      0.020433199529097976,
      0.020198571063755215,
      0.020667827994440738
    ],
    "reviewerA": [
      0.010993776386529925,
      0.010809867000407465,
      0.011177685772652384
    ],
    "reviewerB": [
      0.013918466827670763,
      0.013715289612465544,
      0.014121644042875981
    ]
  },
  "elapsed": 4.3256797083333334
}