{
  "scenario": 2,
  "fracPos": 0.25,
  "fracNeg": 0,
  "rho_sign": 0,
  "FDRmethod": "BH1995",
  "numTests": 2000,
  "numRealizations": 2000,
  "effectSize": 3,
  "CImethod": "Wald",
  "q": 0.05,
  "alpha": 0.05,
  "seed": "shuffle",
  "BothSides": {
    "canonical": [
      0.037289917205852063,
      0.036855575071316489,
      0.037724259340387638
    ],
    "combined": [
      0.037546812132480616,
      0.0370761269375934,
      0.038017497327367832
    ],
    "twotailed": [
      0.037546812132480616,
      0.0370761269375934,
      0.038017497327367832
    ],
    "split2tail": [
      0.029895949054366926,
      0.029498366321434419,
      0.030293531787299433
    ],
    "old": [
      0.018735090857907866,
      0.0184027708495852,
      0.019067410866230532
    ],
    "question11": [
      0.015050120985024212,
      0.014745433550102861,
      0.015354808419945562
    ],
    "question12": [
      0.018691666970433056,
      0.018360056494034795,
      0.019023277446831317
    ]
  },
  "PosSide": {
    "canonical": [
      0.037197944310861694,
      0.036763422467929706,
      0.037632466153793682
    ],
    "combined": [
      0.01902588331315018,
      0.018694313967530195,
      0.019357452658770164
    ],
    "twotailed": [
      0.01902588331315018,
      0.018694313967530195,
      0.019357452658770164
    ],
    "split2tail": [
      0.029760393943994802,
      0.02936344661000681,
      0.030157341277982794
    ],
    "old": [
      0.018683964374756876,
      0.018351979063741062,
      0.019015949685772689
    ],
    "question11": [
      0.014973064742512057,
      0.01466896391376186,
      0.015277165571262253
    ],
    "question12": [
      0.01864051046187894,
      0.018309229473949525,
      0.018971791449808355
    ]
  },
  "NegSide": {
    "canonical": [
      0.0345,
      0.026499311155450306,
      0.0425006888445497
    ],
    "combined": [
      0.9965,
      0.9939111054118539,
      0.9990888945881462
    ],
    "twotailed": [
      0.9965,
      0.9939111054118539,
      0.9990888945881462
    ],
    "split2tail": [
      0.045,
      0.03591239092340405,
      0.054087609076595947
    ],
    "old": [
      0.0165,
      0.010915672910432153,
      0.022084327089567847
    ],
    "question11": [
      0.023,
      0.016428675800816524,
      0.029571324199183475
    ],
    "question12": [
      0.0165,
      0.010915672910432153,
      0.022084327089567847
    ]
  },
  "elapsed": 4.8987628333333335
}