{
  "scenario": 4,
  "fracPos": 0.25,
  "fracNeg": 0.25,
  "rho": 0,
  "FDRmethod": "BH1995",
  "numTests": 2000,
  "numRealizations": 2000,
  "effectSize": 3,
  "CImethod": "Wald",
  "q": 0.05,
  "alpha": 0.05,
  "seed": "shuffle",
  "BothSides": {
    "canonical": [
      0.7638794999999996,
      0.76311107951671941,
      0.76464792048327979
    ],
    "combined": [
      0.76379849999999938,
      0.76302973083235071,
      0.76456726916764806
    ],
    "twotailed": [
      0.76379849999999938,
      0.76302973083235071,
      0.76456726916764806
    ],
    "split2tail": [
      0.76389699999999972,
      0.76312671439519386,
      0.76466728560480557
    ],
    "old": [
      0.64660399999999962,
      0.6457556485056708,
      0.64745235149432845
    ],
    "question11": [
      0.6462799999999993,
      0.64543386630417265,
      0.647126133695826
    ],
    "question12": [
      0.6462759999999993,
      0.64542781542241379,
      0.6471241845775848
    ]
  },
  "PosSide": {
    "canonical": [
      0.76402742224470344,
      0.76295933604211141,
      0.76509550844729546
    ],
    "combined": [
      0.7640968939121473,
      0.76311987696251393,
      0.76507391086178067
    ],
    "twotailed": [
      0.7640968939121473,
      0.76311987696251393,
      0.76507391086178067
    ],
    "split2tail": [
      0.764237932253495,
      0.76316395721911134,
      0.76531190728787868
    ],
    "old": [
      0.76402742224470344,
      0.76295933604211141,
      0.76509550844729546
    ],
    "question11": [
      0.646564414035045,
      0.6453897688788921,
      0.647739059191198
    ],
    "question12": [
      0.64644514899963246,
      0.64527518708944043,
      0.64761511090982449
    ]
  },
  "NegSide": {
    "canonical": [
      0.76582222017409918,
      0.764725137527778,
      0.76691930282042031
    ],
    "combined": [
      0.76559109777586665,
      0.7645849799534995,
      0.76659721559823379
    ],
    "twotailed": [
      0.76559109777586665,
      0.7645849799534995,
      0.76659721559823379
    ],
    "split2tail": [
      0.7656474896731551,
      0.76454988457139861,
      0.7667450947749116
    ],
    "old": [
      0.64820585123905416,
      0.64698369868607852,
      0.64942800379202981
    ],
    "question11": [
      0.64776558259745054,
      0.64654177473340013,
      0.648989390461501
    ],
    "question12": [
      0.64787635743806693,
      0.64665506977572651,
      0.64909764510040735
    ]
  },
  "elapsed": 3.0597307916666665
}