{
  "scenario": 5,
  "fracPos": 0.1,
  "fracNeg": 0.4,
  "rho": 0,
  "FDRmethod": "BH1995",
  "numTests": 2000,
  "numRealizations": 2000,
  "effectSize": 3,
  "CImethod": "Wald",
  "q": 0.05,
  "alpha": 0.05,
  "seed": "shuffle",
  "BothSides": {
    "canonical": [
      0.7872714999999999,
      0.78654008270762721,
      0.7880029172923726
    ],
    "combined": [
      0.76380149999999958,
      0.76303057262344787,
      0.76457242737655129
    ],
    "twotailed": [
      0.76380149999999958,
      0.76303057262344787,
      0.76457242737655129
    ],
    "split2tail": [
      0.76757649999999977,
      0.7668227580883562,
      0.76833024191164334
    ],
    "old": [
      0.67523049999999962,
      0.6744197373953964,
      0.67604126260460284
    ],
    "question11": [
      0.65269749999999938,
      0.6518616933060446,
      0.65353330669395415
    ],
    "question12": [
      0.67477749999999981,
      0.67396589566275222,
      0.67558910433724739
    ]
  },
  "PosSide": {
    "canonical": [
      0.62029247379284791,
      0.61825754939230637,
      0.62232739819338945
    ],
    "combined": [
      0.79359019919432594,
      0.79200468182787631,
      0.79517571656077557
    ],
    "twotailed": [
      0.79359019919432594,
      0.79200468182787631,
      0.79517571656077557
    ],
    "split2tail": [
      0.68712885797172785,
      0.68517157691872743,
      0.68908613902472826
    ],
    "old": [
      0.62029247379284791,
      0.61825754939230637,
      0.62232739819338945
    ],
    "question11": [
      0.55907180177988325,
      0.55699475199894777,
      0.56114885156081873
    ],
    "question12": [
      0.49741254174335225,
      0.49529862018521248,
      0.49952646330149203
    ]
  },
  "NegSide": {
    "canonical": [
      0.8303738445961355,
      0.82960609920903683,
      0.83114158998323417
    ],
    "combined": [
      0.75766886084504648,
      0.75685560781974026,
      0.75848211387035269
    ],
    "twotailed": [
      0.75766886084504648,
      0.75685560781974026,
      0.75848211387035269
    ],
    "split2tail": [
      0.78901076181493135,
      0.78820177051612861,
      0.78981975311373409
    ],
    "old": [
      0.72082346152491383,
      0.71994623845451866,
      0.721700684595309
    ],
    "question11": [
      0.67722811418665518,
      0.67630915435183292,
      0.67814707402147745
    ],
    "question12": [
      0.7202821048187702,
      0.71940398149359541,
      0.721160228143945
    ]
  },
  "elapsed": 3.0552839166666668
}