{
  "scenario": 4,
  "fracPos": 0.25,
  "fracNeg": 0.25,
  "rho_sign": 0,
  "FDRmethod": "BH1995",
  "numTests": 2000,
  "numRealizations": 2000,
  "effectSize": 3,
  "CImethod": "Wald",
  "q": 0.05,
  "alpha": 0.05,
  "seed": "shuffle",
  "BothSides": {
    "canonical": [
      0.025946513827359005,
      0.02570632540877139,
      0.02618670224594662
    ],
    "combined": [
      0.025918293834154279,
      0.025677686243788515,
      0.026158901424520042
    ],
    "twotailed": [
      0.025918293834154279,
      0.025677686243788515,
      0.026158901424520042
    ],
    "split2tail": [
      0.025936375156747658,
      0.02569607282275152,
      0.026176677490743795
    ],
    "old": [
      0.013506282581746966,
      0.013311359383730553,
      0.01370120577976338
    ],
    "question11": [
      0.013461680947801884,
      0.013266768144394663,
      0.013656593751209105
    ],
    "question12": [
      0.013474177678669402,
      0.013279374433898258,
      0.013668980923440547
    ]
  },
  "PosSide": {
    "canonical": [
      0.025093356855011229,
      0.024754354939183633,
      0.025432358770838825
    ],
    "combined": [
      0.025136667001951305,
      0.024797583194282317,
      0.025475750809620293
    ],
    "twotailed": [
      0.025136667001951305,
      0.024797583194282317,
      0.025475750809620293
    ],
    "split2tail": [
      0.025090592199075664,
      0.024751548146556116,
      0.025429636251595212
    ],
    "old": [
      0.012554390211425874,
      0.012287242954045399,
      0.012821537468806349
    ],
    "question11": [
      0.01251892625593477,
      0.012253387848343417,
      0.012784464663526122
    ],
    "question12": [
      0.012527111441324503,
      0.012260740001394847,
      0.01279348288125416
    ]
  },
  "NegSide": {
    "canonical": [
      0.026716513939271842,
      0.026361792446325923,
      0.027071235432217761
    ],
    "combined": [
      0.026649293619710787,
      0.026300270286726702,
      0.026998316952694872
    ],
    "twotailed": [
      0.026649293619710787,
      0.026300270286726702,
      0.026998316952694872
    ],
    "split2tail": [
      0.026699431493127427,
      0.026344992139701179,
      0.027053870846553675
    ],
    "old": [
      0.014394453015690548,
      0.014110829886181541,
      0.014678076145199554
    ],
    "question11": [
      0.014343883187047782,
      0.014060559524627108,
      0.014627206849468456
    ],
    "question12": [
      0.014357525977562315,
      0.014073948283192956,
      0.014641103671931674
    ]
  },
  "elapsed": 5.86180575
}