{
  "scenario": 4,
  "fracPos": 0.25,
  "fracNeg": 0.25,
  "rho": 0,
  "FDRmethod": "BH1995",
  "numTests": 2000,
  "numRealizations": 2000,
  "effectSize": 3,
  "CImethod": "Wald",
  "q": 0.05,
  "alpha": 0.05,
  "seed": "shuffle",
  "BothSides": {
    "canonical": [
      0.025914703264118408,
      0.025672060849189077,
      0.02615734567904774
    ],
    "combined": [
      0.025879985782013067,
      0.025637302517128879,
      0.026122669046897255
    ],
    "twotailed": [
      0.025879985782013067,
      0.025637302517128879,
      0.026122669046897255
    ],
    "split2tail": [
      0.025895563068061719,
      0.025652937163272264,
      0.026138188972851174
    ],
    "old": [
      0.013681445605360793,
      0.013492841393068894,
      0.013870049817652693
    ],
    "question11": [
      0.013657541464748449,
      0.013468899984289778,
      0.013846182945207119
    ],
    "question12": [
      0.013652524749298348,
      0.01346392416027721,
      0.013841125338319486
    ]
  },
  "PosSide": {
    "canonical": [
      0.025058178408071421,
      0.024710683918847978,
      0.025405672897294864
    ],
    "combined": [
      0.025068034176878397,
      0.024725926014422136,
      0.025410142339334658
    ],
    "twotailed": [
      0.025068034176878397,
      0.024725926014422136,
      0.025410142339334658
    ],
    "split2tail": [
      0.025094381366053513,
      0.024746747494518911,
      0.025442015237588114
    ],
    "old": [
      0.012769570729971086,
      0.012498806855356962,
      0.013040334604585211
    ],
    "question11": [
      0.012746761896759402,
      0.012477175670858232,
      0.013016348122660571
    ],
    "question12": [
      0.012743523006785747,
      0.012472921598546426,
      0.013014124415025068
    ]
  },
  "NegSide": {
    "canonical": [
      0.026683734777616583,
      0.02634122978159668,
      0.027026239773636485
    ],
    "combined": [
      0.026636105130112622,
      0.026296383789640373,
      0.026975826470584871
    ],
    "twotailed": [
      0.026636105130112622,
      0.026296383789640373,
      0.026975826470584871
    ],
    "split2tail": [
      0.026611896651156666,
      0.026271909939817067,
      0.026951883362496265
    ],
    "old": [
      0.014542019957637129,
      0.014269763073881912,
      0.014814276841392346
    ],
    "question11": [
      0.014519066263897484,
      0.014246655362042849,
      0.014791477165752119
    ],
    "question12": [
      0.014510008273997741,
      0.014237845908410552,
      0.014782170639584929
    ]
  },
  "elapsed": 3.058173375
}