{
  "scenario": 1,
  "effectSize": 3,
  "fracPos": 0,
  "fracNeg": 0,
  "rho_sign": 0,
  "FDRmethod": "BH1995",
  "numTests": 2000,
  "numRealizations": 2000,
  "CImethod": "Wald",
  "q": 0.05,
  "alpha": 0.05,
  "seed": "shuffle",
  "BothSides": {
    "canonical": [
      0.091,
      0.078392054241764084,
      0.10360794575823591
    ],
    "combined": [
      0.0555,
      0.04546334105543956,
      0.065536658944560441
    ],
    "twotailed": [
      0.0555,
      0.04546334105543956,
      0.065536658944560441
    ],
    "split2tail": [
      0.092,
      0.079329944073472228,
      0.10467005592652777
    ],
    "old": [
      0.0555,
      0.04546334105543956,
      0.065536658944560441
    ],
    "question11": [
      0.0555,
      0.04546334105543956,
      0.065536658944560441
    ],
    "question12": [
      0.0555,
      0.04546334105543956,
      0.065536658944560441
    ]
  },
  "PosSide": {
    "canonical": [
      0.049,
      0.039536974890931012,
      0.058463025109068992
    ],
    "combined": [
      0.03,
      0.022521953033424,
      0.037478046966576
    ],
    "twotailed": [
      0.03,
      0.022521953033424,
      0.037478046966576
    ],
    "split2tail": [
      0.05,
      0.040445928243149236,
      0.05955407175685077
    ],
    "old": [
      0.0285,
      0.021205667996929255,
      0.035794332003070743
    ],
    "question11": [
      0.0285,
      0.021205667996929255,
      0.035794332003070743
    ],
    "question12": [
      0.0285,
      0.021205667996929255,
      0.035794332003070743
    ]
  },
  "NegSide": {
    "canonical": [
      0.0455,
      0.036364436121798183,
      0.054635563878201815
    ],
    "combined": [
      0.029,
      0.021643854548480255,
      0.036356145451519745
    ],
    "twotailed": [
      0.029,
      0.021643854548480255,
      0.036356145451519745
    ],
    "split2tail": [
      0.0455,
      0.036364436121798183,
      0.054635563878201815
    ],
    "old": [
      0.027,
      0.019894739645756943,
      0.034105260354243057
    ],
    "question11": [
      0.027,
      0.019894739645756943,
      0.034105260354243057
    ],
    "question12": [
      0.027,
      0.019894739645756943,
      0.034105260354243057
    ]
  },
  "elapsed": 4.89236925
}