{
  "scenario": 1,
  "effectSize": 3,
  "fracPos": 0,
  "fracNeg": 0,
  "rho_sign": 0,
  "FDRmethod": "BH1995",
  "numTests": 2000,
  "numRealizations": 2000,
  "CImethod": "Wald",
  "q": 0.05,
  "alpha": 0.05,
  "seed": "shuffle",
  "BothSides": {
    "canonical": [
      0.092,
      0.079329944073472242,
      0.10467005592652776
    ],
    "combined": [
      0.0485,
      0.039082904827544347,
      0.057917095172455656
    ],
    "twotailed": [
      0.0485,
      0.039082904827544347,
      0.057917095172455656
    ],
    "split2tail": [
      0.0905,
      0.077923281647998735,
      0.10307671835200126
    ],
    "reviewerA": [
      0.048,
      0.038629111145991754,
      0.057370888854008248
    ],
    "reviewerB": [
      0.0485,
      0.039082904827544347,
      0.057917095172455656
    ]
  },
  "PosSide": {
    "canonical": [
      0.043,
      0.034107335848968343,
      0.051892664151031651
    ],
    "combined": [
      0.023,
      0.016428675800816517,
      0.029571324199183482
    ],
    "twotailed": [
      0.023,
      0.016428675800816517,
      0.029571324199183482
    ],
    "split2tail": [
      0.043,
      0.034107335848968343,
      0.051892664151031651
    ],
    "reviewerA": [
      0.022,
      0.015569829898300048,
      0.028430170101699952
    ],
    "reviewerB": [
      0.022,
      0.015569829898300048,
      0.028430170101699952
    ]
  },
  "NegSide": {
    "canonical": [
      0.0505,
      0.040900803818680852,
      0.060099196181319155
    ],
    "combined": [
      0.0275,
      0.02033109466028081,
      0.03466890533971919
    ],
    "twotailed": [
      0.0275,
      0.02033109466028081,
      0.03466890533971919
    ],
    "split2tail": [
      0.049,
      0.039536974890931026,
      0.058463025109068978
    ],
    "reviewerA": [
      0.0265,
      0.019459028136104027,
      0.033540971863895971
    ],
    "reviewerB": [
      0.027,
      0.019894739645756943,
      0.034105260354243057
    ]
  },
  "elapsed": 4.266503
}