{
  "scenario": 1,
  "effectSize": 3,
  "fracPos": 0,
  "fracNeg": 0,
  "rho": 0,
  "FDRmethod": "BH1995",
  "numTests": 2000,
  "numRealizations": 2000,
  "CImethod": "Wald",
  "q": 0.05,
  "alpha": 0.05,
  "seed": "shuffle",
  "BothSides": {
    "canonical": [
      0.09,
      0.07745462507840499,
      0.102545374921595
    ],
    "combined": [
      0.04,
      0.031409720271712217,
      0.048590279728287784
    ],
    "twotailed": [
      0.04,
      0.031409720271712217,
      0.048590279728287784
    ],
    "split2tail": [
      0.0885,
      0.07604936029329909,
      0.1009506397067009
    ],
    "old": [
      0.0395,
      0.0309613556187091,
      0.0480386443812909
    ],
    "question11": [
      0.0395,
      0.0309613556187091,
      0.0480386443812909
    ],
    "question12": [
      0.0395,
      0.0309613556187091,
      0.0480386443812909
    ]
  },
  "PosSide": {
    "canonical": [
      0.046,
      0.036816784050712079,
      0.05518321594928792
    ],
    "combined": [
      0.0215,
      0.015141695259574688,
      0.027858304740425308
    ],
    "twotailed": [
      0.0215,
      0.015141695259574688,
      0.027858304740425308
    ],
    "split2tail": [
      0.0445,
      0.0354606532735919,
      0.053539346726408095
    ],
    "old": [
      0.02,
      0.013862807726060215,
      0.026137192273939784
    ],
    "question11": [
      0.0195,
      0.013438462467152881,
      0.025561537532847119
    ],
    "question12": [
      0.02,
      0.013862807726060215,
      0.026137192273939784
    ]
  },
  "NegSide": {
    "canonical": [
      0.046,
      0.036816784050712072,
      0.055183215949287927
    ],
    "combined": [
      0.0205,
      0.014288151651290076,
      0.026711848348709925
    ],
    "twotailed": [
      0.0205,
      0.014288151651290076,
      0.026711848348709925
    ],
    "split2tail": [
      0.046,
      0.036816784050712072,
      0.055183215949287927
    ],
    "old": [
      0.02,
      0.013862807726060215,
      0.026137192273939784
    ],
    "question11": [
      0.0205,
      0.014288151651290076,
      0.026711848348709925
    ],
    "question12": [
      0.02,
      0.013862807726060215,
      0.026137192273939784
    ]
  },
  "elapsed": 3.2029310416666665
}