{
  "scenario": 5,
  "fracPos": 0.1,
  "fracNeg": 0.4,
  "rho_sign": 0,
  "FDRmethod": "BH1995",
  "numTests": 2000,
  "numRealizations": 2000,
  "effectSize": 3,
  "CImethod": "Wald",
  "q": 0.05,
  "alpha": 0.05,
  "seed": "shuffle",
  "BothSides": {
    "canonical": [
      0.026032846219259092,
      0.02579166231180614,
      0.026274030126712044
    ],
    "combined": [
      0.025931001608827102,
      0.025690695424991365,
      0.026171307792662839
    ],
    "twotailed": [
      0.025931001608827102,
      0.025690695424991365,
      0.026171307792662839
    ],
    "split2tail": [
      0.023234361398226485,
      0.023007067275815273,
      0.023461655520637698
    ],
    "old": [
      0.013622196957818947,
      0.013435450707288491,
      0.013808943208349403
    ],
    "question11": [
      0.01207797276980804,
      0.011900455767973666,
      0.012255489771642413
    ],
    "question12": [
      0.013578182528407343,
      0.013391620231220844,
      0.013764744825593842
    ]
  },
  "PosSide": {
    "canonical": [
      0.025118560458781618,
      0.024503100440152147,
      0.02573402047741109
    ],
    "combined": [
      0.060070364043471623,
      0.059278142676313608,
      0.060862585410629638
    ],
    "twotailed": [
      0.060070364043471623,
      0.059278142676313608,
      0.060862585410629638
    ],
    "split2tail": [
      0.03595174171028781,
      0.035255176648696387,
      0.036648306771879233
    ],
    "old": [
      0.012703238145925579,
      0.012217170004104834,
      0.013189306287746325
    ],
    "question11": [
      0.018006080322345307,
      0.017455747414121248,
      0.018556413230569366
    ],
    "question12": [
      0.012691194224764233,
      0.012205124670988129,
      0.013177263778540336
    ]
  },
  "NegSide": {
    "canonical": [
      0.026154866067291373,
      0.025891829147685133,
      0.026417902986897612
    ],
    "combined": [
      0.016945198257284775,
      0.016728322764677655,
      0.017162073749891895
    ],
    "twotailed": [
      0.016945198257284775,
      0.016728322764677655,
      0.017162073749891895
    ],
    "split2tail": [
      0.020407066498727585,
      0.02017287606944896,
      0.02064125692800621
    ],
    "old": [
      0.0137586321783874,
      0.013555191017426121,
      0.01396207333934868
    ],
    "question11": [
      0.010821521831666896,
      0.010638943644635222,
      0.01100410001869857
    ],
    "question12": [
      0.013709277449951476,
      0.013506030160914567,
      0.013912524738988385
    ]
  },
  "elapsed": 4.9738275416666671
}