{
  "scenario": 3,
  "fracPos": 0,
  "fracNeg": 0.25,
  "rho": 0,
  "FDRmethod": "BH1995",
  "numTests": 2000,
  "numRealizations": 2000,
  "effectSize": 3,
  "CImethod": "Wald",
  "q": 0.05,
  "alpha": 0.05,
  "seed": "shuffle",
  "BothSides": {
    "canonical": [
      0.039161559841396992,
      0.038721399971871837,
      0.039601719710922148
    ],
    "combined": [
      0.039610735074277773,
      0.03914706885594129,
      0.040074401292614255
    ],
    "twotailed": [
      0.039610735074277773,
      0.03914706885594129,
      0.040074401292614255
    ],
    "split2tail": [
      0.031805843704601017,
      0.031400825442629163,
      0.032210861966572871
    ],
    "old": [
      0.02055597584656715,
      0.020209587059649335,
      0.020902364633484966
    ],
    "question11": [
      0.016806630684699037,
      0.016487559473380056,
      0.017125701896018017
    ],
    "question12": [
      0.0205150965533453,
      0.020169357884139816,
      0.020860835222550785
    ]
  },
  "PosSide": {
    "canonical": [
      0.0395,
      0.0309613556187091,
      0.0480386443812909
    ],
    "combined": [
      0.999,
      0.9976144428682947,
      1.0003855571317053
    ],
    "twotailed": [
      0.999,
      0.9976144428682947,
      1.0003855571317053
    ],
    "split2tail": [
      0.0505,
      0.040900803818680845,
      0.060099196181319162
    ],
    "old": [
      0.016,
      0.01049953716654722,
      0.02150046283345278
    ],
    "question11": [
      0.0245,
      0.017722986152937006,
      0.031277013847062995
    ],
    "question12": [
      0.016,
      0.01049953716654722,
      0.02150046283345278
    ]
  },
  "NegSide": {
    "canonical": [
      0.039055352599570721,
      0.038616749857925105,
      0.039493955341216337
    ],
    "combined": [
      0.020820721441144489,
      0.020471995610810059,
      0.02116944727147892
    ],
    "twotailed": [
      0.020820721441144489,
      0.020471995610810059,
      0.02116944727147892
    ],
    "split2tail": [
      0.031656288702628529,
      0.031253598748474158,
      0.0320589786567829
    ],
    "old": [
      0.020505105216831711,
      0.020159356157728112,
      0.020850854275935311
    ],
    "question11": [
      0.016721379511887569,
      0.016403243287130373,
      0.017039515736644764
    ],
    "question12": [
      0.020464180343371632,
      0.020119076475266059,
      0.020809284211477205
    ]
  },
  "elapsed": 3.0667493333333335
}