{
  "scenario": 3,
  "fracPos": 0,
  "fracNeg": 0.25,
  "rho_sign": 0,
  "FDRmethod": "BH1995",
  "numTests": 2000,
  "numRealizations": 2000,
  "effectSize": 3,
  "CImethod": "Wald",
  "q": 0.05,
  "alpha": 0.05,
  "seed": "shuffle",
  "BothSides": {
    "canonical": [
      0.039378652639108246,
      0.038944516711466669,
      0.039812788566749822
    ],
    "combined": [
      0.039465736499451565,
      0.039006203113521563,
      0.039925269885381566
    ],
    "twotailed": [
      0.039465736499451565,
      0.039006203113521563,
      0.039925269885381566
    ],
    "split2tail": [
      0.032126122384343675,
      0.031724537090055772,
      0.032527707678631577
    ],
    "reviewerA": [
      0.017264789802295639,
      0.016952149501503255,
      0.017577430103088022
    ],
    "reviewerB": [
      0.021033916618801118,
      0.020700649048270577,
      0.021367184189331659
    ]
  },
  "PosSide": {
    "canonical": [
      0.038,
      0.029618513915829946,
      0.046381486084170052
    ],
    "combined": [
      0.999,
      0.9976144428682947,
      1.0003855571317053
    ],
    "twotailed": [
      0.999,
      0.9976144428682947,
      1.0003855571317053
    ],
    "split2tail": [
      0.049,
      0.039536974890931012,
      0.058463025109068992
    ],
    "reviewerA": [
      0.026,
      0.01902397792222214,
      0.032976022077777854
    ],
    "reviewerB": [
      0.0195,
      0.013438462467152893,
      0.025561537532847109
    ]
  },
  "NegSide": {
    "canonical": [
      0.039277800568856248,
      0.038844133782517,
      0.0397114673551955
    ],
    "combined": [
      0.021074963678909774,
      0.020741691707647641,
      0.021408235650171907
    ],
    "twotailed": [
      0.021074963678909774,
      0.020741691707647641,
      0.021408235650171907
    ],
    "split2tail": [
      0.031988835046922605,
      0.031588274305405006,
      0.0323893957884402
    ],
    "reviewerA": [
      0.017178668558683705,
      0.016866639213533572,
      0.017490697903833837
    ],
    "reviewerB": [
      0.0209725702643069,
      0.020639898946388287,
      0.02130524158222551
    ]
  },
  "elapsed": 4.37632925
}