{
  "scenario": 3,
  "fracPos": 0,
  "fracNeg": 0.25,
  "rho": 0,
  "FDRmethod": "BH1995",
  "numTests": 2000,
  "numRealizations": 2000,
  "effectSize": 3,
  "CImethod": "Wald",
  "q": 0.05,
  "alpha": 0.05,
  "seed": "shuffle",
  "BothSides": {
    "canonical": [
      0.77617299999999989,
      0.7750367412745327,
      0.77730925872546708
    ],
    "combined": [
      0.66764899999999983,
      0.66636590199869228,
      0.66893209800130737
    ],
    "twotailed": [
      0.66764899999999983,
      0.66636590199869228,
      0.66893209800130737
    ],
    "split2tail": [
      0.73569599999999979,
      0.73453653796559815,
      0.73685546203440144
    ],
    "old": [
      0.65179099999999957,
      0.65056629633203744,
      0.65301570366796169
    ],
    "question11": [
      0.61240300000000014,
      0.61114706966374432,
      0.613658930336256
    ],
    "question12": [
      0.65141999999999978,
      0.65019614293705119,
      0.65264385706294836
    ]
  },
  "PosSide": {
    "canonical": [
      null,
      null,
      null
    ],
    "combined": [
      null,
      null,
      null
    ],
    "twotailed": [
      null,
      null,
      null
    ],
    "split2tail": [
      null,
      null,
      null
    ],
    "old": [
      null,
      null,
      null
    ],
    "question11": [
      null,
      null,
      null
    ],
    "question12": [
      null,
      null,
      null
    ]
  },
  "NegSide": {
    "canonical": [
      0.777163659325784,
      0.77602991676161992,
      0.77829740188994812
    ],
    "combined": [
      0.65569135400779266,
      0.65446985499886112,
      0.6569128530167242
    ],
    "twotailed": [
      0.65569135400779266,
      0.65446985499886112,
      0.6569128530167242
    ],
    "split2tail": [
      0.73660244386032458,
      0.73544513953793889,
      0.73775974818271028
    ],
    "old": [
      0.6526611098663736,
      0.65143754800363163,
      0.65388467172911557
    ],
    "question11": [
      0.61319984349705625,
      0.61194403539776931,
      0.61445565159634319
    ],
    "question12": [
      0.6522895881070736,
      0.6510668727023522,
      0.653512303511795
    ]
  },
  "elapsed": 3.0681334583333335
}