{
  "scenario": 5,
  "fracPos": 0.1,
  "fracNeg": 0.4,
  "rho": 0,
  "FDRmethod": "BH1995",
  "numTests": 2000,
  "numRealizations": 2000,
  "effectSize": 3,
  "CImethod": "Wald",
  "q": 0.05,
  "alpha": 0.05,
  "seed": "shuffle",
  "BothSides": {
    "canonical": [
      0.026021247664798623,
      0.025784992527480722,
      0.026257502802116525
    ],
    "combined": [
      0.026150072815856656,
      0.025905642915348123,
      0.02639450271636519
    ],
    "twotailed": [
      0.026150072815856656,
      0.025905642915348123,
      0.02639450271636519
    ],
    "split2tail": [
      0.023252251878481445,
      0.023020420029477105,
      0.023484083727485786
    ],
    "old": [
      0.013678747363513238,
      0.013494316447001253,
      0.013863178280025224
    ],
    "question11": [
      0.012083479317989185,
      0.011905193626156642,
      0.012261765009821728
    ],
    "question12": [
      0.0136380500968715,
      0.013454056251876258,
      0.01382204394186674
    ]
  },
  "PosSide": {
    "canonical": [
      0.024949596294676291,
      0.024345368494479866,
      0.025553824094872717
    ],
    "combined": [
      0.060310378446941988,
      0.059501400347144975,
      0.061119356546739
    ],
    "twotailed": [
      0.060310378446941988,
      0.059501400347144975,
      0.061119356546739
    ],
    "split2tail": [
      0.035700345565267029,
      0.035023735439575147,
      0.036376955690958911
    ],
    "old": [
      0.012236792081980046,
      0.011751596671241555,
      0.012721987492718537
    ],
    "question11": [
      0.017651885942110049,
      0.017112545459466132,
      0.018191226424753966
    ],
    "question12": [
      0.012228054318293904,
      0.01174272174996481,
      0.012713386886622997
    ]
  },
  "NegSide": {
    "canonical": [
      0.026176200701615932,
      0.025916673751490159,
      0.026435727651741705
    ],
    "combined": [
      0.017149100925414652,
      0.016928658623138075,
      0.017369543227691228
    ],
    "twotailed": [
      0.017149100925414652,
      0.016928658623138075,
      0.017369543227691228
    ],
    "split2tail": [
      0.02049336675069988,
      0.020255975349172967,
      0.020730758152226792
    ],
    "old": [
      0.013895071526799739,
      0.013694548168217375,
      0.014095594885382104
    ],
    "question11": [
      0.01089691111449047,
      0.010710842294676136,
      0.011082979934304803
    ],
    "question12": [
      0.013848998807436843,
      0.013648991890763363,
      0.014049005724110322
    ]
  },
  "elapsed": 3.0544691666666668
}