{
  "scenario": 3,
  "fracPos": 0,
  "fracNeg": 0.25,
  "rho_sign": 0,
  "FDRmethod": "BH1995",
  "numTests": 2000,
  "numRealizations": 2000,
  "effectSize": 3,
  "CImethod": "Wald",
  "q": 0.05,
  "alpha": 0.05,
  "seed": "shuffle",
  "BothSides": {
    "canonical": [
      0.039625661712549956,
      0.039193842155398916,
      0.040057481269701
    ],
    "combined": [
      0.039138991572008335,
      0.0386735252118848,
      0.039604457932131867
    ],
    "twotailed": [
      0.039138991572008335,
      0.0386735252118848,
      0.039604457932131867
    ],
    "split2tail": [
      0.03203450962510581,
      0.031641637589608619,
      0.032427381660603
    ],
    "old": [
      0.02068097141524311,
      0.020347936481897085,
      0.021014006348589135
    ],
    "question11": [
      0.016834211746113222,
      0.016525350348868404,
      0.017143073143358039
    ],
    "question12": [
      0.020656227419201239,
      0.020323560217712092,
      0.020988894620690386
    ]
  },
  "PosSide": {
    "canonical": [
      0.0325,
      0.02472663856683701,
      0.040273361433162992
    ],
    "combined": [
      0.998,
      0.99604150727600849,
      0.99995849272399151
    ],
    "twotailed": [
      0.998,
      0.99604150727600849,
      0.99995849272399151
    ],
    "split2tail": [
      0.045,
      0.03591239092340405,
      0.054087609076595947
    ],
    "old": [
      0.0155,
      0.01008478875056738,
      0.02091521124943262
    ],
    "question11": [
      0.0205,
      0.014288151651290094,
      0.026711848348709908
    ],
    "question12": [
      0.0155,
      0.01008478875056738,
      0.02091521124943262
    ]
  },
  "NegSide": {
    "canonical": [
      0.03953929285954768,
      0.039108710533052676,
      0.039969875186042683
    ],
    "combined": [
      0.020951518223785569,
      0.0206161796509262,
      0.021286856796644937
    ],
    "twotailed": [
      0.020951518223785569,
      0.0206161796509262,
      0.021286856796644937
    ],
    "split2tail": [
      0.031902360700446469,
      0.031511411233632346,
      0.032293310167260593
    ],
    "old": [
      0.020631692338849022,
      0.020299370999456209,
      0.020964013678241834
    ],
    "question11": [
      0.016764335178831732,
      0.016456182458313658,
      0.017072487899349807
    ],
    "question12": [
      0.020606916772380281,
      0.020274974389525174,
      0.020938859155235388
    ]
  },
  "elapsed": 4.935638375
}