{
  "scenario": 4,
  "fracPos": 0.25,
  "fracNeg": 0.25,
  "rho_sign": 0,
  "FDRmethod": "BH1995",
  "numTests": 2000,
  "numRealizations": 2000,
  "effectSize": 3,
  "CImethod": "Wald",
  "q": 0.05,
  "alpha": 0.05,
  "seed": "shuffle",
  "BothSides": {
    "canonical": [
      0.025807075611881183,
      0.025559115429941177,
      0.02605503579382119
    ],
    "combined": [
      0.025757994793299703,
      0.025510774520460893,
      0.026005215066138513
    ],
    "twotailed": [
      0.025757994793299703,
      0.025510774520460893,
      0.026005215066138513
    ],
    "split2tail": [
      0.025781336622450305,
      0.025532730752459234,
      0.026029942492441376
    ],
    "reviewerA": [
      0.01347951960879943,
      0.01328128588649753,
      0.013677753331101329
    ],
    "reviewerB": [
      0.013481891876610967,
      0.013283776291158149,
      0.013680007462063786
    ]
  },
  "PosSide": {
    "canonical": [
      0.024890187294437663,
      0.024536788278486349,
      0.025243586310388977
    ],
    "combined": [
      0.024893879052071931,
      0.024546451480611409,
      0.025241306623532453
    ],
    "twotailed": [
      0.024893879052071931,
      0.024546451480611409,
      0.025241306623532453
    ],
    "split2tail": [
      0.024896374679718745,
      0.024543159736632427,
      0.025249589622805064
    ],
    "reviewerA": [
      0.012469776641463592,
      0.012196282508098632,
      0.012743270774828553
    ],
    "reviewerB": [
      0.012441025378379796,
      0.012167190704139415,
      0.012714860052620177
    ]
  },
  "NegSide": {
    "canonical": [
      0.026634786343668511,
      0.026283742794962529,
      0.026985829892374493
    ],
    "combined": [
      0.026567366444703585,
      0.026220646489615466,
      0.026914086399791703
    ],
    "twotailed": [
      0.026567366444703585,
      0.026220646489615466,
      0.026914086399791703
    ],
    "split2tail": [
      0.026579810893443894,
      0.026229259428203009,
      0.026930362358684779
    ],
    "reviewerA": [
      0.014448269027789193,
      0.014169441909893334,
      0.014727096145685051
    ],
    "reviewerB": [
      0.0144774064445793,
      0.014198186242933338,
      0.014756626646225263
    ]
  },
  "elapsed": 4.6108070833333334
}