{
  "scenario": 2,
  "fracPos": 0.25,
  "fracNeg": 0,
  "rho": 0,
  "FDRmethod": "BH1995",
  "numTests": 2000,
  "numRealizations": 2000,
  "effectSize": 3,
  "CImethod": "Wald",
  "q": 0.05,
  "alpha": 0.05,
  "seed": "shuffle",
  "BothSides": {
    "canonical": [
      0.77596899999999958,
      0.77483183769118469,
      0.77710616230881446
    ],
    "combined": [
      0.66705499999999929,
      0.665798080554308,
      0.66831191944569057
    ],
    "twotailed": [
      0.66705499999999929,
      0.665798080554308,
      0.66831191944569057
    ],
    "split2tail": [
      0.73555800000000016,
      0.734393644834946,
      0.73672235516505435
    ],
    "old": [
      0.6513449999999994,
      0.65014496104612429,
      0.6525450389538745
    ],
    "question11": [
      0.61145000000000027,
      0.610220817520172,
      0.61267918247982855
    ],
    "question12": [
      0.65095499999999962,
      0.64975652739440182,
      0.65215347260559742
    ]
  },
  "PosSide": {
    "canonical": [
      0.77690100907360771,
      0.775763388899089,
      0.77803862924812639
    ],
    "combined": [
      0.65522785976374076,
      0.65402483476089879,
      0.65643088476658273
    ],
    "twotailed": [
      0.65522785976374076,
      0.65402483476089879,
      0.65643088476658273
    ],
    "split2tail": [
      0.73641546390050261,
      0.7352501359775222,
      0.737580791823483
    ],
    "old": [
      0.77690100907360771,
      0.775763388899089,
      0.77803862924812639
    ],
    "question11": [
      0.61219448777802765,
      0.61096348330058448,
      0.61342549225547083
    ],
    "question12": [
      0.65176436333539167,
      0.65056517450475093,
      0.65296355216603241
    ]
  },
  "NegSide": {
    "canonical": [
      null,
      null,
      null
    ],
    "combined": [
      null,
      null,
      null
    ],
    "twotailed": [
      null,
      null,
      null
    ],
    "split2tail": [
      null,
      null,
      null
    ],
    "old": [
      null,
      null,
      null
    ],
    "question11": [
      null,
      null,
      null
    ],
    "question12": [
      null,
      null,
      null
    ]
  },
  "elapsed": 3.0794557083333332
}