{
  "scenario": 2,
  "fracPos": 0.25,
  "fracNeg": 0,
  "rho_sign": 0,
  "FDRmethod": "BH1995",
  "numTests": 2000,
  "numRealizations": 2000,
  "effectSize": 3,
  "CImethod": "Wald",
  "q": 0.05,
  "alpha": 0.05,
  "seed": "shuffle",
  "BothSides": {
    "canonical": [
      0.037628909362395574,
      0.037203985479700254,
      0.038053833245090894
    ],
    "combined": [
      0.037593332855072041,
      0.037140608999787904,
      0.038046056710356178
    ],
    "twotailed": [
      0.037593332855072041,
      0.037140608999787904,
      0.038046056710356178
    ],
    "split2tail": [
      0.030108732323883731,
      0.029717481229804873,
      0.030499983417962589
    ],
    "reviewerA": [
      0.015420949978330049,
      0.015112639093057035,
      0.015729260863603062
    ],
    "reviewerB": [
      0.019138000735642223,
      0.018807480343824651,
      0.019468521127459795
    ]
  },
  "PosSide": {
    "canonical": [
      0.037501004436873417,
      0.037077093400873409,
      0.037924915472873424
    ],
    "combined": [
      0.019205509178822928,
      0.018874735763811625,
      0.01953628259383423
    ],
    "twotailed": [
      0.019205509178822928,
      0.018874735763811625,
      0.01953628259383423
    ],
    "split2tail": [
      0.029933933097391729,
      0.029543779420265523,
      0.030324086774517936
    ],
    "reviewerA": [
      0.015313688351421917,
      0.015005559881648542,
      0.015621816821195291
    ],
    "reviewerB": [
      0.019063034959150037,
      0.018732750850948946,
      0.019393319067351127
    ]
  },
  "NegSide": {
    "canonical": [
      0.047,
      0.037722369470981711,
      0.05627763052901829
    ],
    "combined": [
      0.998,
      0.99604150727600849,
      0.99995849272399151
    ],
    "twotailed": [
      0.998,
      0.99604150727600849,
      0.99995849272399151
    ],
    "split2tail": [
      0.06,
      0.049589268497901885,
      0.070410731502098117
    ],
    "reviewerA": [
      0.032,
      0.024284672569904311,
      0.03971532743009569
    ],
    "reviewerB": [
      0.0245,
      0.017722986152937,
      0.031277013847063
    ]
  },
  "elapsed": 4.5046107916666669
}