{
  "scenario": 2,
  "fracPos": 0.25,
  "fracNeg": 0,
  "rho": 0,
  "FDRmethod": "BH1995",
  "numTests": 2000,
  "numRealizations": 2000,
  "effectSize": 3,
  "CImethod": "Wald",
  "q": 0.05,
  "alpha": 0.05,
  "seed": "shuffle",
  "BothSides": {
    "canonical": [
      0.037560236635714637,
      0.03713725257907436,
      0.037983220692354915
    ],
    "combined": [
      0.037681302351616444,
      0.037216948431351919,
      0.038145656271880969
    ],
    "twotailed": [
      0.037681302351616444,
      0.037216948431351919,
      0.038145656271880969
    ],
    "split2tail": [
      0.030210971094165952,
      0.02982350824323356,
      0.030598433945098345
    ],
    "old": [
      0.018818103614332688,
      0.018492457742855961,
      0.019143749485809415
    ],
    "question11": [
      0.015045678996746999,
      0.014737551052622973,
      0.015353806940871025
    ],
    "question12": [
      0.018783875332239637,
      0.018458887286194589,
      0.019108863378284685
    ]
  },
  "PosSide": {
    "canonical": [
      0.037452488769880346,
      0.037029123534114326,
      0.037875854005646366
    ],
    "combined": [
      0.019100123260082265,
      0.018771177512813406,
      0.019429069007351123
    ],
    "twotailed": [
      0.019100123260082265,
      0.018771177512813406,
      0.019429069007351123
    ],
    "split2tail": [
      0.030067766018342362,
      0.029680354466998855,
      0.030455177569685868
    ],
    "old": [
      0.018749997582250669,
      0.018424461130365541,
      0.019075534034135797
    ],
    "question11": [
      0.014950293766494337,
      0.014642805557937767,
      0.015257781975050906
    ],
    "question12": [
      0.018715709235246628,
      0.0183908501981167,
      0.019040568272376556
    ]
  },
  "NegSide": {
    "canonical": [
      0.04,
      0.031409720271712217,
      0.048590279728287784
    ],
    "combined": [
      0.996,
      0.99323304969726389,
      0.9987669503027361
    ],
    "twotailed": [
      0.996,
      0.99323304969726389,
      0.9987669503027361
    ],
    "split2tail": [
      0.0495,
      0.039991317331116515,
      0.05900868266888349
    ],
    "old": [
      0.0225,
      0.015998832792771037,
      0.029001167207228961
    ],
    "question11": [
      0.029,
      0.021643854548480251,
      0.036356145451519752
    ],
    "question12": [
      0.0225,
      0.015998832792771037,
      0.029001167207228961
    ]
  },
  "elapsed": 3.078669375
}