{
  "scenario": 13,
  "fracPos": 0,
  "fracNeg": 0.25,
  "rho_sign": -1,
  "FDRmethod": "BH1995",
  "numTests": 2000,
  "numRealizations": 2000,
  "effectSize": 3,
  "CImethod": "Wald",
  "q": 0.05,
  "alpha": 0.05,
  "seed": "shuffle",
  "BothSides": {
    "canonical": [
      0.039177496047143857,
      0.03876992038214877,
      0.039585071712138944
    ],
    "combined": [
      0.039302604743253741,
      0.038841321643556144,
      0.039763887842951338
    ],
    "twotailed": [
      0.039302604743253741,
      0.038841321643556144,
      0.039763887842951338
    ],
    "split2tail": [
      0.032035112842827347,
      0.0316490428879996,
      0.032421182797655095
    ],
    "reviewerA": [
      0.017333392775117168,
      0.017022464909900177,
      0.017644320640334159
    ],
    "reviewerB": [
      0.021132882089394948,
      0.020800218745231889,
      0.021465545433558008
    ]
  },
  "PosSide": {
    "canonical": [
      0.035,
      0.026943630570867461,
      0.043056369429132546
    ],
    "combined": [
      0.998,
      0.99604150727600849,
      0.99995849272399151
    ],
    "twotailed": [
      0.998,
      0.99604150727600849,
      0.99995849272399151
    ],
    "split2tail": [
      0.045,
      0.03591239092340405,
      0.054087609076595947
    ],
    "reviewerA": [
      0.0265,
      0.019459028136104027,
      0.033540971863895971
    ],
    "reviewerB": [
      0.0205,
      0.014288151651290083,
      0.026711848348709918
    ]
  },
  "NegSide": {
    "canonical": [
      0.039078860719302479,
      0.038672335077028712,
      0.039485386361576245
    ],
    "combined": [
      0.021171697319167373,
      0.020838365924324427,
      0.021505028714010319
    ],
    "twotailed": [
      0.021171697319167373,
      0.020838365924324427,
      0.021505028714010319
    ],
    "split2tail": [
      0.031902701936977494,
      0.031517316827499857,
      0.032288087046455131
    ],
    "reviewerA": [
      0.017241340822783606,
      0.016931697078619724,
      0.017550984566947488
    ],
    "reviewerB": [
      0.021064520806305435,
      0.020732902708164636,
      0.021396138904446235
    ]
  },
  "elapsed": 4.331266625
}