{
  "scenario": 14,
  "fracPos": 0.25,
  "fracNeg": 0.25,
  "rho_sign": -1,
  "FDRmethod": "BH1995",
  "numTests": 2000,
  "numRealizations": 2000,
  "effectSize": 3,
  "CImethod": "Wald",
  "q": 0.05,
  "alpha": 0.05,
  "seed": "shuffle",
  "BothSides": {
    "canonical": [
      0.025921237597636773,
      0.025663622821892839,
      0.026178852373380707
    ],
    "combined": [
      0.025906009315616693,
      0.025650171643462543,
      0.026161846987770843
    ],
    "twotailed": [
      0.025906009315616693,
      0.025650171643462543,
      0.026161846987770843
    ],
    "split2tail": [
      0.025927596651204764,
      0.0256712020414702,
      0.026183991260939329
    ],
    "reviewerA": [
      0.013586158034817554,
      0.013391696341329102,
      0.013780619728306007
    ],
    "reviewerB": [
      0.013589699429315342,
      0.013395200739287821,
      0.013784198119342863
    ]
  },
  "PosSide": {
    "canonical": [
      0.024965434748367394,
      0.024607645010227934,
      0.025323224486506854
    ],
    "combined": [
      0.024964688243127496,
      0.024611932313773597,
      0.025317444172481395
    ],
    "twotailed": [
      0.024964688243127496,
      0.024611932313773597,
      0.025317444172481395
    ],
    "split2tail": [
      0.024957554495326269,
      0.024600475812044789,
      0.02531463317860775
    ],
    "reviewerA": [
      0.012619289222250082,
      0.012344038972454681,
      0.012894539472045483
    ],
    "reviewerB": [
      0.012629177639726454,
      0.012354367201240012,
      0.012903988078212896
    ]
  },
  "NegSide": {
    "canonical": [
      0.026832647977074166,
      0.026482139956205398,
      0.027183155997942934
    ],
    "combined": [
      0.026823515154559857,
      0.026474742384737973,
      0.027172287924381741
    ],
    "twotailed": [
      0.026823515154559857,
      0.026474742384737973,
      0.027172287924381741
    ],
    "split2tail": [
      0.026844864403811671,
      0.026494927310289785,
      0.027194801497333557
    ],
    "reviewerA": [
      0.014531013973601067,
      0.014257638656594594,
      0.014804389290607539
    ],
    "reviewerB": [
      0.014531649908010742,
      0.014257763246225671,
      0.014805536569795812
    ]
  },
  "elapsed": 4.2171034166666663
}