{
  "scenario": 15,
  "fracPos": 0.1,
  "fracNeg": 0.4,
  "rho_sign": -1,
  "FDRmethod": "BH1995",
  "numTests": 2000,
  "numRealizations": 2000,
  "effectSize": 3,
  "CImethod": "Wald",
  "q": 0.05,
  "alpha": 0.05,
  "seed": "shuffle",
  "BothSides": {
    "canonical": [
      0.025941249058336526,
      0.025692799751019194,
      0.026189698365653859
    ],
    "combined": [
      0.025925073787683651,
      0.025676550441559372,
      0.02617359713380793
    ],
    "twotailed": [
      0.025925073787683651,
      0.025676550441559372,
      0.02617359713380793
    ],
    "split2tail": [
      0.02318212926202623,
      0.022945444131527541,
      0.023418814392524918
    ],
    "reviewerA": [
      0.012131196576010183,
      0.011945074188580204,
      0.012317318963440162
    ],
    "reviewerB": [
      0.013633414055249978,
      0.013441131803737771,
      0.013825696306762185
    ]
  },
  "PosSide": {
    "canonical": [
      0.024570804490539614,
      0.023964642999599512,
      0.025176965981479716
    ],
    "combined": [
      0.060031475637038083,
      0.059225807027840652,
      0.060837144246235514
    ],
    "twotailed": [
      0.060031475637038083,
      0.059225807027840652,
      0.060837144246235514
    ],
    "split2tail": [
      0.035604792474650017,
      0.034912843740969132,
      0.0362967412083309
    ],
    "reviewerA": [
      0.017664010312593,
      0.017118252964218171,
      0.018209767660967831
    ],
    "reviewerB": [
      0.012505218173107987,
      0.012024218512629786,
      0.012986217833586187
    ]
  },
  "NegSide": {
    "canonical": [
      0.026158482603335215,
      0.025891840589868934,
      0.026425124616801497
    ],
    "combined": [
      0.016956091069065118,
      0.016732583399706149,
      0.017179598738424087
    ],
    "twotailed": [
      0.016956091069065118,
      0.016732583399706149,
      0.017179598738424087
    ],
    "split2tail": [
      0.020421980173964124,
      0.020183262818533512,
      0.020660697529394735
    ],
    "reviewerA": [
      0.010955226652215936,
      0.010764104515103855,
      0.011146348789328017
    ],
    "reviewerB": [
      0.013813521121888894,
      0.013605377337002126,
      0.014021664906775661
    ]
  },
  "elapsed": 4.1753250833333331
}