{
  "scenario": 11,
  "effectSize": 3,
  "fracPos": 0,
  "fracNeg": 0,
  "rho_sign": -1,
  "FDRmethod": "BH1995",
  "numTests": 2000,
  "numRealizations": 2000,
  "CImethod": "Wald",
  "q": 0.05,
  "alpha": 0.05,
  "seed": "shuffle",
  "BothSides": {
    "canonical": [
      0.0975,
      0.084496280073852459,
      0.11050371992614755
    ],
    "combined": [
      0.045,
      0.035912390923404043,
      0.054087609076595954
    ],
    "twotailed": [
      0.045,
      0.035912390923404043,
      0.054087609076595954
    ],
    "split2tail": [
      0.098,
      0.084966591703512423,
      0.11103340829648758
    ],
    "reviewerA": [
      0.0455,
      0.036364436121798176,
      0.054635563878201822
    ],
    "reviewerB": [
      0.045,
      0.035912390923404043,
      0.054087609076595954
    ]
  },
  "PosSide": {
    "canonical": [
      0.0535,
      0.043635413301401388,
      0.06336458669859861
    ],
    "combined": [
      0.0265,
      0.019459028136104027,
      0.033540971863895971
    ],
    "twotailed": [
      0.0265,
      0.019459028136104027,
      0.033540971863895971
    ],
    "split2tail": [
      0.0535,
      0.043635413301401388,
      0.06336458669859861
    ],
    "reviewerA": [
      0.0265,
      0.019459028136104027,
      0.033540971863895971
    ],
    "reviewerB": [
      0.026,
      0.01902397792222215,
      0.032976022077777847
    ]
  },
  "NegSide": {
    "canonical": [
      0.0455,
      0.036364436121798176,
      0.054635563878201822
    ],
    "combined": [
      0.02,
      0.01386280772606022,
      0.026137192273939781
    ],
    "twotailed": [
      0.02,
      0.01386280772606022,
      0.026137192273939781
    ],
    "split2tail": [
      0.046,
      0.036816784050712065,
      0.055183215949287934
    ],
    "reviewerA": [
      0.0195,
      0.013438462467152893,
      0.025561537532847109
    ],
    "reviewerB": [
      0.0195,
      0.013438462467152893,
      0.025561537532847109
    ]
  },
  "elapsed": 4.267958375
}