{
  "scenario": 12,
  "fracPos": 0.25,
  "fracNeg": 0,
  "rho_sign": -1,
  "FDRmethod": "BH1995",
  "numTests": 2000,
  "numRealizations": 2000,
  "effectSize": 3,
  "CImethod": "Wald",
  "q": 0.05,
  "alpha": 0.05,
  "seed": "shuffle",
  "BothSides": {
    "canonical": [
      0.037193231243420291,
      0.036779102180954662,
      0.03760736030588592
    ],
    "combined": [
      0.037366161751958359,
      0.036917606350906393,
      0.037814717153010324
    ],
    "twotailed": [
      0.037366161751958359,
      0.036917606350906393,
      0.037814717153010324
    ],
    "split2tail": [
      0.029898477228567144,
      0.029515709363158529,
      0.03028124509397576
    ],
    "reviewerA": [
      0.015119414478104019,
      0.014813239428080119,
      0.01542558952812792
    ],
    "reviewerB": [
      0.01880811673358071,
      0.018481532272433227,
      0.019134701194728192
    ]
  },
  "PosSide": {
    "canonical": [
      0.037086690437612438,
      0.0366733340734394,
      0.037500046801785474
    ],
    "combined": [
      0.018809427445412225,
      0.018483387651205753,
      0.019135467239618696
    ],
    "twotailed": [
      0.018809427445412225,
      0.018483387651205753,
      0.019135467239618696
    ],
    "split2tail": [
      0.029743642294818955,
      0.029361778965208744,
      0.030125505624429165
    ],
    "reviewerA": [
      0.015012196663555149,
      0.014706856330473314,
      0.015317536996636983
    ],
    "reviewerB": [
      0.018727095466351408,
      0.018401190428996624,
      0.019053000503706192
    ]
  },
  "NegSide": {
    "canonical": [
      0.0395,
      0.0309613556187091,
      0.0480386443812909
    ],
    "combined": [
      0.999,
      0.9976144428682947,
      1.0003855571317053
    ],
    "twotailed": [
      0.999,
      0.9976144428682947,
      1.0003855571317053
    ],
    "split2tail": [
      0.0515,
      0.041811334190051251,
      0.061188665809948743
    ],
    "reviewerA": [
      0.031,
      0.023402259968634896,
      0.0385977400313651
    ],
    "reviewerB": [
      0.0255,
      0.018589607650358449,
      0.032410392349641548
    ]
  },
  "elapsed": 4.2390495416666667
}