{
  "scenario": 9,
  "fracPos": 0.25,
  "fracNeg": 0.25,
  "rho_sign": 1,
  "FDRmethod": "BH1995",
  "numTests": 2000,
  "numRealizations": 2000,
  "effectSize": 3,
  "CImethod": "Wald",
  "q": 0.05,
  "alpha": 0.05,
  "seed": "shuffle",
  "BothSides": {
    "canonical": [
      0.026121153189402824,
      0.025878868886352442,
      0.026363437492453207
    ],
    "combined": [
      0.026062877972943606,
      0.025821194424888852,
      0.02630456152099836
    ],
    "twotailed": [
      0.026062877972943606,
      0.025821194424888852,
      0.02630456152099836
    ],
    "split2tail": [
      0.02607873854021571,
      0.025836356811015683,
      0.026321120269415736
    ],
    "old": [
      0.013685881213834581,
      0.013489602853132141,
      0.01388215957453702
    ],
    "question11": [
      0.013658100170279575,
      0.013462110838498038,
      0.013854089502061111
    ],
    "question12": [
      0.013661271405350787,
      0.013465450953920797,
      0.013857091856780777
    ]
  },
  "PosSide": {
    "canonical": [
      0.025009467007861146,
      0.02466265858100232,
      0.025356275434719973
    ],
    "combined": [
      0.025004465988418219,
      0.024663176879783855,
      0.025345755097052582
    ],
    "twotailed": [
      0.025004465988418219,
      0.024663176879783855,
      0.025345755097052582
    ],
    "split2tail": [
      0.02500717325468858,
      0.024663615979245428,
      0.025350730530131732
    ],
    "old": [
      0.012603717951579713,
      0.012333514608122549,
      0.012873921295036877
    ],
    "question11": [
      0.012595865819731546,
      0.012325674848225297,
      0.012866056791237795
    ],
    "question12": [
      0.012580854925961456,
      0.012311081528383915,
      0.012850628323538997
    ]
  },
  "NegSide": {
    "canonical": [
      0.027118890647299835,
      0.026761366676812778,
      0.027476414617786892
    ],
    "combined": [
      0.027050309895661907,
      0.026698649697940637,
      0.027401970093383177
    ],
    "twotailed": [
      0.027050309895661907,
      0.026698649697940637,
      0.027401970093383177
    ],
    "split2tail": [
      0.027049762971972667,
      0.0266946489698574,
      0.027404876974087933
    ],
    "old": [
      0.014692547135277732,
      0.014404924592668051,
      0.014980169677887413
    ],
    "question11": [
      0.014654059350411216,
      0.014368120173666272,
      0.01493999852715616
    ],
    "question12": [
      0.014665945108508249,
      0.014378658462489867,
      0.014953231754526631
    ]
  },
  "elapsed": 5.0144389166666663
}