{
  "scenario": 6,
  "effectSize": 3,
  "fracPos": 0,
  "fracNeg": 0,
  "rho": 0.25,
  "FDRmethod": "BH1995",
  "numTests": 2000,
  "numRealizations": 2000,
  "CImethod": "Wald",
  "q": 0.05,
  "alpha": 0.05,
  "seed": "shuffle",
  "BothSides": {
    "canonical": [
      0.0785,
      0.066709718015332625,
      0.090290281984667375
    ],
    "combined": [
      0.0445,
      0.035460653273591908,
      0.053539346726408088
    ],
    "twotailed": [
      0.0445,
      0.035460653273591908,
      0.053539346726408088
    ],
    "split2tail": [
      0.055,
      0.04500600925414161,
      0.06499399074585839
    ],
    "old": [
      0.0445,
      0.035460653273591908,
      0.053539346726408088
    ],
    "question11": [
      0.031,
      0.023402259968634896,
      0.0385977400313651
    ],
    "question12": [
      0.0445,
      0.035460653273591908,
      0.053539346726408088
    ]
  },
  "PosSide": {
    "canonical": [
      0.039,
      0.030513361732408976,
      0.047486638267591023
    ],
    "combined": [
      0.0225,
      0.015998832792771037,
      0.029001167207228961
    ],
    "twotailed": [
      0.0225,
      0.015998832792771037,
      0.029001167207228961
    ],
    "split2tail": [
      0.0275,
      0.020331094660280807,
      0.0346689053397192
    ],
    "old": [
      0.0225,
      0.015998832792771037,
      0.029001167207228961
    ],
    "question11": [
      0.017,
      0.011333134388461322,
      0.022666865611538682
    ],
    "question12": [
      0.0225,
      0.015998832792771037,
      0.029001167207228961
    ]
  },
  "NegSide": {
    "canonical": [
      0.0395,
      0.0309613556187091,
      0.0480386443812909
    ],
    "combined": [
      0.022,
      0.015569829898300046,
      0.028430170101699952
    ],
    "twotailed": [
      0.022,
      0.015569829898300046,
      0.028430170101699952
    ],
    "split2tail": [
      0.0275,
      0.02033109466028081,
      0.03466890533971919
    ],
    "old": [
      0.022,
      0.015569829898300046,
      0.028430170101699952
    ],
    "question11": [
      0.014,
      0.0088495619325562012,
      0.0191504380674438
    ],
    "question12": [
      0.022,
      0.015569829898300046,
      0.028430170101699952
    ]
  },
  "elapsed": 3.1159353333333333
}