{
  "scenario": 10,
  "fracPos": 0.1,
  "fracNeg": 0.4,
  "rho_sign": 1,
  "FDRmethod": "BH1995",
  "numTests": 2000,
  "numRealizations": 2000,
  "effectSize": 3,
  "CImethod": "Wald",
  "q": 0.05,
  "alpha": 0.05,
  "seed": "shuffle",
  "BothSides": {
    "canonical": [
      0.025923904910004118,
      0.025673685913124574,
      0.026174123906883662
    ],
    "combined": [
      0.026012687873749853,
      0.025753134146717843,
      0.026272241600781863
    ],
    "twotailed": [
      0.026011406138275097,
      0.025751847235530062,
      0.026270965041020132
    ],
    "split2tail": [
      0.023162143112696387,
      0.022921102627589576,
      0.023403183597803197
    ],
    "old": [
      0.013567010601899923,
      0.013374115893293032,
      0.013759905310506814
    ],
    "question11": [
      0.012049017735241125,
      0.011865491417091856,
      0.012232544053390394
    ],
    "question12": [
      0.013534906119356998,
      0.01334210195381998,
      0.013727710284894015
    ]
  },
  "PosSide": {
    "canonical": [
      0.025209060591485789,
      0.024583659861067222,
      0.025834461321904357
    ],
    "combined": [
      0.060421285098783917,
      0.059595257412756009,
      0.061247312784811825
    ],
    "twotailed": [
      0.060421285098783917,
      0.059595257412756009,
      0.061247312784811825
    ],
    "split2tail": [
      0.035939922219747844,
      0.035247180068989262,
      0.036632664370506426
    ],
    "old": [
      0.012775346225721247,
      0.012289078918806443,
      0.013261613532636052
    ],
    "question11": [
      0.018007788751786446,
      0.017466067698162245,
      0.018549509805410647
    ],
    "question12": [
      0.012758714434161877,
      0.012272647801060953,
      0.013244781067262802
    ]
  },
  "NegSide": {
    "canonical": [
      0.025991651011398196,
      0.025713892249368171,
      0.026269409773428221
    ],
    "combined": [
      0.016929890907204124,
      0.016698288452332614,
      0.017161493362075633
    ],
    "twotailed": [
      0.016929890907204124,
      0.016698288452332614,
      0.017161493362075633
    ],
    "split2tail": [
      0.020306429408575941,
      0.02005873599215189,
      0.020554122824999993
    ],
    "old": [
      0.013667145315238294,
      0.013456057265852587,
      0.013878233364624001
    ],
    "question11": [
      0.010766665566042154,
      0.010574147312689155,
      0.010959183819395153
    ],
    "question12": [
      0.013632467474981622,
      0.013421583924330984,
      0.01384335102563226
    ]
  },
  "elapsed": 4.502636083333333
}