{
  "scenario": 8,
  "fracPos": 0,
  "fracNeg": 0.25,
  "rho_sign": 1,
  "FDRmethod": "BH1995",
  "numTests": 2000,
  "numRealizations": 2000,
  "effectSize": 3,
  "CImethod": "Wald",
  "q": 0.05,
  "alpha": 0.05,
  "seed": "shuffle",
  "BothSides": {
    "canonical": [
      0.039502319485251187,
      0.039063333208771235,
      0.03994130576173114
    ],
    "combined": [
      0.039438005488029136,
      0.038977789760730332,
      0.039898221215327941
    ],
    "twotailed": [
      0.039438005488029136,
      0.038977789760730332,
      0.039898221215327941
    ],
    "split2tail": [
      0.032098781161304081,
      0.031697860043341582,
      0.03249970227926658
    ],
    "old": [
      0.020880178504895111,
      0.020539330171622152,
      0.02122102683816807
    ],
    "question11": [
      0.017208345916884624,
      0.0168896284537949,
      0.017527063379974346
    ],
    "question12": [
      0.020845357045953937,
      0.020504430302869161,
      0.021186283789038713
    ]
  },
  "PosSide": {
    "canonical": [
      0.0435,
      0.034558120570750715,
      0.052441879429249279
    ],
    "combined": [
      0.998,
      0.99604150727600849,
      0.99995849272399151
    ],
    "twotailed": [
      0.998,
      0.99604150727600849,
      0.99995849272399151
    ],
    "split2tail": [
      0.057,
      0.04683669478358414,
      0.067163305216415864
    ],
    "old": [
      0.02,
      0.013862807726060217,
      0.026137192273939784
    ],
    "question11": [
      0.028,
      0.020768076190044449,
      0.035231923809955552
    ],
    "question12": [
      0.02,
      0.013862807726060217,
      0.026137192273939784
    ]
  },
  "NegSide": {
    "canonical": [
      0.03938746214572076,
      0.038949038928424114,
      0.039825885363017406
    ],
    "combined": [
      0.021118538423522917,
      0.020776445040850005,
      0.02146063180619583
    ],
    "twotailed": [
      0.021118538423522917,
      0.020776445040850005,
      0.02146063180619583
    ],
    "split2tail": [
      0.031934622366161743,
      0.031534925721122688,
      0.0323343190112008
    ],
    "old": [
      0.020818652700890328,
      0.020478321266943631,
      0.021158984134837026
    ],
    "question11": [
      0.017117115912317141,
      0.016799794272669217,
      0.017434437551965064
    ],
    "question12": [
      0.02078381835200006,
      0.020443421666144046,
      0.021124215037856074
    ]
  },
  "elapsed": 4.9706184166666665
}