{
  "scenario": 10,
  "fracPos": 0.1,
  "fracNeg": 0.4,
  "rho_sign": 1,
  "FDRmethod": "BH1995",
  "numTests": 2000,
  "numRealizations": 2000,
  "effectSize": 3,
  "CImethod": "Wald",
  "q": 0.05,
  "alpha": 0.05,
  "seed": "shuffle",
  "BothSides": {
    "canonical": [
      0.026224099795773788,
      0.025973750940068634,
      0.026474448651478941
    ],
    "combined": [
      0.026307360949492868,
      0.026056001236482353,
      0.026558720662503383
    ],
    "twotailed": [
      0.026307360949492868,
      0.026056001236482353,
      0.026558720662503383
    ],
    "split2tail": [
      0.023401137312280763,
      0.023170497179344347,
      0.023631777445217179
    ],
    "reviewerA": [
      0.012421994076590092,
      0.012234207907347694,
      0.012609780245832491
    ],
    "reviewerB": [
      0.013889968225959774,
      0.013698287848009782,
      0.014081648603909766
    ]
  },
  "PosSide": {
    "canonical": [
      0.025172803489646133,
      0.0245394114205648,
      0.025806195558727468
    ],
    "combined": [
      0.06096091600704024,
      0.060119944540930531,
      0.06180188747314995
    ],
    "twotailed": [
      0.06096091600704024,
      0.060119944540930531,
      0.06180188747314995
    ],
    "split2tail": [
      0.035982784012775944,
      0.035272114531159596,
      0.036693453494392292
    ],
    "reviewerA": [
      0.018345394200339919,
      0.017779135786093896,
      0.018911652614585942
    ],
    "reviewerB": [
      0.012597722689797327,
      0.012101757161967356,
      0.013093688217627299
    ]
  },
  "NegSide": {
    "canonical": [
      0.026354046685505252,
      0.026076734290171068,
      0.026631359080839436
    ],
    "combined": [
      0.0171466673715548,
      0.016922136720042162,
      0.017371198023067441
    ],
    "twotailed": [
      0.0171466673715548,
      0.016922136720042162,
      0.017371198023067441
    ],
    "split2tail": [
      0.020580795772726097,
      0.020337664248173622,
      0.020823927297278572
    ],
    "reviewerA": [
      0.01114341760457712,
      0.010948946609447266,
      0.011337888599706974
    ],
    "reviewerB": [
      0.014069937783126455,
      0.013861723024555623,
      0.014278152541697288
    ]
  },
  "elapsed": 5.113374958333333
}