{
  "scenario": 9,
  "fracPos": 0.25,
  "fracNeg": 0.25,
  "rho": 0.25,
  "FDRmethod": "BH1995",
  "numTests": 2000,
  "numRealizations": 2000,
  "effectSize": 3,
  "CImethod": "Wald",
  "q": 0.05,
  "alpha": 0.05,
  "seed": "shuffle",
  "BothSides": {
    "canonical": [
      0.036828248124365845,
      0.034660426605646152,
      0.038996069643085537
    ],
    "combined": [
      0.026521008885458896,
      0.025181785301537644,
      0.027860232469380148
    ],
    "twotailed": [
      0.026521008885458896,
      0.025181785301537644,
      0.027860232469380148
    ],
    "split2tail": [
      0.028766924982748396,
      0.027152911500509802,
      0.03038093846498699
    ],
    "old": [
      0.020887564177877502,
      0.019442778721824844,
      0.02233234963393016
    ],
    "question11": [
      0.016067450399596925,
      0.014986738118023799,
      0.017148162681170052
    ],
    "question12": [
      0.020834284863639495,
      0.019393820406058745,
      0.022274749321220245
    ]
  },
  "PosSide": {
    "canonical": [
      0.023869087051787259,
      0.022041193997641359,
      0.025696980105933159
    ],
    "combined": [
      0.01909515362684085,
      0.017761715930337083,
      0.020428591323344618
    ],
    "twotailed": [
      0.01909515362684085,
      0.017761715930337083,
      0.020428591323344618
    ],
    "split2tail": [
      0.019912770451113337,
      0.018461907189814344,
      0.02136363371241233
    ],
    "old": [
      0.011981440985525839,
      0.010836589136327309,
      0.013126292834724369
    ],
    "question11": [
      0.0096391441866667139,
      0.0087553756238335813,
      0.010522912749499846
    ],
    "question12": [
      0.011954877071879035,
      0.010812647656261892,
      0.013097106487496178
    ]
  },
  "NegSide": {
    "canonical": [
      0.0269783608335164,
      0.025072922240321746,
      0.028883799426711057
    ],
    "combined": [
      0.021838072344543213,
      0.020485805621626944,
      0.023190339067459483
    ],
    "twotailed": [
      0.021838072344543213,
      0.020485805621626944,
      0.023190339067459483
    ],
    "split2tail": [
      0.022722815077134445,
      0.0212421458353918,
      0.024203484318877089
    ],
    "old": [
      0.014648427649342091,
      0.013493094095785772,
      0.015803761202898409
    ],
    "question11": [
      0.012167852258674361,
      0.011283967300792381,
      0.013051737216556341
    ],
    "question12": [
      0.014610413481946341,
      0.013459149087008291,
      0.015761677876884393
    ]
  },
  "elapsed": 2.9668745416666669
}