{
  "scenario": 10,
  "fracPos": 0.1,
  "fracNeg": 0.4,
  "rho": 0.25,
  "FDRmethod": "BH1995",
  "numTests": 2000,
  "numRealizations": 2000,
  "effectSize": 3,
  "CImethod": "Wald",
  "q": 0.05,
  "alpha": 0.05,
  "seed": "shuffle",
  "BothSides": {
    "canonical": [
      0.77298200000000028,
      0.76789571310535565,
      0.77806828689464491
    ],
    "combined": [
      0.75706100000000009,
      0.75154311426270926,
      0.76257888573729093
    ],
    "twotailed": [
      0.75706100000000009,
      0.75154311426270926,
      0.76257888573729093
    ],
    "split2tail": [
      0.76220300000000019,
      0.75726550954440908,
      0.7671404904555913
    ],
    "old": [
      0.657415,
      0.65136321712721734,
      0.6634667828727826
    ],
    "question11": [
      0.641463,
      0.63560608313369527,
      0.64731991686630475
    ],
    "question12": [
      0.65694900000000023,
      0.65089891674718914,
      0.66299908325281132
    ]
  },
  "PosSide": {
    "canonical": [
      0.60905059981465437,
      0.5965679583654413,
      0.62153324126386744
    ],
    "combined": [
      0.78828220865497578,
      0.78018712590540884,
      0.79637729140454272
    ],
    "twotailed": [
      0.78828220865497578,
      0.78018712590540884,
      0.79637729140454272
    ],
    "split2tail": [
      0.68847364367004538,
      0.67859431696462214,
      0.69835297037546862
    ],
    "old": [
      0.60905059981465437,
      0.5965679583654413,
      0.62153324126386744
    ],
    "question11": [
      0.55263612991193234,
      0.54237593711695886,
      0.56289632270690582
    ],
    "question12": [
      0.48457639488631948,
      0.47250507632989713,
      0.49664771344274183
    ]
  },
  "NegSide": {
    "canonical": [
      0.81454334811985563,
      0.80535231416651132,
      0.82373438207319993
    ],
    "combined": [
      0.74990467962986129,
      0.7411431565676676,
      0.758666202692055
    ],
    "twotailed": [
      0.74990467962986129,
      0.7411431565676676,
      0.758666202692055
    ],
    "split2tail": [
      0.78125884291349823,
      0.772834886383169,
      0.78968279944382747
    ],
    "old": [
      0.70097646252341972,
      0.69058135459485226,
      0.71137157045198718
    ],
    "question11": [
      0.66407322756185672,
      0.6543611735540491,
      0.67378528156966433
    ],
    "question12": [
      0.7004235899784802,
      0.69003126386052471,
      0.71081591609643568
    ]
  },
  "elapsed": 2.9718513333333334
}