{
  "scenario": 8,
  "fracPos": 0,
  "fracNeg": 0.25,
  "rho": 0.25,
  "FDRmethod": "BH1995",
  "numTests": 2000,
  "numRealizations": 2000,
  "effectSize": 3,
  "CImethod": "Wald",
  "q": 0.05,
  "alpha": 0.05,
  "seed": "shuffle",
  "BothSides": {
    "canonical": [
      0.7735059999999998,
      0.76156092980444734,
      0.78545107019555227
    ],
    "combined": [
      0.65162000000000042,
      0.63995692227418643,
      0.66328307772581441
    ],
    "twotailed": [
      0.65162000000000042,
      0.63995692227418643,
      0.66328307772581441
    ],
    "split2tail": [
      0.739635,
      0.7299416295403095,
      0.74932837045969058
    ],
    "old": [
      0.64422000000000035,
      0.63220939766370243,
      0.65623060233629826
    ],
    "question11": [
      0.6109690000000001,
      0.60063666231898072,
      0.62130133768101947
    ],
    "question12": [
      0.64388200000000029,
      0.63187823106779684,
      0.65588576893220374
    ]
  },
  "PosSide": {
    "canonical": [
      null,
      null,
      null
    ],
    "combined": [
      null,
      null,
      null
    ],
    "twotailed": [
      null,
      null,
      null
    ],
    "split2tail": [
      null,
      null,
      null
    ],
    "old": [
      null,
      null,
      null
    ],
    "question11": [
      null,
      null,
      null
    ],
    "question12": [
      null,
      null,
      null
    ]
  },
  "NegSide": {
    "canonical": [
      0.77313901478283242,
      0.76113962686847514,
      0.78513840269718971
    ],
    "combined": [
      0.64690717760350636,
      0.635062874515698,
      0.65875148069131473
    ],
    "twotailed": [
      0.64690717760350636,
      0.635062874515698,
      0.65875148069131473
    ],
    "split2tail": [
      0.73980406879579019,
      0.73010194428913222,
      0.74950619330244816
    ],
    "old": [
      0.64432064247097376,
      0.63230571914846856,
      0.656335565793479
    ],
    "question11": [
      0.61118400433247511,
      0.60085755773441618,
      0.621510450930534
    ],
    "question12": [
      0.64398249183907774,
      0.631974399672193,
      0.65599058400596244
    ]
  },
  "elapsed": 3.0118091666666666
}