{
  "scenario": 7,
  "fracPos": 0.25,
  "fracNeg": 0,
  "rho_sign": 1,
  "FDRmethod": "BH1995",
  "numTests": 2000,
  "numRealizations": 2000,
  "effectSize": 3,
  "CImethod": "Wald",
  "q": 0.05,
  "alpha": 0.05,
  "seed": "shuffle",
  "BothSides": {
    "canonical": [
      0.037461637702115656,
      0.03702187716635319,
      0.037901398237878123
    ],
    "combined": [
      0.037043724931342489,
      0.0365783696168271,
      0.037509080245857876
    ],
    "twotailed": [
      0.037043724931342489,
      0.0365783696168271,
      0.037509080245857876
    ],
    "split2tail": [
      0.030071453156639963,
      0.02966855380310392,
      0.030474352510176005
    ],
    "reviewerA": [
      0.015152953824404307,
      0.014846139178291194,
      0.015459768470517421
    ],
    "reviewerB": [
      0.01879974130730996,
      0.018463934006404361,
      0.01913554860821556
    ]
  },
  "PosSide": {
    "canonical": [
      0.037355860303020121,
      0.036916905239339409,
      0.037794815366700832
    ],
    "combined": [
      0.018830057407424543,
      0.018493688276937464,
      0.019166426537911622
    ],
    "twotailed": [
      0.018830057407424543,
      0.018493688276937464,
      0.019166426537911622
    ],
    "split2tail": [
      0.029912938430617781,
      0.029510876971484596,
      0.030314999889750966
    ],
    "reviewerA": [
      0.015067598439036456,
      0.014761787648708176,
      0.015373409229364737
    ],
    "reviewerB": [
      0.018742587532515405,
      0.018407391712244914,
      0.019077783352785895
    ]
  },
  "NegSide": {
    "canonical": [
      0.0405,
      0.031858449045154752,
      0.049141550954845251
    ],
    "combined": [
      0.996,
      0.99323304969726389,
      0.9987669503027361
    ],
    "twotailed": [
      0.996,
      0.99323304969726389,
      0.9987669503027361
    ],
    "split2tail": [
      0.0565,
      0.046378686660502627,
      0.066621313339497376
    ],
    "reviewerA": [
      0.0255,
      0.018589607650358442,
      0.032410392349641555
    ],
    "reviewerB": [
      0.0185,
      0.012592921937510253,
      0.024407078062489745
    ]
  },
  "elapsed": 5.0670505833333337
}