{
  "scenario": 6,
  "effectSize": 3,
  "fracPos": 0,
  "fracNeg": 0,
  "rho_sign": 1,
  "FDRmethod": "BH1995",
  "numTests": 2000,
  "numRealizations": 2000,
  "CImethod": "Wald",
  "q": 0.05,
  "alpha": 0.05,
  "seed": "shuffle",
  "BothSides": {
    "canonical": [
      0.0965,
      0.083555972436224729,
      0.10944402756377528
    ],
    "combined": [
      0.054,
      0.0440920423390754,
      0.0639079576609246
    ],
    "twotailed": [
      0.054,
      0.0440920423390754,
      0.0639079576609246
    ],
    "split2tail": [
      0.0965,
      0.083555972436224729,
      0.10944402756377528
    ],
    "reviewerA": [
      0.0545,
      0.044548908680850464,
      0.064451091319149542
    ],
    "reviewerB": [
      0.0535,
      0.043635413301401388,
      0.06336458669859861
    ]
  },
  "PosSide": {
    "canonical": [
      0.0495,
      0.039991317331116515,
      0.05900868266888349
    ],
    "combined": [
      0.0245,
      0.017722986152936996,
      0.031277013847063009
    ],
    "twotailed": [
      0.0245,
      0.017722986152936996,
      0.031277013847063009
    ],
    "split2tail": [
      0.0485,
      0.03908290482754434,
      0.057917095172455663
    ],
    "reviewerA": [
      0.0245,
      0.017722986152936996,
      0.031277013847063009
    ],
    "reviewerB": [
      0.0235,
      0.016859332295614246,
      0.030140667704385754
    ]
  },
  "NegSide": {
    "canonical": [
      0.049,
      0.039536974890931026,
      0.058463025109068978
    ],
    "combined": [
      0.0315,
      0.023843209164965982,
      0.039156790835034018
    ],
    "twotailed": [
      0.0315,
      0.023843209164965982,
      0.039156790835034018
    ],
    "split2tail": [
      0.0495,
      0.039991317331116528,
      0.059008682668883476
    ],
    "reviewerA": [
      0.0305,
      0.022961837065184541,
      0.038038162934815462
    ],
    "reviewerB": [
      0.0305,
      0.022961837065184541,
      0.038038162934815462
    ]
  },
  "elapsed": 5.1358642083333335
}