{
  "scenario": 10,
  "fracPos": 0.1,
  "fracNeg": 0.4,
  "rho": 0.25,
  "FDRmethod": "BH1995",
  "numTests": 2000,
  "numRealizations": 2000,
  "effectSize": 3,
  "CImethod": "Wald",
  "q": 0.05,
  "alpha": 0.05,
  "seed": "shuffle",
  "BothSides": {
    "canonical": [
      0.032094916549281351,
      0.030202526758436522,
      0.033987306340126179
    ],
    "combined": [
      0.02519179901914809,
      0.023967655183944395,
      0.026415942854351785
    ],
    "twotailed": [
      0.02519179901914809,
      0.023967655183944395,
      0.026415942854351785
    ],
    "split2tail": [
      0.024379423657910175,
      0.0229003995666662,
      0.025858447749154152
    ],
    "old": [
      0.018098311490415714,
      0.016810860372534875,
      0.019385762608296553
    ],
    "question11": [
      0.01394173057516496,
      0.012892225842817582,
      0.014991235307512339
    ],
    "question12": [
      0.018042372596166149,
      0.016756863734830523,
      0.019327881457501774
    ]
  },
  "PosSide": {
    "canonical": [
      0.023209550729778917,
      0.021077388471887025,
      0.025341712987670809
    ],
    "combined": [
      0.037125474498912833,
      0.035134349599531656,
      0.039116599398294011
    ],
    "twotailed": [
      0.037125474498912833,
      0.035134349599531656,
      0.039116599398294011
    ],
    "split2tail": [
      0.025547194884927196,
      0.023570589303685947,
      0.027523800466168445
    ],
    "old": [
      0.011528359252683274,
      0.010245543251585592,
      0.012811175253780956
    ],
    "question11": [
      0.012247178387492204,
      0.011054338094988082,
      0.013440018679996326
    ],
    "question12": [
      0.011516165495091258,
      0.010233942420683916,
      0.0127983885694986
    ]
  },
  "NegSide": {
    "canonical": [
      0.024129891260024877,
      0.022666838803262677,
      0.025592943716787078
    ],
    "combined": [
      0.014373884808609906,
      0.013443373098426076,
      0.015304396518793737
    ],
    "twotailed": [
      0.014373884808609906,
      0.013443373098426076,
      0.015304396518793737
    ],
    "split2tail": [
      0.016474367104208253,
      0.015477618700966356,
      0.01747111550745015
    ],
    "old": [
      0.012555900492399366,
      0.011672729042815709,
      0.013439071941983023
    ],
    "question11": [
      0.0086254829028751638,
      0.0080286995892086144,
      0.0092222662165417132
    ],
    "question12": [
      0.012502359324627952,
      0.011622436382980222,
      0.013382282266275683
    ]
  },
  "elapsed": 2.9711439166666667
}