{
  "scenario": 8,
  "fracPos": 0,
  "fracNeg": 0.25,
  "rho_sign": 1,
  "FDRmethod": "BH1995",
  "numTests": 2000,
  "numRealizations": 2000,
  "effectSize": 3,
  "CImethod": "Wald",
  "q": 0.05,
  "alpha": 0.05,
  "seed": "shuffle",
  "BothSides": {
    "canonical": [
      0.039553201648901873,
      0.039115049805034177,
      0.039991353492769569
    ],
    "combined": [
      0.03953101589490781,
      0.039068720931061271,
      0.03999331085875435
    ],
    "twotailed": [
      0.03953101589490781,
      0.039068720931061271,
      0.03999331085875435
    ],
    "split2tail": [
      0.032218157459060634,
      0.031819780881155051,
      0.032616534036966217
    ],
    "reviewerA": [
      0.017392697048837946,
      0.017076709362026817,
      0.017708684735649075
    ],
    "reviewerB": [
      0.021188367407236279,
      0.020850102173328167,
      0.021526632641144391
    ]
  },
  "PosSide": {
    "canonical": [
      0.038,
      0.029618513915829946,
      0.046381486084170052
    ],
    "combined": [
      0.9985,
      0.99680347072523423,
      1.0001965292747659
    ],
    "twotailed": [
      0.9985,
      0.99680347072523423,
      1.0001965292747659
    ],
    "split2tail": [
      0.0545,
      0.044548908680850471,
      0.064451091319149528
    ],
    "reviewerA": [
      0.029,
      0.021643854548480244,
      0.036356145451519759
    ],
    "reviewerB": [
      0.022,
      0.015569829898300046,
      0.028430170101699952
    ]
  },
  "NegSide": {
    "canonical": [
      0.0394511273536236,
      0.039013580547652152,
      0.039888674159595044
    ],
    "combined": [
      0.02122725841577169,
      0.020888670016188285,
      0.021565846815355096
    ],
    "twotailed": [
      0.02122725841577169,
      0.020888670016188285,
      0.021565846815355096
    ],
    "split2tail": [
      0.03205855790348882,
      0.031662168557414876,
      0.032454947249562764
    ],
    "reviewerA": [
      0.017292860232140859,
      0.016977872126234816,
      0.017607848338046902
    ],
    "reviewerB": [
      0.021118762200739893,
      0.020781400745900118,
      0.021456123655579667
    ]
  },
  "elapsed": 4.876738333333333
}