{
  "scenario": 9,
  "fracPos": 0.25,
  "fracNeg": 0.25,
  "rho_sign": 1,
  "FDRmethod": "BH1995",
  "numTests": 2000,
  "numRealizations": 2000,
  "effectSize": 3,
  "CImethod": "Wald",
  "q": 0.05,
  "alpha": 0.05,
  "seed": "shuffle",
  "BothSides": {
    "canonical": [
      0.026211502305377984,
      0.025962766838515026,
      0.026460237772240942
    ],
    "combined": [
      0.026106838042715727,
      0.025858865222459098,
      0.026354810862972356
    ],
    "twotailed": [
      0.026106838042715727,
      0.025858865222459098,
      0.026354810862972356
    ],
    "split2tail": [
      0.026180191003382508,
      0.025931418936388825,
      0.026428963070376191
    ],
    "reviewerA": [
      0.013890416454687362,
      0.013694999095600223,
      0.0140858338137745
    ],
    "reviewerB": [
      0.013898698502886263,
      0.013702533145093853,
      0.014094863860678673
    ]
  },
  "PosSide": {
    "canonical": [
      0.025325847554898317,
      0.024964360549802087,
      0.025687334559994546
    ],
    "combined": [
      0.025264714513175794,
      0.024910082901801002,
      0.025619346124550586
    ],
    "twotailed": [
      0.025264714513175794,
      0.024910082901801002,
      0.025619346124550586
    ],
    "split2tail": [
      0.025376345651523372,
      0.025016217262961278,
      0.025736474040085465
    ],
    "reviewerA": [
      0.01292200236325932,
      0.012641532275032454,
      0.013202472451486187
    ],
    "reviewerB": [
      0.012894390975745951,
      0.012612217780102615,
      0.013176564171389288
    ]
  },
  "NegSide": {
    "canonical": [
      0.026983710428713403,
      0.02662700525287225,
      0.027340415604554556
    ],
    "combined": [
      0.026881267053589668,
      0.026530537552473102,
      0.027231996554706234
    ],
    "twotailed": [
      0.026881267053589668,
      0.026530537552473102,
      0.027231996554706234
    ],
    "split2tail": [
      0.026882815272500131,
      0.026526666194214975,
      0.027238964350785287
    ],
    "reviewerA": [
      0.014791346524542842,
      0.014507597569788925,
      0.015075095479296759
    ],
    "reviewerB": [
      0.014830437170131713,
      0.014546275806072704,
      0.015114598534190721
    ]
  },
  "elapsed": 4.2332090833333336
}