{
  "scenario": 6,
  "effectSize": 3,
  "fracPos": 0,
  "fracNeg": 0,
  "rho_sign": 1,
  "FDRmethod": "BH1995",
  "numTests": 2000,
  "numRealizations": 2000,
  "CImethod": "Wald",
  "q": 0.05,
  "alpha": 0.05,
  "seed": "shuffle",
  "BothSides": {
    "canonical": [
      0.0905,
      0.077923281647998735,
      0.10307671835200126
    ],
    "combined": [
      0.044,
      0.03500922812511114,
      0.052990771874888855
    ],
    "twotailed": [
      0.044,
      0.03500922812511114,
      0.052990771874888855
    ],
    "split2tail": [
      0.0905,
      0.077923281647998735,
      0.10307671835200126
    ],
    "old": [
      0.043,
      0.034107335848968343,
      0.051892664151031651
    ],
    "question11": [
      0.0435,
      0.034558120570750708,
      0.052441879429249286
    ],
    "question12": [
      0.043,
      0.034107335848968343,
      0.051892664151031651
    ]
  },
  "PosSide": {
    "canonical": [
      0.055,
      0.045006009254141624,
      0.064993990745858377
    ],
    "combined": [
      0.027,
      0.019894739645756932,
      0.034105260354243064
    ],
    "twotailed": [
      0.027,
      0.019894739645756932,
      0.034105260354243064
    ],
    "split2tail": [
      0.055,
      0.045006009254141624,
      0.064993990745858377
    ],
    "old": [
      0.0245,
      0.017722986152936993,
      0.031277013847063009
    ],
    "question11": [
      0.025,
      0.01815593688097502,
      0.031844063119024983
    ],
    "question12": [
      0.0245,
      0.017722986152936993,
      0.031277013847063009
    ]
  },
  "NegSide": {
    "canonical": [
      0.0395,
      0.0309613556187091,
      0.0480386443812909
    ],
    "combined": [
      0.021,
      0.014714458657974896,
      0.027285541342025106
    ],
    "twotailed": [
      0.021,
      0.014714458657974896,
      0.027285541342025106
    ],
    "split2tail": [
      0.04,
      0.031409720271712217,
      0.048590279728287784
    ],
    "old": [
      0.0195,
      0.013438462467152898,
      0.025561537532847102
    ],
    "question11": [
      0.0195,
      0.013438462467152898,
      0.025561537532847102
    ],
    "question12": [
      0.0195,
      0.013438462467152898,
      0.025561537532847102
    ]
  },
  "elapsed": 4.9565674583333337
}