{
  "scenario": 7,
  "fracPos": 0.25,
  "fracNeg": 0,
  "rho_sign": 1,
  "FDRmethod": "BH1995",
  "numTests": 2000,
  "numRealizations": 2000,
  "effectSize": 3,
  "CImethod": "Wald",
  "q": 0.05,
  "alpha": 0.05,
  "seed": "shuffle",
  "BothSides": {
    "canonical": [
      0.03749148383450527,
      0.037056983527946841,
      0.0379259841410637
    ],
    "combined": [
      0.037656365328903305,
      0.037191889097120512,
      0.0381208415606861
    ],
    "twotailed": [
      0.037656365328903305,
      0.037191889097120512,
      0.0381208415606861
    ],
    "split2tail": [
      0.029940613606234043,
      0.029544758192752877,
      0.03033646901971521
    ],
    "old": [
      0.018841380514020293,
      0.018501023262760395,
      0.019181737765280191
    ],
    "question11": [
      0.015163119895380515,
      0.014849124685966114,
      0.015477115104794917
    ],
    "question12": [
      0.018800115270234403,
      0.018459791911491795,
      0.019140438628977012
    ]
  },
  "PosSide": {
    "canonical": [
      0.037378628794850662,
      0.036945463893429661,
      0.037811793696271662
    ],
    "combined": [
      0.019097226188853258,
      0.018756082149702511,
      0.019438370228004005
    ],
    "twotailed": [
      0.019097226188853258,
      0.018756082149702511,
      0.019438370228004005
    ],
    "split2tail": [
      0.0297878421847197,
      0.029393980900044882,
      0.030181703469394517
    ],
    "old": [
      0.018780187820023112,
      0.018440545651011005,
      0.01911982998903522
    ],
    "question11": [
      0.0150801980780137,
      0.014767214835458488,
      0.015393181320568911
    ],
    "question12": [
      0.01873889165846947,
      0.018399300983395768,
      0.019078482333543173
    ]
  },
  "NegSide": {
    "canonical": [
      0.042,
      0.033206756621173041,
      0.050793243378826965
    ],
    "combined": [
      0.9975,
      0.99531088714895966,
      0.99968911285104045
    ],
    "twotailed": [
      0.9975,
      0.99531088714895966,
      0.99968911285104045
    ],
    "split2tail": [
      0.052,
      0.042266981822996208,
      0.061733018177003787
    ],
    "old": [
      0.02,
      0.01386280772606021,
      0.026137192273939791
    ],
    "question11": [
      0.0255,
      0.018589607650358438,
      0.032410392349641555
    ],
    "question12": [
      0.02,
      0.01386280772606021,
      0.026137192273939791
    ]
  },
  "elapsed": 4.5676192083333333
}