{
  "scenario": 9,
  "fracPos": 0.25,
  "fracNeg": 0.25,
  "rho": 0.25,
  "FDRmethod": "BH1995",
  "numTests": 2000,
  "numRealizations": 2000,
  "effectSize": 3,
  "CImethod": "Wald",
  "q": 0.05,
  "alpha": 0.05,
  "seed": "shuffle",
  "BothSides": {
    "canonical": [
      0.74858699999999956,
      0.74662627216514821,
      0.75054772783485091
    ],
    "combined": [
      0.7642759999999994,
      0.76299331615965127,
      0.76555868384034753
    ],
    "twotailed": [
      0.7642759999999994,
      0.76299331615965127,
      0.76555868384034753
    ],
    "split2tail": [
      0.75933899999999988,
      0.757707374952569,
      0.76097062504743074
    ],
    "old": [
      0.6279995,
      0.62620632974263835,
      0.62979267025736174
    ],
    "question11": [
      0.63610199999999983,
      0.63451435794099731,
      0.63768964205900236
    ],
    "question12": [
      0.62767250000000019,
      0.62588206526565748,
      0.62946293473434289
    ]
  },
  "PosSide": {
    "canonical": [
      0.74694776309165212,
      0.73597630126937152,
      0.75791922491393271
    ],
    "combined": [
      0.76347924762924779,
      0.755073966545824,
      0.77188452871267155
    ],
    "twotailed": [
      0.76347924762924779,
      0.755073966545824,
      0.77188452871267155
    ],
    "split2tail": [
      0.75813820171521662,
      0.74895122885765764,
      0.7673251745727756
    ],
    "old": [
      0.74694776309165212,
      0.73597630126937152,
      0.75791922491393271
    ],
    "question11": [
      0.63562567089130972,
      0.62547596208893474,
      0.6457753796936847
    ],
    "question12": [
      0.62709170653938573,
      0.61552863648411893,
      0.63865477659465253
    ]
  },
  "NegSide": {
    "canonical": [
      0.75104895706363961,
      0.74022613481222665,
      0.76187177931505257
    ],
    "combined": [
      0.76624484140756888,
      0.7579388946293788,
      0.774550788185759
    ],
    "twotailed": [
      0.76624484140756888,
      0.7579388946293788,
      0.774550788185759
    ],
    "split2tail": [
      0.76155373737027232,
      0.75251112638747508,
      0.77059634835306956
    ],
    "old": [
      0.62911638953090288,
      0.61765631295990131,
      0.64057646610190444
    ],
    "question11": [
      0.63723262946267178,
      0.62717005025072436,
      0.6472952086746192
    ],
    "question12": [
      0.62878428325404367,
      0.61732960755218746,
      0.64023895895589988
    ]
  },
  "elapsed": 2.9677299166666669
}