{
  "scenario": 7,
  "fracPos": 0.25,
  "fracNeg": 0,
  "rho": 0.25,
  "FDRmethod": "BH1995",
  "numTests": 2000,
  "numRealizations": 2000,
  "effectSize": 3,
  "CImethod": "Wald",
  "q": 0.05,
  "alpha": 0.05,
  "seed": "shuffle",
  "BothSides": {
    "canonical": [
      0.040668597669696133,
      0.036972869987025085,
      0.04436432535236718
    ],
    "combined": [
      0.038071497428934543,
      0.035203479832448668,
      0.040939515025420418
    ],
    "twotailed": [
      0.038071497428934543,
      0.035203479832448668,
      0.040939515025420418
    ],
    "split2tail": [
      0.024782147015131185,
      0.022543918067966857,
      0.027020375962295513
    ],
    "old": [
      0.021715759070519137,
      0.018849713188072263,
      0.02458180495296601
    ],
    "question11": [
      0.012792498964187436,
      0.011180344160760159,
      0.014404653767614713
    ],
    "question12": [
      0.021665650702475694,
      0.018801216839829653,
      0.024530084565121735
    ]
  },
  "PosSide": {
    "canonical": [
      0.034854998114341673,
      0.0322964523395169,
      0.037413543889166449
    ],
    "combined": [
      0.017508277052454276,
      0.015941551624769727,
      0.019075002480138825
    ],
    "twotailed": [
      0.017508277052454276,
      0.015941551624769727,
      0.019075002480138825
    ],
    "split2tail": [
      0.022561193747451448,
      0.020904075627207825,
      0.024218311867695071
    ],
    "old": [
      0.017522008193948491,
      0.015951830589172735,
      0.019092185798724248
    ],
    "question11": [
      0.011067722163152187,
      0.010069268382826624,
      0.012066175943477749
    ],
    "question12": [
      0.017471899825905045,
      0.015904924265148907,
      0.019038875386661182
    ]
  },
  "NegSide": {
    "canonical": [
      0.035,
      0.026943630570867468,
      0.043056369429132539
    ],
    "combined": [
      0.699,
      0.67889224756314992,
      0.71910775243685
    ],
    "twotailed": [
      0.699,
      0.67889224756314992,
      0.71910775243685
    ],
    "split2tail": [
      0.026,
      0.019023977922222136,
      0.032976022077777861
    ],
    "old": [
      0.0185,
      0.012592921937510267,
      0.024407078062489731
    ],
    "question11": [
      0.0155,
      0.010084788750567373,
      0.020915211249432627
    ],
    "question12": [
      0.0185,
      0.012592921937510267,
      0.024407078062489731
    ]
  },
  "elapsed": 3.0087123333333334
}