{
  "scenario": 8,
  "fracPos": 0,
  "fracNeg": 0.25,
  "rho": 0.25,
  "FDRmethod": "BH1995",
  "numTests": 2000,
  "numRealizations": 2000,
  "effectSize": 3,
  "CImethod": "Wald",
  "q": 0.05,
  "alpha": 0.05,
  "seed": "shuffle",
  "BothSides": {
    "canonical": [
      0.0454050358374805,
      0.041703148756010139,
      0.049106922918950857
    ],
    "combined": [
      0.042325427993802768,
      0.039343853167458587,
      0.045307002820146949
    ],
    "twotailed": [
      0.042325427993802768,
      0.039343853167458587,
      0.045307002820146949
    ],
    "split2tail": [
      0.0287676837255488,
      0.026491354955678729,
      0.031044012495418872
    ],
    "old": [
      0.026426830990318756,
      0.023227085024828811,
      0.0296265769558087
    ],
    "question11": [
      0.016959093161313412,
      0.014906182416173596,
      0.019012003906453228
    ],
    "question12": [
      0.026363430747423595,
      0.023166364312023995,
      0.029560497182823196
    ]
  },
  "PosSide": {
    "canonical": [
      0.0335,
      0.0256120340600888,
      0.0413879659399112
    ],
    "combined": [
      0.6945,
      0.67430780989883654,
      0.71469219010116347
    ],
    "twotailed": [
      0.6945,
      0.67430780989883654,
      0.71469219010116347
    ],
    "split2tail": [
      0.0305,
      0.022961837065184541,
      0.038038162934815455
    ],
    "old": [
      0.017,
      0.011333134388461313,
      0.022666865611538689
    ],
    "question11": [
      0.0145,
      0.0092597258346369723,
      0.019740274165363031
    ],
    "question12": [
      0.017,
      0.011333134388461313,
      0.022666865611538689
    ]
  },
  "NegSide": {
    "canonical": [
      0.040149179088329906,
      0.0373510960394427,
      0.042947262137217113
    ],
    "combined": [
      0.021607080303403997,
      0.019840903380481393,
      0.0233732572263266
    ],
    "twotailed": [
      0.021607080303403997,
      0.019840903380481393,
      0.0233732572263266
    ],
    "split2tail": [
      0.026929950477860256,
      0.025077134403037746,
      0.028782766552682765
    ],
    "old": [
      0.021615822901124553,
      0.019843693823363016,
      0.023387951978886091
    ],
    "question11": [
      0.014303450347094605,
      0.013178189929176153,
      0.015428710765013058
    ],
    "question12": [
      0.021552422658229389,
      0.019785468014628018,
      0.023319377301830761
    ]
  },
  "elapsed": 3.011106125
}