{
  "scenario": 7,
  "fracPos": 0.25,
  "fracNeg": 0,
  "rho": 0.25,
  "FDRmethod": "BH1995",
  "numTests": 2000,
  "numRealizations": 2000,
  "effectSize": 3,
  "CImethod": "Wald",
  "q": 0.05,
  "alpha": 0.05,
  "seed": "shuffle",
  "BothSides": {
    "canonical": [
      0.75919000000000025,
      0.74758484028607275,
      0.77079515971392776
    ],
    "combined": [
      0.63731300000000035,
      0.62585154934411746,
      0.64877445065588324
    ],
    "twotailed": [
      0.63731300000000035,
      0.62585154934411746,
      0.64877445065588324
    ],
    "split2tail": [
      0.72797300000000031,
      0.7185692254187247,
      0.73737677458127593
    ],
    "old": [
      0.62952700000000006,
      0.61771347547851863,
      0.64134052452148149
    ],
    "question11": [
      0.59896000000000038,
      0.58880612690176615,
      0.60911387309823462
    ],
    "question12": [
      0.62918900000000011,
      0.61738094192172188,
      0.64099705807827834
    ]
  },
  "PosSide": {
    "canonical": [
      0.75901406095422,
      0.74736198202064585,
      0.77066613988779409
    ],
    "combined": [
      0.632442835391622,
      0.62080182814719975,
      0.64408384263604435
    ],
    "twotailed": [
      0.632442835391622,
      0.62080182814719975,
      0.64408384263604435
    ],
    "split2tail": [
      0.72820774407056665,
      0.71879847691107579,
      0.73761701123005752
    ],
    "old": [
      0.75901406095422,
      0.74736198202064585,
      0.77066613988779409
    ],
    "question11": [
      0.59920316838719778,
      0.58905610537058573,
      0.60935023140380984
    ],
    "question12": [
      0.62933907470582484,
      0.61752940537059942,
      0.64114874404105027
    ]
  },
  "NegSide": {
    "canonical": [
      null,
      null,
      null
    ],
    "combined": [
      null,
      null,
      null
    ],
    "twotailed": [
      null,
      null,
      null
    ],
    "split2tail": [
      null,
      null,
      null
    ],
    "old": [
      null,
      null,
      null
    ],
    "question11": [
      null,
      null,
      null
    ],
    "question12": [
      null,
      null,
      null
    ]
  },
  "elapsed": 3.0095355833333333
}