{
  "scenario": 8,
  "fracPos": 0,
  "fracNeg": 0.25,
  "rho": 0.25,
  "FDRmethod": "BKY2006",
  "numTests": 2000,
  "numRealizations": 2000,
  "effectSize": 3,
  "CImethod": "Wald",
  "q": 0.05,
  "alpha": 0.05,
  "seed": "shuffle",
  "BothSides": {
    "canonical": [
      0.82425499999999985,
      0.80946725899568117,
      0.83904274100431853
    ],
    "combined": [
      0.66419599999999956,
      0.65212240927417175,
      0.67626959072582737
    ],
    "twotailed": [
      0.68335000000000035,
      0.67078474151951784,
      0.69591525848048286
    ],
    "split2tail": [
      0.80843299999999974,
      0.7984496349229685,
      0.818416365077031
    ],
    "old": [
      0.674277,
      0.66131160780028886,
      0.68724239219971117
    ],
    "question11": [
      0.66033500000000023,
      0.64968415135380009,
      0.67098584864620037
    ],
    "question12": [
      0.6747740000000001,
      0.66179058354335651,
      0.68775741645664368
    ]
  },
  "PosSide": {
    "canonical": [
      null,
      null,
      null
    ],
    "combined": [
      null,
      null,
      null
    ],
    "twotailed": [
      null,
      null,
      null
    ],
    "split2tail": [
      null,
      null,
      null
    ],
    "old": [
      null,
      null,
      null
    ],
    "question11": [
      null,
      null,
      null
    ],
    "question12": [
      null,
      null,
      null
    ]
  },
  "NegSide": {
    "canonical": [
      0.82215015315186,
      0.807372658714534,
      0.836927647589186
    ],
    "combined": [
      0.65849082611834175,
      0.64622735196610981,
      0.6707543002705737
    ],
    "twotailed": [
      0.67691906696263282,
      0.66416755456214893,
      0.68967057936311671
    ],
    "split2tail": [
      0.807422804187746,
      0.79743375223365587,
      0.8174118561418362
    ],
    "old": [
      0.67368539532195515,
      0.660710557177726,
      0.68666023346618432
    ],
    "question11": [
      0.66011354609443473,
      0.64945095327039648,
      0.670776138918473
    ],
    "question12": [
      0.67417054392540332,
      0.66117832259952747,
      0.68716276525127917
    ]
  },
  "elapsed": 101.626288875
}