{
  "scenario": 5,
  "fracPos": 0.1,
  "fracNeg": 0.4,
  "rho_sign": 0,
  "FDRmethod": "BKY2006",
  "numTests": 2000,
  "numRealizations": 2000,
  "effectSize": 3,
  "CImethod": "Wald",
  "q": 0.05,
  "alpha": 0.05,
  "seed": "shuffle",
  "BothSides": {
    "canonical": [
      0.037338460276248105,
      0.037053587003803838,
      0.037623333548692371
    ],
    "combined": [
      0.031905123316735104,
      0.031635123522939623,
      0.032175123110530585
    ],
    "twotailed": [
      0.043122543126332714,
      0.042801055898815304,
      0.043444030353850124
    ],
    "split2tail": [
      0.042596219240682291,
      0.042288523182732143,
      0.042903915298632439
    ],
    "reviewerA": [
      0.019930635942052029,
      0.019708397751992627,
      0.020152874132111431
    ],
    "reviewerB": [
      0.018567112587200903,
      0.018351403466419891,
      0.018782821707981914
    ]
  },
  "PosSide": {
    "canonical": [
      0.026947145982318746,
      0.026288682440104297,
      0.027605609524533194
    ],
    "combined": [
      0.073956513106118615,
      0.073076105730630433,
      0.0748369204816068
    ],
    "twotailed": [
      0.099075487002355883,
      0.098079965093925178,
      0.10007100891078659
    ],
    "split2tail": [
      0.045098759686502524,
      0.04430875686946608,
      0.045888762503538967
    ],
    "reviewerA": [
      0.022044193130540745,
      0.021426379535637773,
      0.022662006725443717
    ],
    "reviewerB": [
      0.013469997226526993,
      0.012955175312784591,
      0.013984819140269394
    ]
  },
  "NegSide": {
    "canonical": [
      0.039117093676038266,
      0.038799587730248809,
      0.039434599621827722
    ],
    "combined": [
      0.020687024057700287,
      0.020445315232285502,
      0.020928732883115073
    ],
    "twotailed": [
      0.027899051148643293,
      0.027620656570325863,
      0.028177445726960723
    ],
    "split2tail": [
      0.041990727219479822,
      0.04165564264761535,
      0.042325811791344294
    ],
    "reviewerA": [
      0.019473472134315651,
      0.019233325841267281,
      0.019713618427364021
    ],
    "reviewerB": [
      0.019361910756680416,
      0.019123836414687279,
      0.019599985098673552
    ]
  },
  "elapsed": 92.924304625
}