{
  "scenario": 3,
  "fracPos": 0,
  "fracNeg": 0.25,
  "rho": 0,
  "FDRmethod": "BKY2006",
  "numTests": 2000,
  "numRealizations": 2000,
  "effectSize": 3,
  "CImethod": "Wald",
  "q": 0.05,
  "alpha": 0.05,
  "seed": "shuffle",
  "BothSides": {
    "canonical": [
      0.816922,
      0.815757485348018,
      0.81808651465198212
    ],
    "combined": [
      0.68346499999999966,
      0.68219190291439691,
      0.6847380970856024
    ],
    "twotailed": [
      0.70321800000000012,
      0.701907817707687,
      0.70452818229231329
    ],
    "split2tail": [
      0.80265100000000023,
      0.80140239676599212,
      0.80389960323400833
    ],
    "old": [
      0.68310799999999949,
      0.68185830593502628,
      0.68435769406497271
    ],
    "question11": [
      0.66466799999999937,
      0.66333861129603511,
      0.66599738870396363
    ],
    "question12": [
      0.68353599999999948,
      0.68228697628152635,
      0.68478502371847261
    ]
  },
  "PosSide": {
    "canonical": [
      null,
      null,
      null
    ],
    "combined": [
      null,
      null,
      null
    ],
    "twotailed": [
      null,
      null,
      null
    ],
    "split2tail": [
      null,
      null,
      null
    ],
    "old": [
      null,
      null,
      null
    ],
    "question11": [
      null,
      null,
      null
    ],
    "question12": [
      null,
      null,
      null
    ]
  },
  "NegSide": {
    "canonical": [
      0.8179131460823843,
      0.816746988445947,
      0.81907930371882165
    ],
    "combined": [
      0.67050153532222023,
      0.66927864149804606,
      0.67172442914639441
    ],
    "twotailed": [
      0.68845439529463082,
      0.68720791494856082,
      0.68970087564070082
    ],
    "split2tail": [
      0.80359980696739453,
      0.80234927793893007,
      0.804850335995859
    ],
    "old": [
      0.683970087470698,
      0.68272010819190643,
      0.68522006674948954
    ],
    "question11": [
      0.66549280905707253,
      0.66416294166230483,
      0.66682267645184023
    ],
    "question12": [
      0.68439865739857508,
      0.68314933413520262,
      0.68564798066194754
    ]
  },
  "elapsed": 100.047528375
}