{
  "scenario": 9,
  "fracPos": 0.25,
  "fracNeg": 0.25,
  "rho": 0.25,
  "FDRmethod": "BKY2006",
  "numTests": 2000,
  "numRealizations": 2000,
  "effectSize": 3,
  "CImethod": "Wald",
  "q": 0.05,
  "alpha": 0.05,
  "seed": "shuffle",
  "BothSides": {
    "canonical": [
      0.045188707611171421,
      0.042718597924848979,
      0.047658817297493862
    ],
    "combined": [
      0.0306986188994294,
      0.02932925628314037,
      0.032067981515718429
    ],
    "twotailed": [
      0.041468899457088246,
      0.03984982213344785,
      0.043087976780728642
    ],
    "split2tail": [
      0.0432665309096781,
      0.04122431124599555,
      0.045308750573360652
    ],
    "old": [
      0.024816018578322909,
      0.023175298695482356,
      0.026456738461163462
    ],
    "question11": [
      0.022936238886670166,
      0.021537066191719238,
      0.024335411581621093
    ],
    "question12": [
      0.024927906993241527,
      0.023278037772263862,
      0.026577776214219192
    ]
  },
  "PosSide": {
    "canonical": [
      0.02938541034851869,
      0.027228816201196736,
      0.031542004495840645
    ],
    "combined": [
      0.022605520505398109,
      0.021156855669295052,
      0.024054185341501166
    ],
    "twotailed": [
      0.031849160483888056,
      0.0300208306815658,
      0.03367749028621031
    ],
    "split2tail": [
      0.032222335125923554,
      0.03024223002104667,
      0.034202440230800435
    ],
    "old": [
      0.014296449497672238,
      0.012974117786597874,
      0.015618781208746602
    ],
    "question11": [
      0.014608459867855025,
      0.013413154139888002,
      0.015803765595822045
    ],
    "question12": [
      0.0143552646965974,
      0.013025210562328006,
      0.015685318830866796
    ]
  },
  "NegSide": {
    "canonical": [
      0.034399504694553086,
      0.032119612733388175,
      0.036679396655718
    ],
    "combined": [
      0.026359715385215057,
      0.024884438056636746,
      0.027834992713793368
    ],
    "twotailed": [
      0.036179766965876187,
      0.034273735393151074,
      0.0380857985386013
    ],
    "split2tail": [
      0.036766423030229374,
      0.034699987236508495,
      0.038832858823950253
    ],
    "old": [
      0.017743843399558559,
      0.016405848001442489,
      0.019081838797674628
    ],
    "question11": [
      0.017981818522860012,
      0.016798370480285121,
      0.019165266565434904
    ],
    "question12": [
      0.017824552679073211,
      0.016480061720327219,
      0.019169043637819204
    ]
  },
  "elapsed": 127.68418583333333
}