{
  "scenario": 4,
  "fracPos": 0.25,
  "fracNeg": 0.25,
  "rho": 0,
  "FDRmethod": "BKY2006",
  "numTests": 2000,
  "numRealizations": 2000,
  "effectSize": 3,
  "CImethod": "Wald",
  "q": 0.05,
  "alpha": 0.05,
  "seed": "shuffle",
  "BothSides": {
    "canonical": [
      0.799759,
      0.79896400753316488,
      0.80055399246683512
    ],
    "combined": [
      0.7997635,
      0.79897052529064594,
      0.800556474709354
    ],
    "twotailed": [
      0.85238850000000066,
      0.8515421869395442,
      0.85323481306045712
    ],
    "split2tail": [
      0.85235450000000046,
      0.85151084521991283,
      0.85319815478008809
    ],
    "old": [
      0.67555650000000012,
      0.674678070162666,
      0.67643492983733422
    ],
    "question11": [
      0.71896550000000037,
      0.71803891906506168,
      0.71989208093493906
    ],
    "question12": [
      0.6759915,
      0.67511203861683533,
      0.6768709613831646
    ]
  },
  "PosSide": {
    "canonical": [
      0.79977198580812225,
      0.79865003388942779,
      0.80089393772681672
    ],
    "combined": [
      0.79996451735884755,
      0.7989560776416319,
      0.8009729570760632
    ],
    "twotailed": [
      0.85271949625505927,
      0.85168656662676645,
      0.8537524258833521
    ],
    "split2tail": [
      0.85259884445404566,
      0.85140803023535361,
      0.85378965867273771
    ],
    "old": [
      0.79977198580812225,
      0.79865003388942779,
      0.80089393772681672
    ],
    "question11": [
      0.71935019250879506,
      0.71802445344803634,
      0.72067593156955378
    ],
    "question12": [
      0.6763411052468099,
      0.67508382167331726,
      0.67759838882030254
    ]
  },
  "NegSide": {
    "canonical": [
      0.80190845444638714,
      0.80080170601292533,
      0.803015202879849
    ],
    "combined": [
      0.80172558163457663,
      0.80072761160070993,
      0.80272355166844334
    ],
    "twotailed": [
      0.85436249166963463,
      0.85333642416522193,
      0.85538855917404732
    ],
    "split2tail": [
      0.85441567792843842,
      0.85323889437059108,
      0.85559246148628576
    ],
    "old": [
      0.6770048362831701,
      0.6757689333762138,
      0.6782407391901264
    ],
    "question11": [
      0.72052635722304881,
      0.71920730593507975,
      0.72184540851101786
    ],
    "question12": [
      0.67747038615491961,
      0.67623334952865222,
      0.678707422781187
    ]
  },
  "elapsed": 128.97859154166667
}