{
  "scenario": 7,
  "fracPos": 0.25,
  "fracNeg": 0,
  "rho": 0.25,
  "FDRmethod": "BKY2006",
  "numTests": 2000,
  "numRealizations": 2000,
  "effectSize": 3,
  "CImethod": "Wald",
  "q": 0.05,
  "alpha": 0.05,
  "seed": "shuffle",
  "BothSides": {
    "canonical": [
      0.056219080032134876,
      0.051803897449958045,
      0.060634262614311707
    ],
    "combined": [
      0.042996552233098055,
      0.040004527415417039,
      0.045988577050779071
    ],
    "twotailed": [
      0.04725881604769714,
      0.044111491170177326,
      0.050406140925216954
    ],
    "split2tail": [
      0.038209328956097771,
      0.035274594071198671,
      0.041144063840996871
    ],
    "old": [
      0.029614481247571569,
      0.026340631210774398,
      0.032888331284368744
    ],
    "question11": [
      0.019229195623932004,
      0.017021612952625505,
      0.021436778295238504
    ],
    "question12": [
      0.029737618616653871,
      0.026455257169628633,
      0.033019980063679108
    ]
  },
  "PosSide": {
    "canonical": [
      0.051422704336781366,
      0.047737186430739431,
      0.0551082222428233
    ],
    "combined": [
      0.02175240791048914,
      0.019880305037264102,
      0.023624510783714178
    ],
    "twotailed": [
      0.025184272322673791,
      0.023006713437603802,
      0.02736183120774378
    ],
    "split2tail": [
      0.035631703740161072,
      0.033273275127115587,
      0.037990132353206557
    ],
    "old": [
      0.025215975805358115,
      0.02302806748405134,
      0.02740388412666489
    ],
    "question11": [
      0.016829650771467343,
      0.015413383705834116,
      0.01824591783710057
    ],
    "question12": [
      0.025339113174440417,
      0.023138016383936203,
      0.027540209964944631
    ]
  },
  "NegSide": {
    "canonical": [
      0.0295,
      0.022082620975595227,
      0.03691737902440477
    ],
    "combined": [
      0.712,
      0.69214920361731957,
      0.73185079638268036
    ],
    "twotailed": [
      0.748,
      0.72896763476611548,
      0.76703236523388452
    ],
    "split2tail": [
      0.0255,
      0.018589607650358456,
      0.032410392349641541
    ],
    "old": [
      0.016,
      0.010499537166547215,
      0.021500462833452784
    ],
    "question11": [
      0.013,
      0.0080343975523611416,
      0.017965602447638857
    ],
    "question12": [
      0.016,
      0.010499537166547215,
      0.021500462833452784
    ]
  },
  "elapsed": 101.774330375
}