{
  "scenario": 6,
  "effectSize": 3,
  "fracPos": 0,
  "fracNeg": 0,
  "rho_sign": 1,
  "FDRmethod": "BKY2006",
  "numTests": 2000,
  "numRealizations": 2000,
  "CImethod": "Wald",
  "q": 0.05,
  "alpha": 0.05,
  "seed": "shuffle",
  "BothSides": {
    "canonical": [
      0.0915,
      0.078860941999715869,
      0.10413905800028413
    ],
    "combined": [
      0.048,
      0.038629111145991747,
      0.057370888854008255
    ],
    "twotailed": [
      0.048,
      0.038629111145991747,
      0.057370888854008255
    ],
    "split2tail": [
      0.0905,
      0.077923281647998721,
      0.10307671835200127
    ],
    "reviewerA": [
      0.048,
      0.038629111145991747,
      0.057370888854008255
    ],
    "reviewerB": [
      0.048,
      0.038629111145991747,
      0.057370888854008255
    ]
  },
  "PosSide": {
    "canonical": [
      0.0445,
      0.035460653273591908,
      0.053539346726408088
    ],
    "combined": [
      0.0195,
      0.013438462467152898,
      0.025561537532847102
    ],
    "twotailed": [
      0.0195,
      0.013438462467152898,
      0.025561537532847102
    ],
    "split2tail": [
      0.0435,
      0.034558120570750715,
      0.052441879429249279
    ],
    "reviewerA": [
      0.0185,
      0.012592921937510267,
      0.024407078062489731
    ],
    "reviewerB": [
      0.0185,
      0.012592921937510267,
      0.024407078062489731
    ]
  },
  "NegSide": {
    "canonical": [
      0.048,
      0.038629111145991761,
      0.057370888854008241
    ],
    "combined": [
      0.03,
      0.022521953033424011,
      0.037478046966575987
    ],
    "twotailed": [
      0.03,
      0.022521953033424011,
      0.037478046966575987
    ],
    "split2tail": [
      0.048,
      0.038629111145991761,
      0.057370888854008241
    ],
    "reviewerA": [
      0.0295,
      0.022082620975595227,
      0.03691737902440477
    ],
    "reviewerB": [
      0.0295,
      0.022082620975595227,
      0.03691737902440477
    ]
  },
  "elapsed": 96.635787666666673
}