{
  "scenario": 14,
  "fracPos": 0.25,
  "fracNeg": 0.25,
  "rho_sign": -1,
  "FDRmethod": "BKY2006",
  "numTests": 2000,
  "numRealizations": 2000,
  "effectSize": 3,
  "CImethod": "Wald",
  "q": 0.05,
  "alpha": 0.05,
  "seed": "shuffle",
  "BothSides": {
    "canonical": [
      0.031834577282941805,
      0.031561508770710532,
      0.032107645795173077
    ],
    "combined": [
      0.03184270808542123,
      0.031569999289438981,
      0.032115416881403479
    ],
    "twotailed": [
      0.042871227314272328,
      0.042554437318764196,
      0.04318801730978046
    ],
    "split2tail": [
      0.0429647088716557,
      0.042648149002666225,
      0.043281268740645182
    ],
    "reviewerA": [
      0.020353495769590425,
      0.020122415568675025,
      0.020584575970505826
    ],
    "reviewerB": [
      0.016016021566482953,
      0.015806702082329389,
      0.016225341050636517
    ]
  },
  "PosSide": {
    "canonical": [
      0.030820438171305076,
      0.0304356931880281,
      0.031205183154582053
    ],
    "combined": [
      0.030882279777532367,
      0.030505025087037042,
      0.031259534468027692
    ],
    "twotailed": [
      0.042053902879705035,
      0.041626768507024327,
      0.042481037252385744
    ],
    "split2tail": [
      0.0421231443225897,
      0.041683892330288123,
      0.042562396314891275
    ],
    "reviewerA": [
      0.019350846179092683,
      0.019028128772714939,
      0.019673563585470427
    ],
    "reviewerB": [
      0.015133777906307022,
      0.014843530057526096,
      0.015424025755087948
    ]
  },
  "NegSide": {
    "canonical": [
      0.032779743022788368,
      0.0324034022846858,
      0.033156083760890936
    ],
    "combined": [
      0.032764647127158091,
      0.0323902629912651,
      0.03313903126305108
    ],
    "twotailed": [
      0.043638012565317408,
      0.043216061036779871,
      0.044059964093854945
    ],
    "split2tail": [
      0.043673151064675647,
      0.043237361232142044,
      0.044108940897209251
    ],
    "reviewerA": [
      0.021279191271361339,
      0.020955780604993462,
      0.021602601937729216
    ],
    "reviewerB": [
      0.016856094600857661,
      0.016564225146646298,
      0.017147964055069024
    ]
  },
  "elapsed": 94.088024375
}