{
  "scenario": 10,
  "fracPos": 0.1,
  "fracNeg": 0.4,
  "rho": 0.25,
  "FDRmethod": "BKY2006",
  "numTests": 2000,
  "numRealizations": 2000,
  "effectSize": 3,
  "CImethod": "Wald",
  "q": 0.05,
  "alpha": 0.05,
  "seed": "shuffle",
  "BothSides": {
    "canonical": [
      0.048918388781608771,
      0.0462252052205139,
      0.051611572342703645
    ],
    "combined": [
      0.031156778644051548,
      0.029771062347051781,
      0.032542494941051311
    ],
    "twotailed": [
      0.041965037493366761,
      0.040319635745321665,
      0.043610439241411857
    ],
    "split2tail": [
      0.042789032185165353,
      0.040715444940471676,
      0.04486261942985903
    ],
    "old": [
      0.02601227506486754,
      0.024310294767926947,
      0.027714255361808132
    ],
    "question11": [
      0.022338353322174726,
      0.020945004696727696,
      0.023731701947621756
    ],
    "question12": [
      0.026185411157417651,
      0.024470025418215309,
      0.027900796896619992
    ]
  },
  "PosSide": {
    "canonical": [
      0.025697747640046596,
      0.023363244377822431,
      0.02803225090227076
    ],
    "combined": [
      0.0449934927030367,
      0.042727104351130238,
      0.047259881054943165
    ],
    "twotailed": [
      0.061329935307765593,
      0.058662756490936864,
      0.063997114124594329
    ],
    "split2tail": [
      0.032141777075299457,
      0.029760352763018218,
      0.0345232013875807
    ],
    "old": [
      0.012667428649728646,
      0.011286443702259969,
      0.014048413597197322
    ],
    "question11": [
      0.015079430499975323,
      0.013694995106795707,
      0.016463865893154937
    ],
    "question12": [
      0.01267566724040968,
      0.011291953488160415,
      0.014059380992658944
    ]
  },
  "NegSide": {
    "canonical": [
      0.041501706074692148,
      0.039012371573592469,
      0.043991040575791826
    ],
    "combined": [
      0.01895405281842872,
      0.017744370910265737,
      0.020163734726591703
    ],
    "twotailed": [
      0.026937780378715692,
      0.025276787196276435,
      0.02859877356115495
    ],
    "split2tail": [
      0.036286622777781163,
      0.0344149406810597,
      0.038158304874502627
    ],
    "old": [
      0.020424318987016923,
      0.018984825549123618,
      0.021863812424910228
    ],
    "question11": [
      0.016908083654556438,
      0.015824937222246597,
      0.017991230086866278
    ],
    "question12": [
      0.020599673241952568,
      0.019145176811382381,
      0.022054169672522755
    ]
  },
  "elapsed": 125.22200870833333
}