{
  "scenario": 2,
  "fracPos": 0.25,
  "fracNeg": 0,
  "rho": 0,
  "FDRmethod": "BKY2006",
  "numTests": 2000,
  "numRealizations": 2000,
  "effectSize": 3,
  "CImethod": "Wald",
  "q": 0.05,
  "alpha": 0.05,
  "seed": "shuffle",
  "BothSides": {
    "canonical": [
      0.81395699999999982,
      0.81278669576795792,
      0.81512730423204172
    ],
    "combined": [
      0.68159299999999989,
      0.68027623403325443,
      0.68290976596674535
    ],
    "twotailed": [
      0.70109900000000036,
      0.699742536989679,
      0.70245546301032169
    ],
    "split2tail": [
      0.79975699999999961,
      0.79851045408238408,
      0.80100354591761513
    ],
    "old": [
      0.68091399999999969,
      0.67962804921055864,
      0.68219995078944073
    ],
    "question11": [
      0.66288299999999978,
      0.6615163213612052,
      0.66424967863879436
    ],
    "question12": [
      0.68138299999999941,
      0.68009672892634176,
      0.682669271073657
    ]
  },
  "PosSide": {
    "canonical": [
      0.8149949447828897,
      0.8138252214782199,
      0.8161646680875595
    ],
    "combined": [
      0.66874560476153644,
      0.66748626109957876,
      0.67000494842349412
    ],
    "twotailed": [
      0.68639734664055885,
      0.68511289208567239,
      0.68768180119544531
    ],
    "split2tail": [
      0.80073744311067852,
      0.79949119934697466,
      0.80198368687438237
    ],
    "old": [
      0.8149949447828897,
      0.8138252214782199,
      0.8161646680875595
    ],
    "question11": [
      0.66374097168003909,
      0.662372512697938,
      0.66510943066214023
    ],
    "question12": [
      0.68227665807494287,
      0.68098923755003715,
      0.68356407859984858
    ]
  },
  "NegSide": {
    "canonical": [
      null,
      null,
      null
    ],
    "combined": [
      null,
      null,
      null
    ],
    "twotailed": [
      null,
      null,
      null
    ],
    "split2tail": [
      null,
      null,
      null
    ],
    "old": [
      null,
      null,
      null
    ],
    "question11": [
      null,
      null,
      null
    ],
    "question12": [
      null,
      null,
      null
    ]
  },
  "elapsed": 99.698627333333334
}