{
  "scenario": 15,
  "fracPos": 0.1,
  "fracNeg": 0.4,
  "rho_sign": -1,
  "FDRmethod": "BKY2006",
  "numTests": 2000,
  "numRealizations": 2000,
  "effectSize": 3,
  "CImethod": "Wald",
  "q": 0.05,
  "alpha": 0.05,
  "seed": "shuffle",
  "BothSides": {
    "canonical": [
      0.036959901786245093,
      0.036675466390735892,
      0.037244337181754295
    ],
    "combined": [
      0.031764357920246324,
      0.031490266214301,
      0.032038449626191644
    ],
    "twotailed": [
      0.042942372074284925,
      0.042613387274198423,
      0.043271356874371426
    ],
    "split2tail": [
      0.042408553308646152,
      0.04209389480022447,
      0.042723211817067834
    ],
    "reviewerA": [
      0.019770043009657252,
      0.019547172169968402,
      0.0199929138493461
    ],
    "reviewerB": [
      0.018427120421302054,
      0.018211344800900867,
      0.018642896041703241
    ]
  },
  "PosSide": {
    "canonical": [
      0.026241722219685473,
      0.025593826871046634,
      0.026889617568324312
    ],
    "combined": [
      0.074126177854588568,
      0.073250567933751717,
      0.075001787775425419
    ],
    "twotailed": [
      0.099009010042398857,
      0.098022704020342008,
      0.0999953160644557
    ],
    "split2tail": [
      0.044968941710408668,
      0.044200001613013622,
      0.045737881807803714
    ],
    "reviewerA": [
      0.021353946050069694,
      0.02074039275382589,
      0.021967499346313497
    ],
    "reviewerB": [
      0.013007430316483295,
      0.012495553480715831,
      0.013519307152250758
    ]
  },
  "NegSide": {
    "canonical": [
      0.038805559123244751,
      0.038492468648272625,
      0.039118649598216877
    ],
    "combined": [
      0.020530612564804731,
      0.020294089523889537,
      0.020767135605719925
    ],
    "twotailed": [
      0.027759808879835434,
      0.027487064840967863,
      0.028032552918703005
    ],
    "split2tail": [
      0.041813860121665512,
      0.041474470247299375,
      0.04215324999603165
    ],
    "reviewerA": [
      0.0194222027279582,
      0.019184312859822954,
      0.019660092596093446
    ],
    "reviewerB": [
      0.0192863279001913,
      0.019051239795151241,
      0.019521416005231357
    ]
  },
  "elapsed": 94.219430625
}