{
  "scenario": 6,
  "effectSize": 3,
  "fracPos": 0,
  "fracNeg": 0,
  "rho": 0.25,
  "FDRmethod": "BKY2006",
  "numTests": 2000,
  "numRealizations": 2000,
  "CImethod": "Wald",
  "q": 0.05,
  "alpha": 0.05,
  "seed": "shuffle",
  "BothSides": {
    "canonical": [
      0.084,
      0.071840126027904253,
      0.096159873972095758
    ],
    "combined": [
      0.04,
      0.031409720271712217,
      0.048590279728287784
    ],
    "twotailed": [
      0.04,
      0.031409720271712217,
      0.048590279728287784
    ],
    "split2tail": [
      0.0485,
      0.039082904827544347,
      0.057917095172455656
    ],
    "old": [
      0.04,
      0.031409720271712217,
      0.048590279728287784
    ],
    "question11": [
      0.028,
      0.020768076190044456,
      0.035231923809955545
    ],
    "question12": [
      0.04,
      0.031409720271712217,
      0.048590279728287784
    ]
  },
  "PosSide": {
    "canonical": [
      0.041,
      0.032307535495901429,
      0.049692464504098574
    ],
    "combined": [
      0.02,
      0.013862807726060213,
      0.026137192273939788
    ],
    "twotailed": [
      0.02,
      0.013862807726060213,
      0.026137192273939788
    ],
    "split2tail": [
      0.024,
      0.017290777053619272,
      0.030709222946380729
    ],
    "old": [
      0.02,
      0.013862807726060213,
      0.026137192273939788
    ],
    "question11": [
      0.014,
      0.0088495619325562117,
      0.019150438067443789
    ],
    "question12": [
      0.02,
      0.013862807726060213,
      0.026137192273939788
    ]
  },
  "NegSide": {
    "canonical": [
      0.043,
      0.034107335848968343,
      0.051892664151031651
    ],
    "combined": [
      0.02,
      0.013862807726060217,
      0.026137192273939784
    ],
    "twotailed": [
      0.02,
      0.013862807726060217,
      0.026137192273939784
    ],
    "split2tail": [
      0.0245,
      0.017722986152937,
      0.031277013847063
    ],
    "old": [
      0.02,
      0.013862807726060217,
      0.026137192273939784
    ],
    "question11": [
      0.014,
      0.0088495619325561978,
      0.019150438067443803
    ],
    "question12": [
      0.02,
      0.013862807726060217,
      0.026137192273939784
    ]
  },
  "elapsed": 91.892169666666661
}