{
  "scenario": 9,
  "fracPos": 0.25,
  "fracNeg": 0.25,
  "rho_sign": 1,
  "FDRmethod": "BKY2006",
  "numTests": 2000,
  "numRealizations": 2000,
  "effectSize": 3,
  "CImethod": "Wald",
  "q": 0.05,
  "alpha": 0.05,
  "seed": "shuffle",
  "BothSides": {
    "canonical": [
      0.031744594045121977,
      0.031470378277776268,
      0.032018809812467686
    ],
    "combined": [
      0.031665237893694992,
      0.031391200295471551,
      0.031939275491918433
    ],
    "twotailed": [
      0.042731085607785387,
      0.04241620252399142,
      0.043045968691579353
    ],
    "split2tail": [
      0.042800374475050411,
      0.042485804953060043,
      0.043114943997040779
    ],
    "old": [
      0.015948079645990831,
      0.01574017046785087,
      0.016155988824130791
    ],
    "question11": [
      0.020227568356119271,
      0.019993744767798867,
      0.020461391944439675
    ],
    "question12": [
      0.015987643806849933,
      0.015779366111376789,
      0.016195921502323078
    ]
  },
  "PosSide": {
    "canonical": [
      0.030697020109780308,
      0.03029674167535246,
      0.031097298544208157
    ],
    "combined": [
      0.030680075077965285,
      0.030292830034884942,
      0.031067320121045627
    ],
    "twotailed": [
      0.041770897740359796,
      0.041326832865279835,
      0.042214962615439756
    ],
    "split2tail": [
      0.04184870487079162,
      0.041389995403880039,
      0.0423074143377032
    ],
    "old": [
      0.014847467877939778,
      0.014558121194400716,
      0.015136814561478839
    ],
    "question11": [
      0.019139422700574713,
      0.018808344642449955,
      0.01947050075869947
    ],
    "question12": [
      0.014878809861994715,
      0.014588492561881607,
      0.015169127162107823
    ]
  },
  "NegSide": {
    "canonical": [
      0.032632000756543232,
      0.03224193038585646,
      0.033022071127230004
    ],
    "combined": [
      0.032560474164900967,
      0.03218108195243892,
      0.032939866377363014
    ],
    "twotailed": [
      0.043569525144606241,
      0.043130124984048342,
      0.044008925305164141
    ],
    "split2tail": [
      0.043551461538418511,
      0.043103260142995647,
      0.043999662933841374
    ],
    "old": [
      0.016950922078110539,
      0.016646876751028609,
      0.017254967405192469
    ],
    "question11": [
      0.021193096638952219,
      0.02085884722345447,
      0.021527346054449968
    ],
    "question12": [
      0.016997653496211341,
      0.016692958341552523,
      0.017302348650870158
    ]
  },
  "elapsed": 109.89713554166667
}