{
  "scenario": 7,
  "fracPos": 0.25,
  "fracNeg": 0,
  "rho": 0.25,
  "FDRmethod": "BKY2006",
  "numTests": 2000,
  "numRealizations": 2000,
  "effectSize": 3,
  "CImethod": "Wald",
  "q": 0.05,
  "alpha": 0.05,
  "seed": "shuffle",
  "BothSides": {
    "canonical": [
      0.82138699999999976,
      0.807014030490853,
      0.83575996950914655
    ],
    "combined": [
      0.66564099999999993,
      0.65367526263497289,
      0.677606737365027
    ],
    "twotailed": [
      0.68421499999999946,
      0.67182767529071985,
      0.69660232470927907
    ],
    "split2tail": [
      0.80765599999999993,
      0.79802076911349029,
      0.81729123088650957
    ],
    "old": [
      0.67479599999999962,
      0.66198591199065959,
      0.68760608800933964
    ],
    "question11": [
      0.66180799999999984,
      0.65124710685291365,
      0.672368893147086
    ],
    "question12": [
      0.67540899999999937,
      0.66257661216894459,
      0.68824138783105415
    ]
  },
  "PosSide": {
    "canonical": [
      0.82044267223159151,
      0.80605817218125819,
      0.83482717228192482
    ],
    "combined": [
      0.66034914000665812,
      0.64818435307700029,
      0.672513926936316
    ],
    "twotailed": [
      0.67831579213085225,
      0.66572019957292283,
      0.69091138468878166
    ],
    "split2tail": [
      0.807812546234303,
      0.79815314849182162,
      0.81747194397678435
    ],
    "old": [
      0.82044267223159151,
      0.80605817218125819,
      0.83482717228192482
    ],
    "question11": [
      0.66206717676449356,
      0.6515126873274224,
      0.67262166620156472
    ],
    "question12": [
      0.67555663363851837,
      0.66272221574072543,
      0.6883910515363113
    ]
  },
  "NegSide": {
    "canonical": [
      null,
      null,
      null
    ],
    "combined": [
      null,
      null,
      null
    ],
    "twotailed": [
      null,
      null,
      null
    ],
    "split2tail": [
      null,
      null,
      null
    ],
    "old": [
      null,
      null,
      null
    ],
    "question11": [
      null,
      null,
      null
    ],
    "question12": [
      null,
      null,
      null
    ]
  },
  "elapsed": 101.77517266666666
}