{
  "scenario": 5,
  "fracPos": 0.1,
  "fracNeg": 0.4,
  "rho": 0,
  "FDRmethod": "BKY2006",
  "numTests": 2000,
  "numRealizations": 2000,
  "effectSize": 3,
  "CImethod": "Wald",
  "q": 0.05,
  "alpha": 0.05,
  "seed": "shuffle",
  "BothSides": {
    "canonical": [
      0.84136550000000054,
      0.84062545918302833,
      0.84210554081697275
    ],
    "combined": [
      0.8002355,
      0.7994525248950779,
      0.80101847510492208
    ],
    "twotailed": [
      0.85292000000000046,
      0.852079553050367,
      0.85376044694963393
    ],
    "split2tail": [
      0.87050400000000061,
      0.86970478126068684,
      0.87130321873931438
    ],
    "old": [
      0.72245700000000068,
      0.72160691968778046,
      0.72330708031222091
    ],
    "question11": [
      0.74116,
      0.74024748555726216,
      0.74207251444273792
    ],
    "question12": [
      0.72323050000000066,
      0.72238120536157024,
      0.72407979463843108
    ]
  },
  "PosSide": {
    "canonical": [
      0.63170377608315409,
      0.62972623264124761,
      0.63368131952506057
    ],
    "combined": [
      0.83755426940952515,
      0.835977476530967,
      0.83913106228808332
    ],
    "twotailed": [
      0.90719219603117329,
      0.9055248323666435,
      0.90885955969570309
    ],
    "split2tail": [
      0.73110932065083667,
      0.72906367440624742,
      0.73315496689542592
    ],
    "old": [
      0.63170377608315409,
      0.62972623264124761,
      0.63368131952506057
    ],
    "question11": [
      0.590931020582583,
      0.5887933261951761,
      0.59306871496998981
    ],
    "question12": [
      0.50504827426240573,
      0.50295455035797054,
      0.50714199816684091
    ]
  },
  "NegSide": {
    "canonical": [
      0.89521579117561012,
      0.89442464464120264,
      0.8960069377100176
    ],
    "combined": [
      0.79226898755619568,
      0.79145357956500373,
      0.79308439554738763
    ],
    "twotailed": [
      0.84080441827809793,
      0.83995316483622307,
      0.8416556717199728
    ],
    "split2tail": [
      0.90683732192265909,
      0.90595046235281318,
      0.907724181492505
    ],
    "old": [
      0.778064874203229,
      0.777161974313965,
      0.778967774092493
    ],
    "question11": [
      0.77998074868640177,
      0.77897364823488946,
      0.78098784913791408
    ],
    "question12": [
      0.77900991197223335,
      0.77810687416181534,
      0.77991294978265135
    ]
  },
  "elapsed": 126.75328079166667
}