{
  "scenario": 8,
  "fracPos": 0,
  "fracNeg": 0.25,
  "rho_sign": 1,
  "FDRmethod": "BKY2006",
  "numTests": 2000,
  "numRealizations": 2000,
  "effectSize": 3,
  "CImethod": "Wald",
  "q": 0.05,
  "alpha": 0.05,
  "seed": "shuffle",
  "BothSides": {
    "canonical": [
      0.048372449452448965,
      0.047870073688882651,
      0.048874825216015279
    ],
    "combined": [
      0.042716076509642785,
      0.042228714801871146,
      0.043203438217414424
    ],
    "twotailed": [
      0.047033001646647352,
      0.046522330850610118,
      0.047543672442684586
    ],
    "split2tail": [
      0.045072861763597323,
      0.044596321120858817,
      0.045549402406335829
    ],
    "old": [
      0.024636657543847449,
      0.024262370609207759,
      0.025010944478487139
    ],
    "question11": [
      0.022332080246211472,
      0.021975638490772397,
      0.022688522001650547
    ],
    "question12": [
      0.024709431639582374,
      0.024334580358788393,
      0.025084282920376354
    ]
  },
  "PosSide": {
    "canonical": [
      0.037,
      0.02872523441463003,
      0.045274765585369969
    ],
    "combined": [
      0.9985,
      0.99680347072523423,
      1.0001965292747659
    ],
    "twotailed": [
      0.9995,
      0.99852001800773,
      1.00047998199227
    ],
    "split2tail": [
      0.0515,
      0.041811334190051244,
      0.06118866580994875
    ],
    "old": [
      0.0155,
      0.01008478875056739,
      0.02091521124943261
    ],
    "question11": [
      0.0225,
      0.015998832792771044,
      0.029001167207228954
    ],
    "question12": [
      0.0155,
      0.01008478875056739,
      0.02091521124943261
    ]
  },
  "NegSide": {
    "canonical": [
      0.048279261787966293,
      0.047776699331611612,
      0.048781824244320975
    ],
    "combined": [
      0.02288495187352986,
      0.022526212311215162,
      0.023243691435844559
    ],
    "twotailed": [
      0.025216907758455524,
      0.024839761545530959,
      0.02559405397138009
    ],
    "split2tail": [
      0.044938471401548531,
      0.044461812715095486,
      0.045415130088001576
    ],
    "old": [
      0.024592966444262131,
      0.024218639594244126,
      0.024967293294280136
    ],
    "question11": [
      0.022263809321006491,
      0.021907439212411565,
      0.022620179429601418
    ],
    "question12": [
      0.024665770365976808,
      0.024290895475638997,
      0.025040645256314619
    ]
  },
  "elapsed": 90.38755075
}