{
  "scenario": 2,
  "fracPos": 0.25,
  "fracNeg": 0,
  "rho_sign": 0,
  "FDRmethod": "BKY2006",
  "numTests": 2000,
  "numRealizations": 2000,
  "effectSize": 3,
  "CImethod": "Wald",
  "q": 0.05,
  "alpha": 0.05,
  "seed": "shuffle",
  "BothSides": {
    "canonical": [
      0.046920568410021013,
      0.046442955142878745,
      0.047398181677163281
    ],
    "combined": [
      0.040789226018964571,
      0.040305030452293472,
      0.04127342158563567
    ],
    "twotailed": [
      0.044999613808797294,
      0.044496880700934174,
      0.045502346916660413
    ],
    "split2tail": [
      0.043495421813229407,
      0.043024464303371458,
      0.043966379323087355
    ],
    "reviewerA": [
      0.020724924852464445,
      0.02037729592386885,
      0.02107255378106004
    ],
    "reviewerB": [
      0.022965618731258134,
      0.022605511749264159,
      0.023325725713252109
    ]
  },
  "PosSide": {
    "canonical": [
      0.046843287133316293,
      0.046365855452121185,
      0.0473207188145114
    ],
    "combined": [
      0.020930699704830063,
      0.020582951081956451,
      0.021278448327703675
    ],
    "twotailed": [
      0.023109209717253814,
      0.022744952334782235,
      0.023473467099725392
    ],
    "split2tail": [
      0.04339084692872739,
      0.042920654027486391,
      0.04386103982996839
    ],
    "reviewerA": [
      0.020665454864833784,
      0.02031795367837242,
      0.021012956051295148
    ],
    "reviewerB": [
      0.022916560679212078,
      0.02255655617368232,
      0.023276565184741835
    ]
  },
  "NegSide": {
    "canonical": [
      0.031,
      0.023402259968634896,
      0.0385977400313651
    ],
    "combined": [
      0.998,
      0.99604150727600849,
      0.99995849272399151
    ],
    "twotailed": [
      0.999,
      0.9976144428682947,
      1.0003855571317053
    ],
    "split2tail": [
      0.04,
      0.031409720271712217,
      0.048590279728287784
    ],
    "reviewerA": [
      0.0195,
      0.013438462467152891,
      0.025561537532847109
    ],
    "reviewerB": [
      0.0165,
      0.010915672910432153,
      0.022084327089567847
    ]
  },
  "elapsed": 82.013617375
}