{
  "scenario": 12,
  "fracPos": 0.25,
  "fracNeg": 0,
  "rho_sign": -1,
  "FDRmethod": "BKY2006",
  "numTests": 2000,
  "numRealizations": 2000,
  "effectSize": 3,
  "CImethod": "Wald",
  "q": 0.05,
  "alpha": 0.05,
  "seed": "shuffle",
  "BothSides": {
    "canonical": [
      0.046760938966150592,
      0.046300296612300992,
      0.047221581320000192
    ],
    "combined": [
      0.040738935884947862,
      0.0402612898824918,
      0.041216581887403923
    ],
    "twotailed": [
      0.04494917984245532,
      0.044451651036382239,
      0.0454467086485284
    ],
    "split2tail": [
      0.043502272237686442,
      0.043049190147151813,
      0.04395535432822107
    ],
    "reviewerA": [
      0.020529724792678679,
      0.020192134865028476,
      0.020867314720328881
    ],
    "reviewerB": [
      0.022821405689388459,
      0.022476983284516024,
      0.023165828094260894
    ]
  },
  "PosSide": {
    "canonical": [
      0.046676999341203042,
      0.046217231706767226,
      0.047136766975638858
    ],
    "combined": [
      0.020760874392941952,
      0.020429402226870928,
      0.021092346559012976
    ],
    "twotailed": [
      0.022982581085336688,
      0.022635074332963006,
      0.023330087837710369
    ],
    "split2tail": [
      0.043382647155880666,
      0.042930355279810019,
      0.043834939031951313
    ],
    "reviewerA": [
      0.020465273209801516,
      0.02012816882415587,
      0.020802377595447161
    ],
    "reviewerB": [
      0.022771787837683917,
      0.022427764117908054,
      0.02311581155745978
    ]
  },
  "NegSide": {
    "canonical": [
      0.0335,
      0.02561203406008879,
      0.041387965939911217
    ],
    "combined": [
      1,
      1,
      1
    ],
    "twotailed": [
      1,
      1,
      1
    ],
    "split2tail": [
      0.046,
      0.036816784050712079,
      0.05518321594928792
    ],
    "reviewerA": [
      0.0215,
      0.015141695259574688,
      0.027858304740425308
    ],
    "reviewerB": [
      0.017,
      0.011333134388461317,
      0.022666865611538686
    ]
  },
  "elapsed": 82.362975875
}