{
  "scenario": 10,
  "fracPos": 0.1,
  "fracNeg": 0.4,
  "rho_sign": 1,
  "FDRmethod": "BKY2006",
  "numTests": 2000,
  "numRealizations": 2000,
  "effectSize": 3,
  "CImethod": "Wald",
  "q": 0.05,
  "alpha": 0.05,
  "seed": "shuffle",
  "BothSides": {
    "canonical": [
      0.036936032038595162,
      0.036637829385767783,
      0.037234234691422542
    ],
    "combined": [
      0.031572796448390388,
      0.031303970981567016,
      0.031841621915213759
    ],
    "twotailed": [
      0.042719260377245605,
      0.042411513524064332,
      0.043027007230426878
    ],
    "split2tail": [
      0.042291158239612325,
      0.04197212343607435,
      0.0426101930431503
    ],
    "old": [
      0.01807437522814466,
      0.017854872433965288,
      0.018293878022324031
    ],
    "question11": [
      0.01941394052946795,
      0.019189135644108211,
      0.019638745414827689
    ],
    "question12": [
      0.018171650813695896,
      0.01795104999752271,
      0.018392251629869082
    ]
  },
  "PosSide": {
    "canonical": [
      0.026361482809824296,
      0.025725895631496382,
      0.026997069988152211
    ],
    "combined": [
      0.0730377585350566,
      0.072181730775749131,
      0.073893786294364078
    ],
    "twotailed": [
      0.097971999982045713,
      0.097005676508284275,
      0.098938323455807151
    ],
    "split2tail": [
      0.044179633434994467,
      0.043412012954631908,
      0.044947253915357026
    ],
    "old": [
      0.013126121238454363,
      0.012617851768687948,
      0.013634390708220779
    ],
    "question11": [
      0.021050962713493881,
      0.020458184452741942,
      0.021643740974245821
    ],
    "question12": [
      0.013123930803733636,
      0.012615675604452358,
      0.013632186003014914
    ]
  },
  "NegSide": {
    "canonical": [
      0.038734254083692972,
      0.038395912470077148,
      0.039072595697308796
    ],
    "combined": [
      0.020527618320453585,
      0.02027747432025858,
      0.020777762320648589
    ],
    "twotailed": [
      0.027707876164013372,
      0.027421175059547904,
      0.02799457726847884
    ],
    "split2tail": [
      0.041809456925596553,
      0.041453630449245493,
      0.042165283401947612
    ],
    "old": [
      0.018837589440950618,
      0.018593265242828078,
      0.019081913639073158
    ],
    "question11": [
      0.019042009194363798,
      0.018794416749029361,
      0.019289601639698235
    ],
    "question12": [
      0.018950038634481723,
      0.0187047008044723,
      0.019195376464491147
    ]
  },
  "elapsed": 110.34914629166667
}