{
  "scenario": 5,
  "fracPos": 0.1,
  "fracNeg": 0.4,
  "rho_sign": 0,
  "FDRmethod": "BKY2006",
  "numTests": 2000,
  "numRealizations": 2000,
  "effectSize": 3,
  "CImethod": "Wald",
  "q": 0.05,
  "alpha": 0.05,
  "seed": "shuffle",
  "BothSides": {
    "canonical": [
      0.03699743268089993,
      0.036712718856562729,
      0.037282146505237132
    ],
    "combined": [
      0.031817336391742834,
      0.0315504122988387,
      0.032084260484646972
    ],
    "twotailed": [
      0.042869198713217684,
      0.042560503236033408,
      0.043177894190401959
    ],
    "split2tail": [
      0.04231171066003013,
      0.042006412102655037,
      0.042617009217405223
    ],
    "old": [
      0.018223763338730565,
      0.018005901590442377,
      0.018441625087018753
    ],
    "question11": [
      0.019656813472743433,
      0.019434183673114974,
      0.019879443272371893
    ],
    "question12": [
      0.018303797209315884,
      0.018086338633851094,
      0.018521255784780675
    ]
  },
  "PosSide": {
    "canonical": [
      0.026758926532301403,
      0.026118486665599495,
      0.027399366399003311
    ],
    "combined": [
      0.0735155033181181,
      0.07264682444134328,
      0.074384182194892914
    ],
    "twotailed": [
      0.098686485728051568,
      0.09773648551716109,
      0.099636485938942046
    ],
    "split2tail": [
      0.044646050471915812,
      0.043874033555139795,
      0.045418067388691828
    ],
    "old": [
      0.012931909074671748,
      0.012424704221027226,
      0.01343911392831627
    ],
    "question11": [
      0.02121661621347715,
      0.020618562176821734,
      0.021814670250132565
    ],
    "question12": [
      0.012934536979736145,
      0.012427263063418556,
      0.013441810896053733
    ]
  },
  "NegSide": {
    "canonical": [
      0.03874633996453089,
      0.038427799148157769,
      0.039064880780904011
    ],
    "combined": [
      0.020728650662525883,
      0.020486462973987724,
      0.020970838351064041
    ],
    "twotailed": [
      0.027724100501339988,
      0.027448810063103294,
      0.027999390939576683
    ],
    "split2tail": [
      0.0417450190189688,
      0.041410475407200005,
      0.042079562630737595
    ],
    "old": [
      0.019048623634173652,
      0.018811387622744664,
      0.01928585964560264
    ],
    "question11": [
      0.019302582045517356,
      0.019063677871057828,
      0.019541486219976884
    ],
    "question12": [
      0.019140331776043521,
      0.018903525383155335,
      0.019377138168931708
    ]
  },
  "elapsed": 109.42394308333333
}