{
  "scenario": 4,
  "fracPos": 0.25,
  "fracNeg": 0.25,
  "rho": 0,
  "FDRmethod": "BKY2006",
  "numTests": 2000,
  "numRealizations": 2000,
  "effectSize": 3,
  "CImethod": "Wald",
  "q": 0.05,
  "alpha": 0.05,
  "seed": "shuffle",
  "BothSides": {
    "canonical": [
      0.03165978335312563,
      0.031381026383521478,
      0.031938540322729782
    ],
    "combined": [
      0.031610748504381017,
      0.031332249830738082,
      0.031889247178023952
    ],
    "twotailed": [
      0.042590025202959292,
      0.042266856447244781,
      0.0429131939586738
    ],
    "split2tail": [
      0.042637170440392821,
      0.042316150253856336,
      0.042958190626929307
    ],
    "old": [
      0.015856103873155964,
      0.015648380808306623,
      0.016063826938005305
    ],
    "question11": [
      0.0201933071006945,
      0.019965195382300245,
      0.020421418819088752
    ],
    "question12": [
      0.015886159236479437,
      0.015677865387399494,
      0.016094453085559381
    ]
  },
  "PosSide": {
    "canonical": [
      0.030692083017741879,
      0.030295034548803484,
      0.031089131486680275
    ],
    "combined": [
      0.03072046971862381,
      0.030331167224167489,
      0.031109772213080131
    ],
    "twotailed": [
      0.04173959119591051,
      0.041289584631022939,
      0.04218959776079808
    ],
    "split2tail": [
      0.041700897200924125,
      0.0412387423381757,
      0.042163052063672553
    ],
    "old": [
      0.014962059061217369,
      0.014663060679345509,
      0.01526105744308923
    ],
    "question11": [
      0.019250317398337765,
      0.018924243401708007,
      0.019576391394967523
    ],
    "question12": [
      0.014994731264867625,
      0.014694938235815243,
      0.015294524293920007
    ]
  },
  "NegSide": {
    "canonical": [
      0.032511544286275069,
      0.032123290786870595,
      0.032899797785679544
    ],
    "combined": [
      0.03243313949188055,
      0.032051142071408384,
      0.032815136912352716
    ],
    "twotailed": [
      0.043359198016959262,
      0.042923656027093748,
      0.043794740006824776
    ],
    "split2tail": [
      0.043412917206352479,
      0.042967802562757652,
      0.043858031849947306
    ],
    "old": [
      0.016675768407252496,
      0.016381139234885635,
      0.016970397579619358
    ],
    "question11": [
      0.021027429274054783,
      0.020699152648067171,
      0.021355705900042394
    ],
    "question12": [
      0.016702227447510168,
      0.016407532305736255,
      0.016996922589284081
    ]
  },
  "elapsed": 128.97756908333332
}