{
  "scenario": 10,
  "fracPos": 0.1,
  "fracNeg": 0.4,
  "rho_sign": 1,
  "FDRmethod": "BKY2006",
  "numTests": 2000,
  "numRealizations": 2000,
  "effectSize": 3,
  "CImethod": "Wald",
  "q": 0.05,
  "alpha": 0.05,
  "seed": "shuffle",
  "BothSides": {
    "canonical": [
      0.037339852793839022,
      0.037036482618725969,
      0.037643222968952075
    ],
    "combined": [
      0.032078334096358886,
      0.031800080046499327,
      0.032356588146218446
    ],
    "twotailed": [
      0.04315607164019785,
      0.042840603525509044,
      0.043471539754886657
    ],
    "split2tail": [
      0.042645102403203142,
      0.042321260584950518,
      0.042968944221455765
    ],
    "reviewerA": [
      0.020134453107532785,
      0.01990097709263506,
      0.02036792912243051
    ],
    "reviewerB": [
      0.018828253689903811,
      0.018599039491724995,
      0.019057467888082626
    ]
  },
  "PosSide": {
    "canonical": [
      0.027308085507746611,
      0.026664950507497794,
      0.027951220507995429
    ],
    "combined": [
      0.07440924842083281,
      0.073530157522668074,
      0.075288339318997546
    ],
    "twotailed": [
      0.099242350776648239,
      0.0982760671976343,
      0.10020863435566217
    ],
    "split2tail": [
      0.045486598023793762,
      0.044718320432902789,
      0.046254875614684735
    ],
    "reviewerA": [
      0.022384680864690969,
      0.021775840643126269,
      0.022993521086255669
    ],
    "reviewerB": [
      0.014060677474900156,
      0.013541128785073703,
      0.014580226164726609
    ]
  },
  "NegSide": {
    "canonical": [
      0.039045799596156755,
      0.038706844280996987,
      0.039384754911316523
    ],
    "combined": [
      0.020802629510654171,
      0.020549006115301981,
      0.021056252906006361
    ],
    "twotailed": [
      0.027919340047204224,
      0.027631893363313554,
      0.028206786731094894
    ],
    "split2tail": [
      0.041965211370752376,
      0.041605773684467294,
      0.042324649057037457
    ],
    "reviewerA": [
      0.019649560949405828,
      0.01939768682630242,
      0.019901435072509237
    ],
    "reviewerB": [
      0.019563329135907005,
      0.019312021009871314,
      0.019814637261942696
    ]
  },
  "elapsed": 93.723346
}