{
  "scenario": 1,
  "effectSize": 3,
  "fracPos": 0,
  "fracNeg": 0,
  "rho_sign": 0,
  "FDRmethod": "BKY2006",
  "numTests": 2000,
  "numRealizations": 2000,
  "CImethod": "Wald",
  "q": 0.05,
  "alpha": 0.05,
  "seed": "shuffle",
  "BothSides": {
    "canonical": [
      0.1025,
      0.089204004627724029,
      0.11579599537227596
    ],
    "combined": [
      0.053,
      0.043179024711744014,
      0.06282097528825599
    ],
    "twotailed": [
      0.053,
      0.043179024711744014,
      0.06282097528825599
    ],
    "split2tail": [
      0.102,
      0.088732779468160217,
      0.11526722053183977
    ],
    "old": [
      0.052,
      0.042266981822996215,
      0.06173301817700378
    ],
    "question11": [
      0.052,
      0.042266981822996215,
      0.06173301817700378
    ],
    "question12": [
      0.052,
      0.042266981822996215,
      0.06173301817700378
    ]
  },
  "PosSide": {
    "canonical": [
      0.0465,
      0.037269430021679151,
      0.055730569978320849
    ],
    "combined": [
      0.026,
      0.019023977922222136,
      0.032976022077777861
    ],
    "twotailed": [
      0.026,
      0.019023977922222136,
      0.032976022077777861
    ],
    "split2tail": [
      0.046,
      0.036816784050712079,
      0.05518321594928792
    ],
    "old": [
      0.0235,
      0.016859332295614243,
      0.030140667704385758
    ],
    "question11": [
      0.0235,
      0.016859332295614243,
      0.030140667704385758
    ],
    "question12": [
      0.0235,
      0.016859332295614243,
      0.030140667704385758
    ]
  },
  "NegSide": {
    "canonical": [
      0.06,
      0.049589268497901885,
      0.070410731502098117
    ],
    "combined": [
      0.031,
      0.023402259968634896,
      0.0385977400313651
    ],
    "twotailed": [
      0.031,
      0.023402259968634896,
      0.0385977400313651
    ],
    "split2tail": [
      0.06,
      0.049589268497901885,
      0.070410731502098117
    ],
    "old": [
      0.029,
      0.021643854548480237,
      0.036356145451519765
    ],
    "question11": [
      0.029,
      0.021643854548480237,
      0.036356145451519765
    ],
    "question12": [
      0.029,
      0.021643854548480237,
      0.036356145451519765
    ]
  },
  "elapsed": 96.653254083333337
}