{
  "scenario": 13,
  "fracPos": 0,
  "fracNeg": 0.25,
  "rho_sign": -1,
  "FDRmethod": "BKY2006",
  "numTests": 2000,
  "numRealizations": 2000,
  "effectSize": 3,
  "CImethod": "Wald",
  "q": 0.05,
  "alpha": 0.05,
  "seed": "shuffle",
  "BothSides": {
    "canonical": [
      0.04832386729311583,
      0.047881167361028862,
      0.0487665672252028
    ],
    "combined": [
      0.042276571609504744,
      0.041805534528649636,
      0.042747608690359852
    ],
    "twotailed": [
      0.046433048221616077,
      0.045943551917644522,
      0.046922544525587633
    ],
    "split2tail": [
      0.045092299059659974,
      0.044653204957542984,
      0.045531393161776963
    ],
    "reviewerA": [
      0.022477580480241954,
      0.022135267403591286,
      0.022819893556892623
    ],
    "reviewerB": [
      0.024628658321311277,
      0.02427789449252464,
      0.024979422150097914
    ]
  },
  "PosSide": {
    "canonical": [
      0.0355,
      0.027388391409535764,
      0.043611608590464229
    ],
    "combined": [
      0.999,
      0.9976144428682947,
      1.0003855571317053
    ],
    "twotailed": [
      1,
      1,
      1
    ],
    "split2tail": [
      0.049,
      0.039536974890931012,
      0.058463025109068992
    ],
    "reviewerA": [
      0.026,
      0.019023977922222136,
      0.032976022077777861
    ],
    "reviewerB": [
      0.0165,
      0.010915672910432153,
      0.022084327089567847
    ]
  },
  "NegSide": {
    "canonical": [
      0.048227323151550684,
      0.047785225500000077,
      0.048669420803101292
    ],
    "combined": [
      0.022624653395443648,
      0.022285362979449382,
      0.022963943811437914
    ],
    "twotailed": [
      0.024786563581850066,
      0.024434131345674653,
      0.025138995818025478
    ],
    "split2tail": [
      0.044952370166784876,
      0.04451437725243701,
      0.045390363081132742
    ],
    "reviewerA": [
      0.022394442676752595,
      0.022052901891670907,
      0.022735983461834284
    ],
    "reviewerB": [
      0.024580585461447094,
      0.024230878710008671,
      0.024930292212885518
    ]
  },
  "elapsed": 81.656503916666665
}