{
  "scenario": 2,
  "fracPos": 0.25,
  "fracNeg": 0,
  "rho": 0,
  "FDRmethod": "BKY2006",
  "numTests": 2000,
  "numRealizations": 2000,
  "effectSize": 3,
  "CImethod": "Wald",
  "q": 0.05,
  "alpha": 0.05,
  "seed": "shuffle",
  "BothSides": {
    "canonical": [
      0.046435084974757942,
      0.045967129047342958,
      0.046903040902172927
    ],
    "combined": [
      0.0404899503647419,
      0.040013522651225937,
      0.040966378078257863
    ],
    "twotailed": [
      0.044697541600955515,
      0.044201493283815008,
      0.045193589918096022
    ],
    "split2tail": [
      0.04312627377739392,
      0.042671237103955317,
      0.043581310450832522
    ],
    "old": [
      0.022485682627515578,
      0.022126071644043489,
      0.022845293610987666
    ],
    "question11": [
      0.020280563099444582,
      0.019935428670764227,
      0.020625697528124938
    ],
    "question12": [
      0.022527974017898876,
      0.022168893597708159,
      0.022887054438089593
    ]
  },
  "PosSide": {
    "canonical": [
      0.046352103763338814,
      0.0458842406294545,
      0.046819966897223127
    ],
    "combined": [
      0.020800851026610365,
      0.02045329358103511,
      0.021148408472185621
    ],
    "twotailed": [
      0.023001138604622391,
      0.022640710184982527,
      0.023361567024262255
    ],
    "split2tail": [
      0.04299575979803482,
      0.04254037601842843,
      0.04345114357764121
    ],
    "old": [
      0.02243504786688514,
      0.02207530973042646,
      0.022794786003343819
    ],
    "question11": [
      0.020212194509599251,
      0.019867236533752705,
      0.020557152485445797
    ],
    "question12": [
      0.022477365771446937,
      0.022118144208385607,
      0.022836587334508267
    ]
  },
  "NegSide": {
    "canonical": [
      0.0335,
      0.025612034060088804,
      0.0413879659399112
    ],
    "combined": [
      0.998,
      0.99604150727600849,
      0.99995849272399151
    ],
    "twotailed": [
      0.999,
      0.9976144428682947,
      1.0003855571317053
    ],
    "split2tail": [
      0.0495,
      0.039991317331116508,
      0.0590086826688835
    ],
    "old": [
      0.017,
      0.01133313438846131,
      0.022666865611538693
    ],
    "question11": [
      0.022,
      0.015569829898300044,
      0.028430170101699952
    ],
    "question12": [
      0.017,
      0.01133313438846131,
      0.022666865611538693
    ]
  },
  "elapsed": 99.697908625
}