{
  "scenario": 4,
  "fracPos": 0.25,
  "fracNeg": 0.25,
  "rho_sign": 0,
  "FDRmethod": "BKY2006",
  "numTests": 2000,
  "numRealizations": 2000,
  "effectSize": 3,
  "CImethod": "Wald",
  "q": 0.05,
  "alpha": 0.05,
  "seed": "shuffle",
  "BothSides": {
    "canonical": [
      0.031585292714485833,
      0.031315554069143853,
      0.031855031359827812
    ],
    "combined": [
      0.031508060391410117,
      0.031239548774151249,
      0.031776572008668985
    ],
    "twotailed": [
      0.042864405476484548,
      0.042550397554599606,
      0.043178413398369489
    ],
    "split2tail": [
      0.042940678224639026,
      0.042626198949036062,
      0.043255157500241989
    ],
    "old": [
      0.015912294379660623,
      0.015713416940236397,
      0.016111171819084849
    ],
    "question11": [
      0.020177215848718427,
      0.019952333163462073,
      0.020402098533974782
    ],
    "question12": [
      0.015946837308884812,
      0.015747949613057029,
      0.016145725004712595
    ]
  },
  "PosSide": {
    "canonical": [
      0.030816093243424186,
      0.030431596606216325,
      0.031200589880632047
    ],
    "combined": [
      0.030805436576161322,
      0.030429350848891687,
      0.031181522303430957
    ],
    "twotailed": [
      0.041974776879778949,
      0.041551355919826893,
      0.042398197839731006
    ],
    "split2tail": [
      0.041942155409304849,
      0.041504252830332843,
      0.042380057988276855
    ],
    "old": [
      0.014979061805643328,
      0.014694140813237453,
      0.015263982798049204
    ],
    "question11": [
      0.019327075207719806,
      0.019013115252304022,
      0.01964103516313559
    ],
    "question12": [
      0.015019808877421855,
      0.014734750904525104,
      0.015304866850318606
    ]
  },
  "NegSide": {
    "canonical": [
      0.032258733885030595,
      0.031879161074239659,
      0.032638306695821531
    ],
    "combined": [
      0.032162214996371966,
      0.031788842638635934,
      0.032535587354108
    ],
    "twotailed": [
      0.043686091007808334,
      0.043252202394749091,
      0.044119979620867576
    ],
    "split2tail": [
      0.043783563827521153,
      0.043337819070751092,
      0.044229308584291215
    ],
    "old": [
      0.016783100096363236,
      0.016490882085957125,
      0.017075318106769346
    ],
    "question11": [
      0.020937546241270519,
      0.020612765474977143,
      0.021262327007563895
    ],
    "question12": [
      0.01681138599208774,
      0.01651882439833622,
      0.01710394758583926
    ]
  },
  "elapsed": 109.98901595833334
}