{
  "scenario": 4,
  "fracPos": 0.25,
  "fracNeg": 0.25,
  "rho_sign": 0,
  "FDRmethod": "BKY2006",
  "numTests": 2000,
  "numRealizations": 2000,
  "effectSize": 3,
  "CImethod": "Wald",
  "q": 0.05,
  "alpha": 0.05,
  "seed": "shuffle",
  "BothSides": {
    "canonical": [
      0.0316862412141157,
      0.03141425000211065,
      0.031958232426120753
    ],
    "combined": [
      0.031641801608648761,
      0.031369693027262578,
      0.031913910190034943
    ],
    "twotailed": [
      0.042792163500464823,
      0.042473424063085526,
      0.043110902937844121
    ],
    "split2tail": [
      0.042884421798400164,
      0.042565850831654865,
      0.043202992765145463
    ],
    "reviewerA": [
      0.020550023984087829,
      0.020318044874491421,
      0.020782003093684238
    ],
    "reviewerB": [
      0.016209041683170725,
      0.015997309189010746,
      0.016420774177330705
    ]
  },
  "PosSide": {
    "canonical": [
      0.030407731934646808,
      0.030033631384690083,
      0.030781832484603533
    ],
    "combined": [
      0.030389068926779998,
      0.030020491990264363,
      0.030757645863295633
    ],
    "twotailed": [
      0.041633431063228227,
      0.041203213178951668,
      0.042063648947504785
    ],
    "split2tail": [
      0.041642331619976859,
      0.041201449373470769,
      0.042083213866482949
    ],
    "reviewerA": [
      0.019373857249017697,
      0.019055081516772602,
      0.019692632981262791
    ],
    "reviewerB": [
      0.015072455038715116,
      0.014779008329426227,
      0.015365901748004005
    ]
  },
  "NegSide": {
    "canonical": [
      0.032848087428219486,
      0.032452766161025423,
      0.033243408695413548
    ],
    "combined": [
      0.032826960075043148,
      0.032439470279131195,
      0.0332144498709551
    ],
    "twotailed": [
      0.0438664979476609,
      0.043428187899639814,
      0.044304807995681983
    ],
    "split2tail": [
      0.043953047267818408,
      0.043495660450632981,
      0.044410434085003836
    ],
    "reviewerA": [
      0.021617850590192198,
      0.021281584021819053,
      0.021954117158565344
    ],
    "reviewerB": [
      0.017270483907663878,
      0.016968186301601358,
      0.017572781513726397
    ]
  },
  "elapsed": 94.647425666666663
}