{
  "scenario": 9,
  "fracPos": 0.25,
  "fracNeg": 0.25,
  "rho": 0.25,
  "FDRmethod": "BKY2006",
  "numTests": 2000,
  "numRealizations": 2000,
  "effectSize": 3,
  "CImethod": "Wald",
  "q": 0.05,
  "alpha": 0.05,
  "seed": "shuffle",
  "BothSides": {
    "canonical": [
      0.78314599999999968,
      0.78110576020522049,
      0.78518623979477886
    ],
    "combined": [
      0.79899599999999982,
      0.79772717566319051,
      0.80026482433680912
    ],
    "twotailed": [
      0.8517165000000001,
      0.85048366724626079,
      0.85294933275373941
    ],
    "split2tail": [
      0.85090500000000024,
      0.84926739755625635,
      0.85254260244374414
    ],
    "old": [
      0.65478199999999975,
      0.65273680583221272,
      0.65682719416778679
    ],
    "question11": [
      0.70672100000000038,
      0.70459058196128976,
      0.708851418038711
    ],
    "question12": [
      0.6552174999999999,
      0.65316600523152879,
      0.657268994768471
    ]
  },
  "PosSide": {
    "canonical": [
      0.7736234614925569,
      0.76243565430922045,
      0.78481126867589335
    ],
    "combined": [
      0.79261714724389143,
      0.78459766323300728,
      0.80063663125477558
    ],
    "twotailed": [
      0.84546509898533584,
      0.83769336633678826,
      0.85323683163388342
    ],
    "split2tail": [
      0.843453700777653,
      0.83488211183707683,
      0.85202528971822922
    ],
    "old": [
      0.7736234614925569,
      0.76243565430922045,
      0.78481126867589335
    ],
    "question11": [
      0.69837901979258865,
      0.68829611215496234,
      0.708461927430215
    ],
    "question12": [
      0.64557181524115859,
      0.63373453975398308,
      0.65740909072833409
    ]
  },
  "NegSide": {
    "canonical": [
      0.793540698210541,
      0.78256477007048264,
      0.80451662635059928
    ],
    "combined": [
      0.80660808370995141,
      0.79871920027970444,
      0.81449696714019837
    ],
    "twotailed": [
      0.85936262711196765,
      0.85168874701379671,
      0.86703650721013859
    ],
    "split2tail": [
      0.85959891956805423,
      0.85130937490234437,
      0.86788846423376409
    ],
    "old": [
      0.6650191223512889,
      0.65336038450574629,
      0.67667786019683152
    ],
    "question11": [
      0.7158380001027278,
      0.705987064738946,
      0.72568893546650959
    ],
    "question12": [
      0.66542733113907049,
      0.65376119084307749,
      0.67709347143506349
    ]
  },
  "elapsed": 127.68491591666667
}