{
  "scenario": 8,
  "fracPos": 0,
  "fracNeg": 0.25,
  "rho_sign": 1,
  "FDRmethod": "BKY2006",
  "numTests": 2000,
  "numRealizations": 2000,
  "effectSize": 3,
  "CImethod": "Wald",
  "q": 0.05,
  "alpha": 0.05,
  "seed": "shuffle",
  "BothSides": {
    "canonical": [
      0.048244494837134083,
      0.047763738804690259,
      0.048725250869577907
    ],
    "combined": [
      0.042662039647034265,
      0.042189900951789455,
      0.043134178342279075
    ],
    "twotailed": [
      0.046968510911547939,
      0.046471766335317653,
      0.047465255487778225
    ],
    "split2tail": [
      0.044894007217546869,
      0.044433548660250573,
      0.045354465774843165
    ],
    "reviewerA": [
      0.022457967189703346,
      0.022107490801972798,
      0.022808443577433894
    ],
    "reviewerB": [
      0.024718367341235548,
      0.02435516333988998,
      0.025081571342581117
    ]
  },
  "PosSide": {
    "canonical": [
      0.043,
      0.034107335848968343,
      0.051892664151031651
    ],
    "combined": [
      1,
      1,
      1
    ],
    "twotailed": [
      1,
      1,
      1
    ],
    "split2tail": [
      0.0565,
      0.04637868666050262,
      0.06662131333949739
    ],
    "reviewerA": [
      0.0295,
      0.022082620975595223,
      0.03691737902440477
    ],
    "reviewerB": [
      0.0225,
      0.015998832792771044,
      0.029001167207228954
    ]
  },
  "NegSide": {
    "canonical": [
      0.048134997652505063,
      0.047655566502078639,
      0.048614428802931486
    ],
    "combined": [
      0.022636194772634382,
      0.022287111341812559,
      0.022985278203456205
    ],
    "twotailed": [
      0.024874606172717223,
      0.02451088823766338,
      0.025238324107771066
    ],
    "split2tail": [
      0.044744403559701044,
      0.044285559380431452,
      0.045203247738970637
    ],
    "reviewerA": [
      0.022366427911752786,
      0.022017047975786477,
      0.022715807847719094
    ],
    "reviewerB": [
      0.024650336608081143,
      0.024287651318205237,
      0.025013021897957049
    ]
  },
  "elapsed": 82.79139375
}