{
  "scenario": 6,
  "effectSize": 3,
  "fracPos": 0,
  "fracNeg": 0,
  "rho_sign": 1,
  "FDRmethod": "BKY2006",
  "numTests": 2000,
  "numRealizations": 2000,
  "CImethod": "Wald",
  "q": 0.05,
  "alpha": 0.05,
  "seed": "shuffle",
  "BothSides": {
    "canonical": [
      0.103,
      0.089675327981763586,
      0.1163246720182364
    ],
    "combined": [
      0.049,
      0.039536974890931012,
      0.058463025109068992
    ],
    "twotailed": [
      0.049,
      0.039536974890931012,
      0.058463025109068992
    ],
    "split2tail": [
      0.1025,
      0.089204004627724029,
      0.11579599537227596
    ],
    "old": [
      0.0485,
      0.039082904827544347,
      0.057917095172455656
    ],
    "question11": [
      0.05,
      0.040445928243149236,
      0.05955407175685077
    ],
    "question12": [
      0.0485,
      0.039082904827544347,
      0.057917095172455656
    ]
  },
  "PosSide": {
    "canonical": [
      0.0525,
      0.042722879787699515,
      0.062277120212300481
    ],
    "combined": [
      0.028,
      0.020768076190044449,
      0.035231923809955552
    ],
    "twotailed": [
      0.028,
      0.020768076190044449,
      0.035231923809955552
    ],
    "split2tail": [
      0.052,
      0.042266981822996222,
      0.061733018177003773
    ],
    "old": [
      0.0275,
      0.020331094660280817,
      0.034668905339719183
    ],
    "question11": [
      0.0275,
      0.020331094660280817,
      0.034668905339719183
    ],
    "question12": [
      0.0275,
      0.020331094660280817,
      0.034668905339719183
    ]
  },
  "NegSide": {
    "canonical": [
      0.0535,
      0.043635413301401381,
      0.06336458669859861
    ],
    "combined": [
      0.024,
      0.017290777053619266,
      0.030709222946380735
    ],
    "twotailed": [
      0.024,
      0.017290777053619266,
      0.030709222946380735
    ],
    "split2tail": [
      0.0535,
      0.043635413301401381,
      0.06336458669859861
    ],
    "old": [
      0.022,
      0.015569829898300046,
      0.028430170101699952
    ],
    "question11": [
      0.0235,
      0.016859332295614243,
      0.030140667704385758
    ],
    "question12": [
      0.022,
      0.015569829898300046,
      0.028430170101699952
    ]
  },
  "elapsed": 95.86147825
}