{
  "scenario": 10,
  "fracPos": 0.1,
  "fracNeg": 0.4,
  "rho": 0.25,
  "FDRmethod": "BKY2006",
  "numTests": 2000,
  "numRealizations": 2000,
  "effectSize": 3,
  "CImethod": "Wald",
  "q": 0.05,
  "alpha": 0.05,
  "seed": "shuffle",
  "BothSides": {
    "canonical": [
      0.82769999999999977,
      0.82219753040869525,
      0.83320246959130428
    ],
    "combined": [
      0.79294300000000006,
      0.78740105237964186,
      0.79848494762035827
    ],
    "twotailed": [
      0.84308299999999992,
      0.83748919263240784,
      0.848676807367592
    ],
    "split2tail": [
      0.8657634999999998,
      0.861431793337784,
      0.87009520666221563
    ],
    "old": [
      0.7029235,
      0.69649763281461674,
      0.70934936718538333
    ],
    "question11": [
      0.726924,
      0.72097802184147686,
      0.73286997815852317
    ],
    "question12": [
      0.70370800000000011,
      0.69727321562419142,
      0.7101427843758088
    ]
  },
  "PosSide": {
    "canonical": [
      0.61465932541236745,
      0.60166787074500849,
      0.62765078007972641
    ],
    "combined": [
      0.82552771193570285,
      0.81749224290936684,
      0.83356318096203885
    ],
    "twotailed": [
      0.88916111632379013,
      0.88142986437477489,
      0.89689236827280538
    ],
    "split2tail": [
      0.7266452783881524,
      0.7163153438729063,
      0.73697521290339851
    ],
    "old": [
      0.61465932541236745,
      0.60166787074500849,
      0.62765078007972641
    ],
    "question11": [
      0.578532403512786,
      0.56792656314612433,
      0.58913824387944769
    ],
    "question12": [
      0.48901139605286731,
      0.47665821641936384,
      0.50136457568637083
    ]
  },
  "NegSide": {
    "canonical": [
      0.88162149947640911,
      0.87179351989677178,
      0.89144947905604643
    ],
    "combined": [
      0.78552565813251618,
      0.77675881525078727,
      0.79429250101424509
    ],
    "twotailed": [
      0.83237672862662149,
      0.82361617346140237,
      0.84113728379184061
    ],
    "split2tail": [
      0.901372801001533,
      0.89367122245882868,
      0.90907437954423742
    ],
    "old": [
      0.75686660736778466,
      0.74597569988971235,
      0.767757514845857
    ],
    "question11": [
      0.76453183402403169,
      0.75474590454155566,
      0.77431776350650772
    ],
    "question12": [
      0.75781598115747351,
      0.74691385526683107,
      0.76871810704811594
    ]
  },
  "elapsed": 125.22284654166667
}