{
  "scenario": 3,
  "fracPos": 0,
  "fracNeg": 0.25,
  "rho": 0,
  "FDRmethod": "BKY2006",
  "numTests": 2000,
  "numRealizations": 2000,
  "effectSize": 3,
  "CImethod": "Wald",
  "q": 0.05,
  "alpha": 0.05,
  "seed": "shuffle",
  "BothSides": {
    "canonical": [
      0.048652661806787616,
      0.048174056891965772,
      0.04913126672160946
    ],
    "combined": [
      0.042568320115644251,
      0.042085575260354807,
      0.043051064970933695
    ],
    "twotailed": [
      0.046681275221930593,
      0.046178112573788711,
      0.047184437870072475
    ],
    "split2tail": [
      0.045331546329168505,
      0.044860072106391924,
      0.045803020551945087
    ],
    "old": [
      0.02452770408587843,
      0.024172278521120121,
      0.024883129650636739
    ],
    "question11": [
      0.02236957119664305,
      0.022023388499944698,
      0.022715753893341403
    ],
    "question12": [
      0.024575741790484062,
      0.0242204247920479,
      0.024931058788920223
    ]
  },
  "PosSide": {
    "canonical": [
      0.04,
      0.031409720271712217,
      0.048590279728287784
    ],
    "combined": [
      0.999,
      0.9976144428682947,
      1.0003855571317053
    ],
    "twotailed": [
      1,
      1,
      1
    ],
    "split2tail": [
      0.051,
      0.041355940342639709,
      0.060644059657360284
    ],
    "old": [
      0.0185,
      0.012592921937510271,
      0.024407078062489727
    ],
    "question11": [
      0.025,
      0.018155936880975013,
      0.03184406311902499
    ],
    "question12": [
      0.0185,
      0.012592921937510271,
      0.024407078062489727
    ]
  },
  "NegSide": {
    "canonical": [
      0.048552964913292057,
      0.0480746707939814,
      0.049031259032602713
    ],
    "combined": [
      0.022839933179955692,
      0.022494033879573661,
      0.023185832480337724
    ],
    "twotailed": [
      0.025039079817363977,
      0.02468119596233663,
      0.025396963672391325
    ],
    "split2tail": [
      0.045201712972033077,
      0.044731215902557485,
      0.045672210041508669
    ],
    "old": [
      0.024474983377306896,
      0.024120251449427834,
      0.024829715305185959
    ],
    "question11": [
      0.022296221083286046,
      0.0219512334498161,
      0.022641208716755991
    ],
    "question12": [
      0.024523041150799584,
      0.024168400908384926,
      0.024877681393214241
    ]
  },
  "elapsed": 100.04651908333334
}