{
  "scenario": 8,
  "fracPos": 0,
  "fracNeg": 0.25,
  "rho": 0.25,
  "FDRmethod": "BKY2006",
  "numTests": 2000,
  "numRealizations": 2000,
  "effectSize": 3,
  "CImethod": "Wald",
  "q": 0.05,
  "alpha": 0.05,
  "seed": "shuffle",
  "BothSides": {
    "canonical": [
      0.060692753197909857,
      0.055747908128359794,
      0.065637598267459921
    ],
    "combined": [
      0.046624991950765686,
      0.043105609512796975,
      0.0501443743887344
    ],
    "twotailed": [
      0.051026500115899043,
      0.047337673849853663,
      0.054715326381944422
    ],
    "split2tail": [
      0.041757507432729754,
      0.038410676237996273,
      0.045104338627463235
    ],
    "old": [
      0.032828492504192217,
      0.029268250113782392,
      0.036388734894602037
    ],
    "question11": [
      0.0223371312204332,
      0.0196864869550738,
      0.024987775485792597
    ],
    "question12": [
      0.032934963298076228,
      0.029368822248512436,
      0.03650110434764002
    ]
  },
  "PosSide": {
    "canonical": [
      0.033,
      0.0251690959817875,
      0.0408309040182125
    ],
    "combined": [
      0.7155,
      0.69572175973495409,
      0.735278240265046
    ],
    "twotailed": [
      0.7485,
      0.72948017174656787,
      0.76751982825343223
    ],
    "split2tail": [
      0.027,
      0.019894739645756943,
      0.034105260354243057
    ],
    "old": [
      0.0195,
      0.013438462467152894,
      0.025561537532847105
    ],
    "question11": [
      0.0155,
      0.010084788750567382,
      0.020915211249432616
    ],
    "question12": [
      0.0195,
      0.013438462467152894,
      0.025561537532847105
    ]
  },
  "NegSide": {
    "canonical": [
      0.053749121214672443,
      0.049821702527047762,
      0.057676539902297125
    ],
    "combined": [
      0.02391878781318986,
      0.021917297577335536,
      0.025920278049044183
    ],
    "twotailed": [
      0.027425098807762067,
      0.025087784722504624,
      0.029762412893019511
    ],
    "split2tail": [
      0.037930019819435327,
      0.035416492567402716,
      0.040443547071467939
    ],
    "old": [
      0.027507586468027288,
      0.025153187359621666,
      0.029861985576432909
    ],
    "question11": [
      0.019004115021662178,
      0.017496274611496703,
      0.020511955431827652
    ],
    "question12": [
      0.027614079512317372,
      0.025250309924008538,
      0.029977849100626206
    ]
  },
  "elapsed": 101.62549070833333
}