{
  "scenario": 7,
  "fracPos": 0.25,
  "fracNeg": 0,
  "rho_sign": 1,
  "FDRmethod": "BKY2006",
  "numTests": 2000,
  "numRealizations": 2000,
  "effectSize": 3,
  "CImethod": "Wald",
  "q": 0.05,
  "alpha": 0.05,
  "seed": "shuffle",
  "BothSides": {
    "canonical": [
      0.046810787543821911,
      0.046317029078022293,
      0.047304546009621529
    ],
    "combined": [
      0.041011303572629443,
      0.040534074661105583,
      0.0414885324841533
    ],
    "twotailed": [
      0.045241583557566939,
      0.044744227818997423,
      0.045738939296136455
    ],
    "split2tail": [
      0.04335671334898987,
      0.042880406110851088,
      0.043833020587128652
    ],
    "old": [
      0.022804668802944385,
      0.022446453564949561,
      0.023162884040939209
    ],
    "question11": [
      0.020537181789123626,
      0.02019168977939,
      0.020882673798857252
    ],
    "question12": [
      0.022853715456873435,
      0.022494961944166218,
      0.023212468969580652
    ]
  },
  "PosSide": {
    "canonical": [
      0.046728991625357805,
      0.046235518455526717,
      0.047222464795188893
    ],
    "combined": [
      0.02107351031341962,
      0.020724852937895,
      0.021422167688944241
    ],
    "twotailed": [
      0.023310051292542922,
      0.02294721807779454,
      0.023672884507291304
    ],
    "split2tail": [
      0.043234273236752649,
      0.042758961790093274,
      0.043709584683412024
    ],
    "old": [
      0.022760010572371571,
      0.022402163869121468,
      0.023117857275621673
    ],
    "question11": [
      0.020465814701028311,
      0.020120947333161363,
      0.020810682068895258
    ],
    "question12": [
      0.022809089910547437,
      0.022450688684678737,
      0.023167491136416137
    ]
  },
  "NegSide": {
    "canonical": [
      0.033,
      0.025169095981787497,
      0.0408309040182125
    ],
    "combined": [
      1,
      1,
      1
    ],
    "twotailed": [
      1,
      1,
      1
    ],
    "split2tail": [
      0.047,
      0.037722369470981704,
      0.0562776305290183
    ],
    "old": [
      0.0155,
      0.010084788750567383,
      0.020915211249432616
    ],
    "question11": [
      0.023,
      0.016428675800816521,
      0.029571324199183478
    ],
    "question12": [
      0.0155,
      0.010084788750567383,
      0.020915211249432616
    ]
  },
  "elapsed": 91.553553333333326
}