{
  "scenario": 1,
  "effectSize": 3,
  "fracPos": 0,
  "fracNeg": 0,
  "rho": 0,
  "FDRmethod": "BKY2006",
  "numTests": 2000,
  "numRealizations": 2000,
  "CImethod": "Wald",
  "q": 0.05,
  "alpha": 0.05,
  "seed": "shuffle",
  "BothSides": {
    "canonical": [
      0.0975,
      0.084496280073852459,
      0.11050371992614755
    ],
    "combined": [
      0.0485,
      0.03908290482754434,
      0.057917095172455663
    ],
    "twotailed": [
      0.0485,
      0.03908290482754434,
      0.057917095172455663
    ],
    "split2tail": [
      0.0975,
      0.084496280073852459,
      0.11050371992614755
    ],
    "old": [
      0.047,
      0.037722369470981704,
      0.0562776305290183
    ],
    "question11": [
      0.0465,
      0.037269430021679151,
      0.055730569978320849
    ],
    "question12": [
      0.047,
      0.037722369470981704,
      0.0562776305290183
    ]
  },
  "PosSide": {
    "canonical": [
      0.0515,
      0.041811334190051258,
      0.061188665809948736
    ],
    "combined": [
      0.0255,
      0.018589607650358438,
      0.032410392349641562
    ],
    "twotailed": [
      0.0255,
      0.018589607650358438,
      0.032410392349641562
    ],
    "split2tail": [
      0.051,
      0.041355940342639709,
      0.060644059657360284
    ],
    "old": [
      0.024,
      0.017290777053619262,
      0.030709222946380739
    ],
    "question11": [
      0.0235,
      0.016859332295614243,
      0.030140667704385758
    ],
    "question12": [
      0.024,
      0.017290777053619262,
      0.030709222946380739
    ]
  },
  "NegSide": {
    "canonical": [
      0.049,
      0.039536974890931026,
      0.058463025109068978
    ],
    "combined": [
      0.026,
      0.01902397792222214,
      0.032976022077777854
    ],
    "twotailed": [
      0.026,
      0.01902397792222214,
      0.032976022077777854
    ],
    "split2tail": [
      0.0495,
      0.039991317331116515,
      0.05900868266888349
    ],
    "old": [
      0.0235,
      0.016859332295614239,
      0.030140667704385761
    ],
    "question11": [
      0.0235,
      0.016859332295614239,
      0.030140667704385761
    ],
    "question12": [
      0.0235,
      0.016859332295614239,
      0.030140667704385761
    ]
  },
  "elapsed": 96.485539125
}