{
  "scenario": 1,
  "effectSize": 3,
  "fracPos": 0,
  "fracNeg": 0,
  "rho_sign": 0,
  "FDRmethod": "BKY2006",
  "numTests": 2000,
  "numRealizations": 2000,
  "CImethod": "Wald",
  "q": 0.05,
  "alpha": 0.05,
  "seed": "shuffle",
  "BothSides": {
    "canonical": [
      0.1,
      0.086848873698700479,
      0.11315112630129953
    ],
    "combined": [
      0.052,
      0.042266981822996215,
      0.06173301817700378
    ],
    "twotailed": [
      0.052,
      0.042266981822996215,
      0.06173301817700378
    ],
    "split2tail": [
      0.1005,
      0.087319699598553957,
      0.11368030040144605
    ],
    "reviewerA": [
      0.052,
      0.042266981822996222,
      0.061733018177003773
    ],
    "reviewerB": [
      0.0515,
      0.041811334190051251,
      0.061188665809948743
    ]
  },
  "PosSide": {
    "canonical": [
      0.0465,
      0.037269430021679165,
      0.055730569978320835
    ],
    "combined": [
      0.0275,
      0.020331094660280807,
      0.0346689053397192
    ],
    "twotailed": [
      0.0275,
      0.020331094660280807,
      0.0346689053397192
    ],
    "split2tail": [
      0.047,
      0.037722369470981718,
      0.056277630529018283
    ],
    "reviewerA": [
      0.0265,
      0.019459028136104027,
      0.033540971863895971
    ],
    "reviewerB": [
      0.027,
      0.019894739645756932,
      0.034105260354243064
    ]
  },
  "NegSide": {
    "canonical": [
      0.056,
      0.0459209011481472,
      0.0660790988518528
    ],
    "combined": [
      0.027,
      0.019894739645756939,
      0.034105260354243064
    ],
    "twotailed": [
      0.027,
      0.019894739645756939,
      0.034105260354243064
    ],
    "split2tail": [
      0.056,
      0.0459209011481472,
      0.0660790988518528
    ],
    "reviewerA": [
      0.0265,
      0.019459028136104027,
      0.033540971863895971
    ],
    "reviewerB": [
      0.026,
      0.019023977922222147,
      0.032976022077777854
    ]
  },
  "elapsed": 97.17967925
}