{
  "scenario": 5,
  "fracPos": 0.1,
  "fracNeg": 0.4,
  "rho": 0,
  "FDRmethod": "BKY2006",
  "numTests": 2000,
  "numRealizations": 2000,
  "effectSize": 3,
  "CImethod": "Wald",
  "q": 0.05,
  "alpha": 0.05,
  "seed": "shuffle",
  "BothSides": {
    "canonical": [
      0.037320170707059105,
      0.037025684332386288,
      0.037614657081731923
    ],
    "combined": [
      0.031846427753295749,
      0.031578636301525256,
      0.032114219205066241
    ],
    "twotailed": [
      0.042977223485588641,
      0.042661956769020862,
      0.04329249020215642
    ],
    "split2tail": [
      0.04253902600436528,
      0.042224472104214913,
      0.042853579904515646
    ],
    "old": [
      0.018315749028267107,
      0.018100080034057688,
      0.018531418022476525
    ],
    "question11": [
      0.019722865910670278,
      0.01950056020853953,
      0.019945171612801026
    ],
    "question12": [
      0.018404123153655853,
      0.018188072399012326,
      0.01862017390829938
    ]
  },
  "PosSide": {
    "canonical": [
      0.026686226766960759,
      0.026038310968880228,
      0.02733414256504129
    ],
    "combined": [
      0.073320023824733849,
      0.07248148872273158,
      0.074158558926736118
    ],
    "twotailed": [
      0.098502403162041591,
      0.097565580948751465,
      0.099439225375331716
    ],
    "split2tail": [
      0.0445380821025721,
      0.0437640104324436,
      0.045312153772700606
    ],
    "old": [
      0.013097148098918335,
      0.01259244124613966,
      0.013601854951697009
    ],
    "question11": [
      0.021434598874911306,
      0.020841789106136883,
      0.022027408643685728
    ],
    "question12": [
      0.013094594188438642,
      0.012589966131068768,
      0.013599222245808517
    ]
  },
  "NegSide": {
    "canonical": [
      0.039141209442982779,
      0.038813953162708824,
      0.039468465723256733
    ],
    "combined": [
      0.02082096546464314,
      0.020579717983925036,
      0.021062212945361244
    ],
    "twotailed": [
      0.027911348281795784,
      0.027628022647309677,
      0.028194673916281891
    ],
    "split2tail": [
      0.04203518597337863,
      0.041691212746828882,
      0.042379159199928379
    ],
    "old": [
      0.019132832008234821,
      0.018896790966988378,
      0.019368873049481265
    ],
    "question11": [
      0.019348526678618541,
      0.019109213052385346,
      0.019587840304851736
    ],
    "question12": [
      0.019234893993740669,
      0.018998332293835987,
      0.019471455693645352
    ]
  },
  "elapsed": 126.75242166666666
}