{
  "scenario": 2,
  "fracPos": 0.25,
  "fracNeg": 0,
  "rho_sign": 0,
  "FDRmethod": "BKY2006",
  "numTests": 2000,
  "numRealizations": 2000,
  "effectSize": 3,
  "CImethod": "Wald",
  "q": 0.05,
  "alpha": 0.05,
  "seed": "shuffle",
  "BothSides": {
    "canonical": [
      0.046419226802124444,
      0.04594731164234811,
      0.046891141961900779
    ],
    "combined": [
      0.040881744373259012,
      0.040402438321006137,
      0.041361050425511886
    ],
    "twotailed": [
      0.045179721950973584,
      0.044681726220346912,
      0.045677717681600255
    ],
    "split2tail": [
      0.043053005977248107,
      0.042595950779792086,
      0.043510061174704129
    ],
    "old": [
      0.022378045274023931,
      0.02202929950507981,
      0.022726791042968052
    ],
    "question11": [
      0.020174158500954446,
      0.019841641334870513,
      0.020506675667038378
    ],
    "question12": [
      0.022433564508970705,
      0.022084254619215985,
      0.022782874398725426
    ]
  },
  "PosSide": {
    "canonical": [
      0.046325966999125286,
      0.045854891598191658,
      0.046797042400058914
    ],
    "combined": [
      0.020740442556801797,
      0.020403342913069215,
      0.021077542200534378
    ],
    "twotailed": [
      0.022937735508281078,
      0.0225852638803832,
      0.023290207136178954
    ],
    "split2tail": [
      0.042931049916892741,
      0.04247570241427278,
      0.0433863974195127
    ],
    "old": [
      0.022321879080301029,
      0.021974272335612118,
      0.022669485824989941
    ],
    "question11": [
      0.020101467303518371,
      0.019770160943181053,
      0.02043277366385569
    ],
    "question12": [
      0.022377485090007691,
      0.022029357856193275,
      0.022725612323822107
    ]
  },
  "NegSide": {
    "canonical": [
      0.0385,
      0.030065745471317455,
      0.046934254528682544
    ],
    "combined": [
      1,
      1,
      1
    ],
    "twotailed": [
      1,
      1,
      1
    ],
    "split2tail": [
      0.048,
      0.038629111145991761,
      0.057370888854008241
    ],
    "old": [
      0.019,
      0.013015153747021179,
      0.02498484625297882
    ],
    "question11": [
      0.024,
      0.017290777053619255,
      0.030709222946380746
    ],
    "question12": [
      0.019,
      0.013015153747021179,
      0.02498484625297882
    ]
  },
  "elapsed": 92.02567925
}