{
  "scenario": 11,
  "effectSize": 3,
  "fracPos": 0,
  "fracNeg": 0,
  "rho_sign": -1,
  "FDRmethod": "BKY2006",
  "numTests": 2000,
  "numRealizations": 2000,
  "CImethod": "Wald",
  "q": 0.05,
  "alpha": 0.05,
  "seed": "shuffle",
  "BothSides": {
    "canonical": [
      0.104,
      0.090618266750298673,
      0.11738173324970132
    ],
    "combined": [
      0.0455,
      0.036364436121798183,
      0.054635563878201815
    ],
    "twotailed": [
      0.0455,
      0.036364436121798183,
      0.054635563878201815
    ],
    "split2tail": [
      0.104,
      0.090618266750298673,
      0.11738173324970132
    ],
    "reviewerA": [
      0.0455,
      0.036364436121798183,
      0.054635563878201815
    ],
    "reviewerB": [
      0.0465,
      0.037269430021679151,
      0.055730569978320849
    ]
  },
  "PosSide": {
    "canonical": [
      0.047,
      0.037722369470981704,
      0.0562776305290183
    ],
    "combined": [
      0.018,
      0.012171810147586748,
      0.023828189852413251
    ],
    "twotailed": [
      0.018,
      0.012171810147586748,
      0.023828189852413251
    ],
    "split2tail": [
      0.047,
      0.037722369470981704,
      0.0562776305290183
    ],
    "reviewerA": [
      0.018,
      0.012171810147586748,
      0.023828189852413251
    ],
    "reviewerB": [
      0.0185,
      0.012592921937510267,
      0.024407078062489731
    ]
  },
  "NegSide": {
    "canonical": [
      0.0575,
      0.047294922769393746,
      0.067705077230606259
    ],
    "combined": [
      0.028,
      0.020768076190044459,
      0.035231923809955538
    ],
    "twotailed": [
      0.028,
      0.020768076190044459,
      0.035231923809955538
    ],
    "split2tail": [
      0.0575,
      0.047294922769393746,
      0.067705077230606259
    ],
    "reviewerA": [
      0.0275,
      0.020331094660280803,
      0.0346689053397192
    ],
    "reviewerB": [
      0.028,
      0.020768076190044463,
      0.035231923809955538
    ]
  },
  "elapsed": 96.743452583333337
}