{
  "scenario": 9,
  "fracPos": 0.25,
  "fracNeg": 0.25,
  "rho_sign": 1,
  "FDRmethod": "BKY2006",
  "numTests": 2000,
  "numRealizations": 2000,
  "effectSize": 3,
  "CImethod": "Wald",
  "q": 0.05,
  "alpha": 0.05,
  "seed": "shuffle",
  "BothSides": {
    "canonical": [
      0.031787325497430276,
      0.031514740922939113,
      0.032059910071921438
    ],
    "combined": [
      0.031705544314556487,
      0.031432290441796379,
      0.031978798187316596
    ],
    "twotailed": [
      0.042633572521256873,
      0.042320653943209677,
      0.042946491099304068
    ],
    "split2tail": [
      0.042768594544200025,
      0.042455377645019436,
      0.043081811443380615
    ],
    "reviewerA": [
      0.02044782607428661,
      0.020219455411312891,
      0.02067619673726033
    ],
    "reviewerB": [
      0.01613602879953234,
      0.015929988105546539,
      0.01634206949351814
    ]
  },
  "PosSide": {
    "canonical": [
      0.030923191995530529,
      0.0305325337496288,
      0.03131385024143226
    ],
    "combined": [
      0.030937475246750709,
      0.030556059092568193,
      0.031318891400933226
    ],
    "twotailed": [
      0.041967070011567513,
      0.041527888847295177,
      0.042406251175839849
    ],
    "split2tail": [
      0.0420349680670642,
      0.041579767044789273,
      0.042490169089339128
    ],
    "reviewerA": [
      0.019725054829265131,
      0.019403085299179085,
      0.020047024359351177
    ],
    "reviewerB": [
      0.015309909192650455,
      0.015017577298537487,
      0.015602241086763422
    ]
  },
  "NegSide": {
    "canonical": [
      0.032484799820387628,
      0.032080608873326609,
      0.032888990767448646
    ],
    "combined": [
      0.032376214793662227,
      0.03198027450142002,
      0.032772155085904434
    ],
    "twotailed": [
      0.043173763718399968,
      0.042731218863751495,
      0.043616308573048441
    ],
    "split2tail": [
      0.043283877891827277,
      0.042825152620235979,
      0.043742603163418575
    ],
    "reviewerA": [
      0.021049071230297645,
      0.020715972673229006,
      0.021382169787366283
    ],
    "reviewerB": [
      0.016856669737748669,
      0.016558644102484102,
      0.017154695373013236
    ]
  },
  "elapsed": 95.449119708333328
}