{
  "scenario": 7,
  "fracPos": 0.25,
  "fracNeg": 0,
  "rho_sign": 1,
  "FDRmethod": "BKY2006",
  "numTests": 2000,
  "numRealizations": 2000,
  "effectSize": 3,
  "CImethod": "Wald",
  "q": 0.05,
  "alpha": 0.05,
  "seed": "shuffle",
  "BothSides": {
    "canonical": [
      0.046598479302588015,
      0.0461245284433848,
      0.047072430161791232
    ],
    "combined": [
      0.040689682701209449,
      0.040220998350948792,
      0.041158367051470107
    ],
    "twotailed": [
      0.044895040903938879,
      0.044409197683809021,
      0.045380884124068738
    ],
    "split2tail": [
      0.043264557156805848,
      0.042802020849153077,
      0.043727093464458619
    ],
    "reviewerA": [
      0.020495933072302339,
      0.020137948517791809,
      0.020853917626812869
    ],
    "reviewerB": [
      0.022747649746895145,
      0.022379673627005745,
      0.023115625866784544
    ]
  },
  "PosSide": {
    "canonical": [
      0.046517532023314087,
      0.046044246711625818,
      0.046990817335002356
    ],
    "combined": [
      0.0206507233376002,
      0.020294046797849907,
      0.021007399877350494
    ],
    "twotailed": [
      0.022914246144468912,
      0.022546016625557636,
      0.023282475663380188
    ],
    "split2tail": [
      0.043134359266955268,
      0.042673450591559393,
      0.043595267942351142
    ],
    "reviewerA": [
      0.020427875685901,
      0.020070279228616254,
      0.020785472143185747
    ],
    "reviewerB": [
      0.022691331938749944,
      0.022323631186765645,
      0.023059032690734244
    ]
  },
  "NegSide": {
    "canonical": [
      0.033,
      0.025169095981787497,
      0.0408309040182125
    ],
    "combined": [
      0.9995,
      0.99852001800773,
      1.00047998199227
    ],
    "twotailed": [
      0.9995,
      0.99852001800773,
      1.00047998199227
    ],
    "split2tail": [
      0.0505,
      0.040900803818680838,
      0.060099196181319169
    ],
    "reviewerA": [
      0.0225,
      0.015998832792771048,
      0.029001167207228951
    ],
    "reviewerB": [
      0.019,
      0.013015153747021186,
      0.024984846252978813
    ]
  },
  "elapsed": 80.376630666666671
}