{
  "scenario": 3,
  "fracPos": 0,
  "fracNeg": 0.25,
  "rho_sign": 0,
  "FDRmethod": "BKY2006",
  "numTests": 2000,
  "numRealizations": 2000,
  "effectSize": 3,
  "CImethod": "Wald",
  "q": 0.05,
  "alpha": 0.05,
  "seed": "shuffle",
  "BothSides": {
    "canonical": [
      0.048643774563098478,
      0.048172178887682375,
      0.049115370238514582
    ],
    "combined": [
      0.042824647897183835,
      0.042344671704050589,
      0.04330462409031708
    ],
    "twotailed": [
      0.047108162027098582,
      0.04660841674613083,
      0.047607907308066334
    ],
    "split2tail": [
      0.04539120670785244,
      0.044928678745316107,
      0.045853734670388772
    ],
    "old": [
      0.0245824397474548,
      0.024227618180731245,
      0.024937261314178356
    ],
    "question11": [
      0.022398380788285994,
      0.022055658851693936,
      0.022741102724878053
    ],
    "question12": [
      0.024641687869513172,
      0.024286814292542588,
      0.024996561446483757
    ]
  },
  "PosSide": {
    "canonical": [
      0.042,
      0.033206756621173047,
      0.050793243378826958
    ],
    "combined": [
      0.9985,
      0.99680347072523423,
      1.0001965292747659
    ],
    "twotailed": [
      0.9995,
      0.99852001800773,
      1.00047998199227
    ],
    "split2tail": [
      0.052,
      0.042266981822996208,
      0.061733018177003787
    ],
    "old": [
      0.023,
      0.016428675800816521,
      0.029571324199183478
    ],
    "question11": [
      0.029,
      0.021643854548480258,
      0.036356145451519745
    ],
    "question12": [
      0.023,
      0.016428675800816521,
      0.029571324199183478
    ]
  },
  "NegSide": {
    "canonical": [
      0.048542845606639656,
      0.048071406105279615,
      0.0490142851079997
    ],
    "combined": [
      0.02284781487386273,
      0.022504212238723877,
      0.023191417509001583
    ],
    "twotailed": [
      0.025123602247928745,
      0.024764834428204693,
      0.025482370067652797
    ],
    "split2tail": [
      0.045260521134073986,
      0.044797895362286726,
      0.045723146905861246
    ],
    "old": [
      0.024515219900552748,
      0.024160899645638112,
      0.024869540155467385
    ],
    "question11": [
      0.022310190100638481,
      0.021968027973729692,
      0.02265235222754727
    ],
    "question12": [
      0.024574486017857628,
      0.024220107380744035,
      0.024928864654971222
    ]
  },
  "elapsed": 91.468626583333332
}