{
  "scenario": 3,
  "fracPos": 0,
  "fracNeg": 0.25,
  "rho_sign": 0,
  "FDRmethod": "BKY2006",
  "numTests": 2000,
  "numRealizations": 2000,
  "effectSize": 3,
  "CImethod": "Wald",
  "q": 0.05,
  "alpha": 0.05,
  "seed": "shuffle",
  "BothSides": {
    "canonical": [
      0.0483117061258205,
      0.047840192650820429,
      0.048783219600820577
    ],
    "combined": [
      0.0427859821677272,
      0.042306897043486669,
      0.043265067291967732
    ],
    "twotailed": [
      0.047001787435576585,
      0.046502961932763882,
      0.047500612938389287
    ],
    "split2tail": [
      0.045143117887957884,
      0.044685408093695464,
      0.045600827682220305
    ],
    "reviewerA": [
      0.022552956000778345,
      0.022208413249535347,
      0.022897498752021343
    ],
    "reviewerB": [
      0.024779077725202239,
      0.024426495441605512,
      0.025131660008798965
    ]
  },
  "PosSide": {
    "canonical": [
      0.0375,
      0.029171674378451383,
      0.045828325621548614
    ],
    "combined": [
      0.9995,
      0.99852001800773,
      1.00047998199227
    ],
    "twotailed": [
      0.9995,
      0.99852001800773,
      1.00047998199227
    ],
    "split2tail": [
      0.055,
      0.045006009254141617,
      0.064993990745858377
    ],
    "reviewerA": [
      0.027,
      0.019894739645756939,
      0.034105260354243064
    ],
    "reviewerB": [
      0.0205,
      0.014288151651290095,
      0.026711848348709905
    ]
  },
  "NegSide": {
    "canonical": [
      0.048214837150719836,
      0.047743267421375093,
      0.048686406880064578
    ],
    "combined": [
      0.022782254620837043,
      0.022440732315372778,
      0.023123776926301309
    ],
    "twotailed": [
      0.024931606730835838,
      0.024577785619732576,
      0.0252854278419391
    ],
    "split2tail": [
      0.044993407030635334,
      0.044536059687086633,
      0.045450754374184034
    ],
    "reviewerA": [
      0.022467943741038936,
      0.022123540330507504,
      0.022812347151570368
    ],
    "reviewerB": [
      0.024716191253565122,
      0.024363779354264408,
      0.025068603152865836
    ]
  },
  "elapsed": 81.51931675
}