{
  "pposthr": 1.975141132850764,
  "pnegthr": 1.8188171683207444,
  "zposthr": 2.3132805824279825,
  "znegthr": 2.17262840270996
}