{
  "pposthr": 2.03026642168916,
  "pnegthr": 1.9117892180782357,
  "zposthr": 2.3613497740823686,
  "znegthr": 2.2570795240313846
}