{
  "pposthr": 2.1109816620257003,
  "pnegthr": 2.0227453528834163,
  "zposthr": 2.4304092285626693,
  "znegthr": 2.3548357032130456
}