{
  "pposthr": 1.7080320622253984,
  "pnegthr": 1.7080320622253984,
  "zposthr": 2.0686722121210708,
  "znegthr": 2.0686722121210708
}