{
  "pposthr": 1.2750641453973521,
  "pnegthr": 1.2199981423319077,
  "zposthr": 1.6190893650054947,
  "znegthr": 1.5557112693786583
}