{
  "pposthr": 1.8971945589471102,
  "pnegthr": 1.8971945589471102,
  "zposthr": 2.243981361389157,
  "znegthr": 2.243981361389157
}