{
  "pposthr": 1.6020599913279623,
  "pnegthr": 1.6020599913279623,
  "zposthr": 1.9654961915714295,
  "znegthr": 1.9654961915714295
}