{
  "pposthr": 2.066443367888795,
  "pnegthr": 1.9551956554259764,
  "zposthr": 2.3924922943115283,
  "znegthr": 2.295699357986448
}