{
  "pposthr": 2.0090620578893796,
  "pnegthr": 2.0090620578893796,
  "zposthr": 2.3429489135742227,
  "znegthr": 2.3429489135742227
}