{
  "pposthr": 1.4208970881120482,
  "pnegthr": 1.427744548998968,
  "zposthr": 1.7793967257095267,
  "znegthr": 1.7866776830592566
}