{
  "pposthr": 1.4240088455165338,
  "pnegthr": 1.4240088455165338,
  "zposthr": 1.7827080536541751,
  "znegthr": 1.7827080536541751
}