{
  "pposthr": 1.6430306862449457,
  "pnegthr": 1.6430692198192933,
  "zposthr": 2.005844831466673,
  "znegthr": 2.0058825016021684
}