{
  "pposthr": 1.6979610592480305,
  "pnegthr": 1.7170802937730154,
  "zposthr": 2.0590303098986786,
  "znegthr": 2.0773067713126583
}