{
  "pposthr": 2.1979032918534367,
  "pnegthr": 2.1979032918534367,
  "zposthr": 2.535313515942422,
  "znegthr": 2.535313515942422
}