{
  "pposthr": null,
  "pnegthr": 2.25380029785882,
  "zposthr": null,
  "znegthr": 2.5828588340341039
}