{
  "pposthr": 2.272719872586582,
  "pnegthr": 2.272719872586582,
  "zposthr": 2.5532077736377587,
  "znegthr": 2.5532077736377587
}