{
  "pposthr": 1.7998907082968063,
  "pnegthr": 1.7998907082968063,
  "zposthr": 2.17663926627205,
  "znegthr": 2.17663926627205
}