{
  "pposthr": 5.8442916172476078,
  "pnegthr": 1.249464622256943,
  "zposthr": 4.9430909723182008,
  "znegthr": 1.5997307494727822
}