{
  "pposthr": null,
  "pnegthr": 1.8791815052519925,
  "zposthr": null,
  "znegthr": 2.2512245432059936
}