{
  "pposthr": null,
  "pnegthr": 1.6737766720856726,
  "zposthr": null,
  "znegthr": 2.054245533268614
}