{
  "pposthr": null,
  "pnegthr": 1.8076122680028319,
  "zposthr": null,
  "znegthr": 2.1839794268021397
}