{
  "pposthr": 5.8442916172476078,
  "pnegthr": 1.6831969677447614,
  "zposthr": 4.6804504363226922,
  "znegthr": 2.0387052478114365
}