{
  "pposthr": 1.9716898769226019,
  "pnegthr": 1.9716898769226019,
  "zposthr": 2.3361423293837107,
  "znegthr": 2.3361423293837107
}