{
  "pposthr": 2.2727198725865829,
  "pnegthr": 2.2727198725865829,
  "zposthr": 2.598813477527683,
  "znegthr": 2.598813477527683
}