{
  "pposthr": null,
  "pnegthr": 1.8647929893515882,
  "zposthr": null,
  "znegthr": 2.2378174367511749
}