{
  "pposthr": null,
  "pnegthr": 2.0117578477975728,
  "zposthr": null,
  "znegthr": 2.336488522313013
}