{
  "pposthr": null,
  "pnegthr": 1.8791815052519929,
  "zposthr": null,
  "znegthr": 2.2200574101305071
}