{
  "pposthr": null,
  "pnegthr": 1.5348834539624221,
  "zposthr": null,
  "znegthr": 1.913439418751419
}