{
  "pposthr": 1.9716898769226019,
  "pnegthr": 1.9716898769226019,
  "zposthr": 2.3017874673517524,
  "znegthr": 2.3017874673517524
}