{
  "pposthr": null,
  "pnegthr": 1.8076122680028319,
  "zposthr": null,
  "znegthr": 2.155188225639149
}