{
  "pposthr": null,
  "pnegthr": 2.0117578477975728,
  "zposthr": null,
  "znegthr": 2.3722642317384377
}