{
  "pposthr": 5.8442916172476078,
  "pnegthr": 1.6831969677447607,
  "zposthr": 4.9430909723182008,
  "znegthr": 2.0635582420178742
}