{
  "pposthr": null,
  "pnegthr": 2.1617696128810295,
  "zposthr": null,
  "znegthr": 2.5042445994824858
}