{
  "pposthr": null,
  "pnegthr": 2.3132410695546675,
  "zposthr": null,
  "znegthr": 2.6327563591668115
}