{
  "fracPos": 0.1,
  "fracNeg": 0.4,
  "rho": 0.8,
  "FDRmethod": "BH1995",
  "numTests": 1000,
  "numRealizations": 1000,
  "effectSize": 2,
  "CImethod": "Wald",
  "q": 0.05,
  "alpha": 0.05,
  "seed": "shuffle",
  "BothSides": {
    "canonical": [
      0.019740220054742814,
      0.013221761643153727,
      0.0262586784663319
    ],
    "twotailed": [
      0.022375222467761375,
      0.016528322384534066,
      0.028222122550988684
    ],
    "combined": [
      0.022376926045274147,
      0.016529122538021187,
      0.028224729552527108
    ],
    "twice": [
      0.04067215223760217,
      0.032723000066165166,
      0.048621304409039175
    ],
    "split1tail": [
      0.0497195681004777,
      0.040967829223107,
      0.0584713069778484
    ],
    "split2tail": [
      0.02558656275421916,
      0.019423893743061891,
      0.031749231765376432
    ]
  },
  "PosSide": {
    "canonical": [
      0.019740220054742814,
      0.013221761643153727,
      0.0262586784663319
    ],
    "twotailed": [
      0.011560498081484518,
      0.0066067051516203812,
      0.016514291011348655
    ],
    "combined": [
      0.011560498081484518,
      0.0066067051516203812,
      0.016514291011348655
    ],
    "twice": [
      0.019740220054742814,
      0.013221761643153727,
      0.0262586784663319
    ],
    "split1tail": [
      0.026964219072690487,
      0.019486488355546908,
      0.034441949789834066
    ],
    "split2tail": [
      0.014019849188099905,
      0.0087368364240523327,
      0.019302861952147476
    ]
  },
  "NegSide": {
    "canonical": [
      0,
      0,
      0
    ],
    "twotailed": [
      0.010817226593775882,
      0.0075586440673001383,
      0.014075809120251626
    ],
    "combined": [
      0.010817226593775882,
      0.0075586440673001383,
      0.014075809120251626
    ],
    "twice": [
      0.020931932182859374,
      0.016045574971567514,
      0.025818289394151234
    ],
    "split1tail": [
      0.02278401086456263,
      0.017727469327771347,
      0.027840552401353913
    ],
    "split2tail": [
      0.011568417143632036,
      0.0082029886530876478,
      0.014933845634176424
    ]
  }
}