{
  "scenario": 10,
  "fracPos": 0.1,
  "fracNeg": 0.4,
  "rho": 0.25,
  "FDRmethod": "BH1995",
  "numTests": 2000,
  "numRealizations": 2000,
  "effectSize": 3,
  "CImethod": "Wald",
  "q": 0.05,
  "alpha": 0.05,
  "seed": "shuffle",
  "BothSides": {
    "canonical": [
      0.033747278215320906,
      0.031759452781191681,
      0.03573510364945013
    ],
    "combined": [
      0.026062293812548362,
      0.024758257779267809,
      0.027366329845828916
    ],
    "twotailed": [
      0.026062293812548362,
      0.024758257779267809,
      0.027366329845828916
    ],
    "split2tail": [
      0.025469512861783089,
      0.023934483431086485,
      0.027004542292479693
    ]
  },
  "PosSide": {
    "canonical": [
      0.023370264288738469,
      0.021195254382496052,
      0.025545274194980885
    ],
    "combined": [
      0.036651333703769155,
      0.034597404299394126,
      0.038705263108144185
    ],
    "twotailed": [
      0.036651333703769155,
      0.034597404299394126,
      0.038705263108144185
    ],
    "split2tail": [
      0.025476908336137135,
      0.023460833792165375,
      0.027492982880108895
    ]
  },
  "NegSide": {
    "canonical": [
      0.025696104832970253,
      0.024089665325626484,
      0.027302544340314022
    ],
    "combined": [
      0.015313120949487797,
      0.014283944611028863,
      0.016342297287946731
    ],
    "twotailed": [
      0.015313120949487797,
      0.014283944611028863,
      0.016342297287946731
    ],
    "split2tail": [
      0.017542842801383202,
      0.016446632241399636,
      0.018639053361366769
    ]
  },
  "elapsed": 3.339009208
}