{
  "fracPos": 0.25,
  "fracNeg": 0,
  "rho": 0.8,
  "FDRmethod": "BH1995",
  "numTests": 2000,
  "numRealizations": 2000,
  "effectSize": 3,
  "CImethod": "Wald",
  "q": 0.05,
  "alpha": 0.05,
  "seed": "shuffle",
  "BothSides": {
    "canonical": [
      0.028781113893391275,
      0.023743147015604631,
      0.033819080771177915
    ],
    "twotailed": [
      0.020294391681035456,
      0.015538181607655919,
      0.025050601754414994
    ],
    "combined": [
      0.020294391681035456,
      0.015538181607655919,
      0.025050601754414994
    ],
    "twice": [
      0.040781113893391278,
      0.033937337986486585,
      0.047624889800295972
    ],
    "sidaktwice": [
      0.020353308680927381,
      0.015590309165171273,
      0.025116308196683489
    ],
    "split1tail": [
      0.04482361309846105,
      0.037484767864047933,
      0.052162458332874168
    ],
    "split2tail": [
      0.021801286176713505,
      0.016763192598386722,
      0.026839379755040287
    ]
  },
  "PosSide": {
    "canonical": [
      0.028781113893391275,
      0.023743147015604631,
      0.033819080771177915
    ],
    "twotailed": [
      0.014294391681035454,
      0.010904670999787263,
      0.017684112362283646
    ],
    "combined": [
      0.014294391681035454,
      0.010904670999787263,
      0.017684112362283646
    ],
    "twice": [
      0.028781113893391275,
      0.023743147015604631,
      0.033819080771177915
    ],
    "sidaktwice": [
      0.014353308680927379,
      0.010953868276308861,
      0.017752749085545895
    ],
    "split1tail": [
      0.028824944213712213,
      0.023786987875943629,
      0.033862900551480793
    ],
    "split2tail": [
      0.014301286176713505,
      0.010911589331996395,
      0.017690983021430615
    ]
  },
  "NegSide": {
    "canonical": [
      0,
      0,
      0
    ],
    "twotailed": [
      0.006,
      0.0026145959349507873,
      0.0093854040650492125
    ],
    "combined": [
      0.006,
      0.0026145959349507873,
      0.0093854040650492125
    ],
    "twice": [
      0.012,
      0.007226787280152999,
      0.016773212719847
    ],
    "sidaktwice": [
      0.006,
      0.0026145959349507873,
      0.0093854040650492125
    ],
    "split1tail": [
      0.016,
      0.010499537166547231,
      0.02150046283345277
    ],
    "split2tail": [
      0.0075,
      0.0037178601507624537,
      0.011282139849237545
    ]
  },
  "elapsed": 7.208293375
}