{
  "scenario": 10,
  "fracPos": 0.1,
  "fracNeg": 0.4,
  "rho": 0.8,
  "FDRmethod": "BH1995",
  "numTests": 2000,
  "numRealizations": 2000,
  "effectSize": 3,
  "CImethod": "Wilson",
  "q": 0.05,
  "alpha": 0.05,
  "seed": "shuffle",
  "BothSides": {
    "canonical": [
      0.042840487863711404,
      0.034807510527191957,
      0.052626257999910428
    ],
    "combined": [
      0.021751594900350155,
      0.016216103268072268,
      0.029120736142147718
    ],
    "twotailed": [
      0.021751594900350155,
      0.016216103268072268,
      0.029120736142147718
    ],
    "split2tail": [
      0.029020250230308377,
      0.022518148186185034,
      0.037328133172074077
    ]
  },
  "PosSide": {
    "canonical": [
      0.018416805012153262,
      0.013381164203068695,
      0.025298881330534942
    ],
    "combined": [
      0.0091046914462143413,
      0.0057818635197387867,
      0.014309658405975605
    ],
    "twotailed": [
      0.0091046914462143413,
      0.0057818635197387867,
      0.014309658405975605
    ],
    "split2tail": [
      0.015077243665505434,
      0.010590943228131176,
      0.021422783806177143
    ]
  },
  "NegSide": {
    "canonical": [
      0.024525848739620854,
      0.018603987141355461,
      0.032270723195845771
    ],
    "combined": [
      0.012985645061860531,
      0.0088752193138624345,
      0.018963329899989251
    ],
    "twotailed": [
      0.012985645061860531,
      0.0088752193138624345,
      0.018963329899989251
    ],
    "split2tail": [
      0.014088606855199514,
      0.00977648455143675,
      0.020263759389278407
    ]
  },
  "elapsed": 3.287964834
}