{
  "scenario": 9,
  "fracPos": 0.25,
  "fracNeg": 0.25,
  "rho": 0.25,
  "FDRmethod": "BH1995",
  "numTests": 2000,
  "numRealizations": 2000,
  "effectSize": 3,
  "CImethod": "Wald",
  "q": 0.05,
  "alpha": 0.05,
  "seed": "shuffle",
  "BothSides": {
    "canonical": [
      0.037311999938073263,
      0.035168659202761417,
      0.03945534067338511
    ],
    "combined": [
      0.026791637748111583,
      0.025481496349782105,
      0.028101779146441061
    ],
    "twotailed": [
      0.026791637748111583,
      0.025481496349782105,
      0.028101779146441061
    ],
    "split2tail": [
      0.029027618862296389,
      0.027452388371921047,
      0.03060284935267173
    ]
  },
  "PosSide": {
    "canonical": [
      0.024794018892016708,
      0.022905601106011194,
      0.026682436678022222
    ],
    "combined": [
      0.019660825699237567,
      0.018310461719143481,
      0.021011189679331653
    ],
    "twotailed": [
      0.019660825699237567,
      0.018310461719143481,
      0.021011189679331653
    ],
    "split2tail": [
      0.020516224532237615,
      0.019044022850366604,
      0.021988426214108625
    ]
  },
  "NegSide": {
    "canonical": [
      0.026522544286313676,
      0.024679432585365271,
      0.028365655987262081
    ],
    "combined": [
      0.021584857240802988,
      0.02025776716108715,
      0.022911947320518825
    ],
    "twotailed": [
      0.021584857240802988,
      0.02025776716108715,
      0.022911947320518825
    ],
    "split2tail": [
      0.0224101580204849,
      0.020966675070087832,
      0.023853640970881971
    ]
  },
  "elapsed": 3.993104
}