{
  "fracPos": 0.25,
  "fracNeg": 0.25,
  "rho": 0.8,
  "FDRmethod": "BH1995",
  "numTests": 2000,
  "numRealizations": 2000,
  "effectSize": 3,
  "CImethod": "Wald",
  "q": 0.05,
  "alpha": 0.05,
  "seed": "shuffle",
  "BothSides": {
    "canonical": [
      0.017512405298705479,
      0.014068824890560386,
      0.020955985706850571
    ],
    "twotailed": [
      0.019548721130539987,
      0.016045238645749055,
      0.023052203615330918
    ],
    "combined": [
      0.019548721130539987,
      0.016045238645749055,
      0.023052203615330918
    ],
    "twice": [
      0.037466706056260436,
      0.032474394891607035,
      0.042459017220913838
    ],
    "sidaktwice": [
      0.019473612983346336,
      0.015960944196627067,
      0.022986281770065606
    ],
    "split1tail": [
      0.049373606009900831,
      0.043593062210027143,
      0.055154149809774518
    ],
    "split2tail": [
      0.025381559585977136,
      0.021346196538380713,
      0.02941692263357356
    ]
  },
  "PosSide": {
    "canonical": [
      0.017512405298705479,
      0.014068824890560386,
      0.020955985706850571
    ],
    "twotailed": [
      0.0084145645621364531,
      0.0061336436105445952,
      0.010695485513728311
    ],
    "combined": [
      0.0084145645621364531,
      0.0061336436105445952,
      0.010695485513728311
    ],
    "twice": [
      0.017512405298705479,
      0.014068824890560386,
      0.020955985706850571
    ],
    "sidaktwice": [
      0.0083136347998197559,
      0.0060277356551123587,
      0.010599533944527152
    ],
    "split1tail": [
      0.024038998610827811,
      0.019932445015298526,
      0.028145552206357095
    ],
    "split2tail": [
      0.011312983005981778,
      0.0086300352622239417,
      0.013995930749739614
    ]
  },
  "NegSide": {
    "canonical": [
      0,
      0,
      0
    ],
    "twotailed": [
      0.012475346838020819,
      0.0097256163560346786,
      0.01522507732000696
    ],
    "combined": [
      0.012475346838020819,
      0.0097256163560346786,
      0.01522507732000696
    ],
    "twice": [
      0.020423959268412336,
      0.016632539223759776,
      0.024215379313064896
    ],
    "sidaktwice": [
      0.011521426042418934,
      0.0087903305981333526,
      0.014252521486704516
    ],
    "split1tail": [
      0.026725427071345727,
      0.022391799027758362,
      0.031059055114933093
    ],
    "split2tail": [
      0.014669850389903484,
      0.011560422349304572,
      0.017779278430502397
    ]
  },
  "elapsed": 7.775745958
}