{
  "scenario": 8,
  "fracPos": 0,
  "fracNeg": 0.25,
  "rho": 0.8,
  "FDRmethod": "BH1995",
  "numTests": 2000,
  "numRealizations": 2000,
  "effectSize": 3,
  "CImethod": "Wilson",
  "q": 0.05,
  "alpha": 0.05,
  "seed": "shuffle",
  "BothSides": {
    "canonical": [
      0.046054759039749225,
      0.03770651626307589,
      0.056143470796463688
    ],
    "combined": [
      0.021762051423303164,
      0.016225056988373843,
      0.029132655376454361
    ],
    "twotailed": [
      0.021762051423303164,
      0.016225056988373843,
      0.029132655376454361
    ],
    "split2tail": [
      0.024019172329501046,
      0.018166110892243716,
      0.031697189269986888
    ]
  },
  "PosSide": {
    "canonical": [
      0.0155,
      0.010940972933704066,
      0.021916645881830031
    ],
    "combined": [
      0.0055,
      0.0030738970095438183,
      0.0098220627516153354
    ],
    "twotailed": [
      0.0055,
      0.0030738970095438183,
      0.0098220627516153354
    ],
    "split2tail": [
      0.0075,
      0.0045503774358092259,
      0.012337914136224915
    ]
  },
  "NegSide": {
    "canonical": [
      0.030554759039749215,
      0.023865565324066987,
      0.0390438502011914
    ],
    "combined": [
      0.016262549927789707,
      0.011574824195416809,
      0.022804970787164921
    ],
    "twotailed": [
      0.016262549927789707,
      0.011574824195416809,
      0.022804970787164921
    ],
    "split2tail": [
      0.01651917232950105,
      0.011788823148909024,
      0.023103232722540373
    ]
  },
  "elapsed": 3.627118834
}