{
  "fracPos": 0.25,
  "fracNeg": 0.25,
  "rho": 0.8,
  "FDRmethod": "BH1995",
  "numTests": 1000,
  "numRealizations": 1000,
  "effectSize": 2,
  "CImethod": "Wald",
  "q": 0.05,
  "alpha": 0.05,
  "seed": "shuffle",
  "BothSides": {
    "canonical": [
      0.020115894505517685,
      0.014656068814949928,
      0.025575720196085443
    ],
    "twotailed": [
      0.018930643483426875,
      0.014164563502098867,
      0.023696723464754883
    ],
    "combined": [
      0.018935143129969384,
      0.014166888632806586,
      0.023703397627132181
    ],
    "twice": [
      0.036927695534333796,
      0.029909240363158097,
      0.043946150705509494
    ],
    "split1tail": [
      0.046201609864662457,
      0.038454088853838733,
      0.053949130875486181
    ],
    "split2tail": [
      0.022503711247162019,
      0.017388835765635286,
      0.027618586728688752
    ]
  },
  "PosSide": {
    "canonical": [
      0.020115894505517685,
      0.014656068814949928,
      0.025575720196085443
    ],
    "twotailed": [
      0.010199167727698199,
      0.0065585952992894374,
      0.01383974015610696
    ],
    "combined": [
      0.010199167727698199,
      0.0065585952992894374,
      0.01383974015610696
    ],
    "twice": [
      0.020115894505517685,
      0.014656068814949928,
      0.025575720196085443
    ],
    "split1tail": [
      0.024719314044337942,
      0.018667394223077897,
      0.030771233865597988
    ],
    "split2tail": [
      0.012098088354577787,
      0.0081786249039254855,
      0.016017551805230089
    ]
  },
  "NegSide": {
    "canonical": [
      0,
      0,
      0
    ],
    "twotailed": [
      0.008736578348331683,
      0.0055478941534879631,
      0.011925262543175403
    ],
    "combined": [
      0.008736578348331683,
      0.0055478941534879631,
      0.011925262543175403
    ],
    "twice": [
      0.016811801028816117,
      0.012116073153654188,
      0.021507528903978047
    ],
    "split1tail": [
      0.0214983242656388,
      0.016248442513152758,
      0.026748206018124839
    ],
    "split2tail": [
      0.010410053785950644,
      0.006976560480638487,
      0.0138435470912628
    ]
  }
}