{
  "fracPos": 0,
  "fracNeg": 0.25,
  "rho": 0.8,
  "FDRmethod": "BH1995",
  "numTests": 2000,
  "numRealizations": 2000,
  "effectSize": 3,
  "CImethod": "Wald",
  "q": 0.05,
  "alpha": 0.05,
  "seed": "shuffle",
  "BothSides": {
    "canonical": [
      0.0105,
      0.0060316802563134377,
      0.014968319743686564
    ],
    "twotailed": [
      0.021212370922470851,
      0.0166544043673345,
      0.0257703374776072
    ],
    "combined": [
      0.021212370922470851,
      0.0166544043673345,
      0.0257703374776072
    ],
    "twice": [
      0.042461450554421291,
      0.035687995167848235,
      0.049234905940994347
    ],
    "sidaktwice": [
      0.021297141999041765,
      0.016727988972549936,
      0.025866295025533594
    ],
    "split1tail": [
      0.046767583222471459,
      0.039499047427601637,
      0.054036119017341282
    ],
    "split2tail": [
      0.023503931017538802,
      0.018562004283715371,
      0.028445857751362234
    ]
  },
  "PosSide": {
    "canonical": [
      0.0105,
      0.0060316802563134377,
      0.014968319743686564
    ],
    "twotailed": [
      0.004,
      0.0012330496972638586,
      0.0067669503027361416
    ],
    "combined": [
      0.004,
      0.0012330496972638586,
      0.0067669503027361416
    ],
    "twice": [
      0.0105,
      0.0060316802563134377,
      0.014968319743686564
    ],
    "sidaktwice": [
      0.004,
      0.0012330496972638586,
      0.0067669503027361416
    ],
    "split1tail": [
      0.0145,
      0.0092597258346369671,
      0.019740274165363034
    ],
    "split2tail": [
      0.006,
      0.0026145959349507847,
      0.009385404065049216
    ]
  },
  "NegSide": {
    "canonical": [
      0,
      0,
      0
    ],
    "twotailed": [
      0.017212370922470847,
      0.013554002446806778,
      0.020870739398134917
    ],
    "combined": [
      0.017212370922470847,
      0.013554002446806778,
      0.020870739398134917
    ],
    "twice": [
      0.031961450554421289,
      0.026745739988085875,
      0.037177161120756703
    ],
    "sidaktwice": [
      0.017297141999041761,
      0.013624668255704074,
      0.020969615742379447
    ],
    "split1tail": [
      0.032267583222471433,
      0.027055157685326861,
      0.037480008759616004
    ],
    "split2tail": [
      0.017503931017538808,
      0.013848069318451433,
      0.021159792716626182
    ]
  },
  "elapsed": 7.356488208
}