{
  "fracPos": 0.25,
  "fracNeg": 0,
  "rho": 0.8,
  "FDRmethod": "BH1995",
  "numTests": 1000,
  "numRealizations": 1000,
  "effectSize": 3,
  "CImethod": "Wald",
  "q": 0.05,
  "alpha": 0.05,
  "seed": "shuffle",
  "BothSides": {
    "canonical": [
      0.027105631115348638,
      0.020030916706151747,
      0.034180345524545533
    ],
    "twotailed": [
      0.015937491762820485,
      0.010280319094045065,
      0.021594664431595904
    ],
    "combined": [
      0.015937491762820485,
      0.010280319094045065,
      0.021594664431595904
    ],
    "twice": [
      0.032105631115348643,
      0.023850954983522771,
      0.040360307247174515
    ],
    "sidaktwice": [
      0.015996741217122953,
      0.01032763442237683,
      0.021665848011869077
    ],
    "split1tail": [
      0.036169884950670354,
      0.0270889772060496,
      0.045250792695291107
    ],
    "split2tail": [
      0.016945365406585346,
      0.010968581472271099,
      0.022922149340899593
    ]
  },
  "PosSide": {
    "canonical": [
      0.027105631115348638,
      0.020030916706151747,
      0.034180345524545533
    ],
    "twotailed": [
      0.013937491762820485,
      0.0089834276585257222,
      0.018891555867115249
    ],
    "combined": [
      0.013937491762820485,
      0.0089834276585257222,
      0.018891555867115249
    ],
    "twice": [
      0.027105631115348638,
      0.020030916706151747,
      0.034180345524545533
    ],
    "sidaktwice": [
      0.013996741217122957,
      0.0090289618617124187,
      0.018964520572533495
    ],
    "split1tail": [
      0.027169884950670336,
      0.020095480774406226,
      0.034244289126934446
    ],
    "split2tail": [
      0.013945365406585348,
      0.0089913380967228083,
      0.018899392716447888
    ]
  },
  "NegSide": {
    "canonical": [
      0,
      0,
      0
    ],
    "twotailed": [
      0.002,
      -0.00077042001024007481,
      0.0047704200102400753
    ],
    "combined": [
      0.002,
      -0.00077042001024007481,
      0.0047704200102400753
    ],
    "twice": [
      0.005,
      0.00062617009693171147,
      0.0093738299030682887
    ],
    "sidaktwice": [
      0.002,
      -0.00077042001024007481,
      0.0047704200102400753
    ],
    "split1tail": [
      0.009,
      0.0031436984803324651,
      0.014856301519667534
    ],
    "split2tail": [
      0.003,
      -0.00039135734438786171,
      0.0063913573443878623
    ]
  },
  "elapsed": 1.686983875
}