{
  "scenario": 9,
  "fracPos": 0.25,
  "fracNeg": 0.25,
  "rho": 0.8,
  "FDRmethod": "BH1995",
  "numTests": 2000,
  "numRealizations": 2000,
  "effectSize": 3,
  "CImethod": "Wald",
  "q": 0.05,
  "alpha": 0.05,
  "seed": "shuffle",
  "BothSides": {
    "canonical": [
      0.0397453744177436,
      0.034544320547407019,
      0.044946428288080174
    ],
    "combined": [
      0.020589033345229671,
      0.017081424569750592,
      0.02409664212070875
    ],
    "twotailed": [
      0.020589033345229671,
      0.017081424569750592,
      0.02409664212070875
    ],
    "split2tail": [
      0.026938893124419928,
      0.022798413340689057,
      0.0310793729081508
    ]
  },
  "PosSide": {
    "canonical": [
      0.018894270626498764,
      0.015229643540464171,
      0.022558897712533357
    ],
    "combined": [
      0.008998683853160383,
      0.0067660530078086905,
      0.011231314698512075
    ],
    "twotailed": [
      0.008998683853160383,
      0.0067660530078086905,
      0.011231314698512075
    ],
    "split2tail": [
      0.012243388838351176,
      0.0094707655742120173,
      0.015016012102490334
    ]
  },
  "NegSide": {
    "canonical": [
      0.021353156520683727,
      0.017467466033753314,
      0.02523884700761414
    ],
    "combined": [
      0.01258990187830852,
      0.0098129008497396409,
      0.0153669029068774
    ],
    "twotailed": [
      0.01258990187830852,
      0.0098129008497396409,
      0.0153669029068774
    ],
    "split2tail": [
      0.0153671034321739,
      0.012186886977496904,
      0.018547319886850898
    ]
  },
  "elapsed": 4.113951167
}