{
  "effectSize": 3,
  "fracPos": 0,
  "fracNeg": 0,
  "rho": 0.8,
  "FDRmethod": "BH1995",
  "numTests": 1000,
  "numRealizations": 1000,
  "CImethod": "Wald",
  "q": 0.05,
  "alpha": 0.05,
  "seed": "shuffle",
  "BothSides": {
    "canonical": [
      0.016,
      0.0082192244511778,
      0.0237807755488222
    ],
    "twotailed": [
      0.01,
      0.0038300315368952126,
      0.016169968463104787
    ],
    "combined": [
      0.01,
      0.0038300315368952126,
      0.016169968463104787
    ],
    "twice": [
      0.026,
      0.016131946409908629,
      0.035868053590091369
    ],
    "sidaktwice": [
      0.01,
      0.0038300315368952126,
      0.016169968463104787
    ],
    "split1tail": [
      0.026,
      0.016131946409908629,
      0.035868053590091369
    ],
    "split2tail": [
      0.01,
      0.0038300315368952126,
      0.016169968463104787
    ]
  },
  "PosSide": {
    "canonical": [
      0.016,
      0.0082192244511778,
      0.0237807755488222
    ],
    "twotailed": [
      0.007,
      0.00183001847473161,
      0.012169981525268391
    ],
    "combined": [
      0.007,
      0.00183001847473161,
      0.012169981525268391
    ],
    "twice": [
      0.016,
      0.0082192244511778,
      0.0237807755488222
    ],
    "sidaktwice": [
      0.007,
      0.00183001847473161,
      0.012169981525268391
    ],
    "split1tail": [
      0.016,
      0.0082192244511778,
      0.0237807755488222
    ],
    "split2tail": [
      0.007,
      0.00183001847473161,
      0.012169981525268391
    ]
  },
  "NegSide": {
    "canonical": [
      0,
      0,
      0
    ],
    "twotailed": [
      0.003,
      -0.00039135734438785607,
      0.0063913573443878562
    ],
    "combined": [
      0.003,
      -0.00039135734438785607,
      0.0063913573443878562
    ],
    "twice": [
      0.01,
      0.0038300315368952073,
      0.016169968463104794
    ],
    "sidaktwice": [
      0.003,
      -0.00039135734438785607,
      0.0063913573443878562
    ],
    "split1tail": [
      0.01,
      0.0038300315368952073,
      0.016169968463104794
    ],
    "split2tail": [
      0.003,
      -0.00039135734438785607,
      0.0063913573443878562
    ]
  }
}