{
  "scenario": 8,
  "fracPos": 0,
  "fracNeg": 0.25,
  "rho": 0.8,
  "FDRmethod": "BH1995",
  "numTests": 2000,
  "numRealizations": 2000,
  "effectSize": 3,
  "CImethod": "Wald",
  "q": 0.05,
  "alpha": 0.05,
  "seed": "shuffle",
  "BothSides": {
    "canonical": [
      0.041299117039500857,
      0.034442002508420326,
      0.048156231570581388
    ],
    "combined": [
      0.022247890336970534,
      0.017379297961599132,
      0.027116482712341936
    ],
    "twotailed": [
      0.022247890336970534,
      0.017379297961599132,
      0.027116482712341936
    ],
    "split2tail": [
      0.024594337639542784,
      0.019365606992207123,
      0.029823068286878446
    ]
  },
  "PosSide": {
    "canonical": [
      0.0115,
      0.0068261050074190019,
      0.016173894992580998
    ],
    "combined": [
      0.0055,
      0.0022579072692343761,
      0.0087420927307656233
    ],
    "twotailed": [
      0.0055,
      0.0022579072692343761,
      0.0087420927307656233
    ],
    "split2tail": [
      0.0075,
      0.0037178601507624493,
      0.01128213984923755
    ]
  },
  "NegSide": {
    "canonical": [
      0.029799117039500812,
      0.024652097244908695,
      0.034946136834092929
    ],
    "combined": [
      0.016748490577066573,
      0.013067686289141046,
      0.0204292948649921
    ],
    "twotailed": [
      0.016748490577066573,
      0.013067686289141046,
      0.0204292948649921
    ],
    "split2tail": [
      0.017094337639542777,
      0.01341632286602944,
      0.020772352413056114
    ]
  },
  "elapsed": 3.276642833
}