{
  "scenario": 7,
  "fracPos": 0.25,
  "fracNeg": 0,
  "rho": 0.8,
  "FDRmethod": "BH1995",
  "numTests": 2000,
  "numRealizations": 2000,
  "effectSize": 3,
  "CImethod": "Wilson",
  "q": 0.05,
  "alpha": 0.05,
  "seed": "shuffle",
  "BothSides": {
    "canonical": [
      0.034568734266693817,
      0.027412687052667927,
      0.043509288965888
    ],
    "combined": [
      0.016796275431142347,
      0.012020275425053633,
      0.023424924210183107
    ],
    "twotailed": [
      0.016796275431142347,
      0.012020275425053633,
      0.023424924210183107
    ],
    "split2tail": [
      0.017805248370574157,
      0.012866171563733162,
      0.024593105452706411
    ]
  },
  "PosSide": {
    "canonical": [
      0.026068734266693823,
      0.019941824724498,
      0.034012741097839243
    ],
    "combined": [
      0.013296275431142344,
      0.0091282091491896068,
      0.019330409817015896
    ],
    "twotailed": [
      0.013296275431142344,
      0.0091282091491896068,
      0.019330409817015896
    ],
    "split2tail": [
      0.013305248370574155,
      0.0091355270854932454,
      0.019341003356477593
    ]
  },
  "NegSide": {
    "canonical": [
      0.0085,
      0.0053137677396855555,
      0.013570689737786083
    ],
    "combined": [
      0.0035,
      0.0016964316970424186,
      0.0072071962532417461
    ],
    "twotailed": [
      0.0035,
      0.0016964316970424186,
      0.0072071962532417461
    ],
    "split2tail": [
      0.0045,
      0.0023692806369618358,
      0.0085305132187598227
    ]
  },
  "elapsed": 3.885275583
}