{
  "effectSize": 3,
  "fracPos": 0,
  "fracNeg": 0,
  "rho": 0.8,
  "FDRmethod": "BH1995",
  "numTests": 1000,
  "numRealizations": 1000,
  "CImethod": "Wald",
  "q": 0.05,
  "alpha": 0.05,
  "seed": "shuffle",
  "BothSides": {
    "canonical": [
      0.014,
      0.0067143580832571418,
      0.02128564191674286
    ],
    "twotailed": [
      0.01,
      0.0038300315368952134,
      0.016169968463104787
    ],
    "combined": [
      0.01,
      0.0038300315368952134,
      0.016169968463104787
    ],
    "twice": [
      0.028,
      0.017769956155466733,
      0.038230043844533268
    ],
    "sidaktwice": [
      0.01,
      0.0038300315368952134,
      0.016169968463104787
    ],
    "split1tail": [
      0.028,
      0.017769956155466733,
      0.038230043844533268
    ],
    "split2tail": [
      0.01,
      0.0038300315368952134,
      0.016169968463104787
    ]
  },
  "PosSide": {
    "canonical": [
      0.014,
      0.0067143580832571418,
      0.02128564191674286
    ],
    "twotailed": [
      0.004,
      8.5962234050530884E-5,
      0.00791403776594947
    ],
    "combined": [
      0.004,
      8.5962234050530884E-5,
      0.00791403776594947
    ],
    "twice": [
      0.014,
      0.0067143580832571418,
      0.02128564191674286
    ],
    "sidaktwice": [
      0.004,
      8.5962234050530884E-5,
      0.00791403776594947
    ],
    "split1tail": [
      0.014,
      0.0067143580832571418,
      0.02128564191674286
    ],
    "split2tail": [
      0.004,
      8.5962234050530884E-5,
      0.00791403776594947
    ]
  },
  "NegSide": {
    "canonical": [
      0,
      0,
      0
    ],
    "twotailed": [
      0.006,
      0.0012111176877667787,
      0.010788882312233222
    ],
    "combined": [
      0.006,
      0.0012111176877667787,
      0.010788882312233222
    ],
    "twice": [
      0.014,
      0.0067143580832571435,
      0.021285641916742856
    ],
    "sidaktwice": [
      0.006,
      0.0012111176877667787,
      0.010788882312233222
    ],
    "split1tail": [
      0.014,
      0.0067143580832571435,
      0.021285641916742856
    ],
    "split2tail": [
      0.006,
      0.0012111176877667787,
      0.010788882312233222
    ]
  },
  "elapsed": 1.560958375
}