{
  "fracPos": 0.25,
  "fracNeg": 0.25,
  "rho": 0.8,
  "FDRmethod": "BH1995",
  "numTests": 1000,
  "numRealizations": 1000,
  "effectSize": 3,
  "CImethod": "Wald",
  "q": 0.05,
  "alpha": 0.05,
  "seed": "shuffle",
  "BothSides": {
    "canonical": [
      0.023255270694219482,
      0.017383573948014,
      0.029126967440424964
    ],
    "twotailed": [
      0.026701400331743234,
      0.020967046962611483,
      0.032435753700874981
    ],
    "combined": [
      0.026701400331743234,
      0.020967046962611483,
      0.032435753700874981
    ],
    "twice": [
      0.048827489500869646,
      0.04061007621983919,
      0.0570449027819001
    ],
    "sidaktwice": [
      0.026768539621055177,
      0.021013538877071879,
      0.032523540365038475
    ],
    "split1tail": [
      0.060969343391269776,
      0.051608650485524342,
      0.070330036297015217
    ],
    "split2tail": [
      0.034193106305829037,
      0.027555208264573635,
      0.040831004347084435
    ]
  },
  "PosSide": {
    "canonical": [
      0.023255270694219482,
      0.017383573948014,
      0.029126967440424964
    ],
    "twotailed": [
      0.011791824290432743,
      0.0078507330359917967,
      0.015732915544873688
    ],
    "combined": [
      0.011791824290432743,
      0.0078507330359917967,
      0.015732915544873688
    ],
    "twice": [
      0.023255270694219482,
      0.017383573948014,
      0.029126967440424964
    ],
    "sidaktwice": [
      0.011772881086602752,
      0.0078153720301292751,
      0.015730390143076228
    ],
    "split1tail": [
      0.029811805853696079,
      0.023045009216507029,
      0.036578602490885126
    ],
    "split2tail": [
      0.015642748181905562,
      0.011026328297009131,
      0.020259168066801992
    ]
  },
  "NegSide": {
    "canonical": [
      0,
      0,
      0
    ],
    "twotailed": [
      0.016817502721465077,
      0.012495917844913699,
      0.021139087598016457
    ],
    "combined": [
      0.016817502721465077,
      0.012495917844913699,
      0.021139087598016457
    ],
    "twice": [
      0.026551353422956579,
      0.020430995720976574,
      0.032671711124936581
    ],
    "sidaktwice": [
      0.015654629847070365,
      0.011322234229671496,
      0.019987025464469232
    ],
    "split1tail": [
      0.033221004446095492,
      0.026252891588574617,
      0.040189117303616365
    ],
    "split2tail": [
      0.019715828892873075,
      0.014731666591903642,
      0.024699991193842509
    ]
  },
  "elapsed": 1.478728916
}