{
  "effectSize": 3,
  "fracPos": 0,
  "fracNeg": 0,
  "rho": 0.8,
  "FDRmethod": "BH1995",
  "numTests": 2000,
  "numRealizations": 2000,
  "CImethod": "Wald",
  "q": 0.05,
  "alpha": 0.05,
  "seed": "shuffle",
  "BothSides": {
    "canonical": [
      0.0205,
      0.014288151651290083,
      0.026711848348709918
    ],
    "twotailed": [
      0.02,
      0.013862807726060192,
      0.026137192273939808
    ],
    "combined": [
      0.02,
      0.013862807726060192,
      0.026137192273939808
    ],
    "twice": [
      0.0375,
      0.029171674378451369,
      0.045828325621548628
    ],
    "sidaktwice": [
      0.02,
      0.013862807726060192,
      0.026137192273939808
    ],
    "split1tail": [
      0.0375,
      0.029171674378451369,
      0.045828325621548628
    ],
    "split2tail": [
      0.02,
      0.013862807726060192,
      0.026137192273939808
    ]
  },
  "PosSide": {
    "canonical": [
      0.0205,
      0.014288151651290083,
      0.026711848348709918
    ],
    "twotailed": [
      0.0095,
      0.00524763302601315,
      0.01375236697398685
    ],
    "combined": [
      0.0095,
      0.00524763302601315,
      0.01375236697398685
    ],
    "twice": [
      0.0205,
      0.014288151651290083,
      0.026711848348709918
    ],
    "sidaktwice": [
      0.0095,
      0.00524763302601315,
      0.01375236697398685
    ],
    "split1tail": [
      0.0205,
      0.014288151651290083,
      0.026711848348709918
    ],
    "split2tail": [
      0.0095,
      0.00524763302601315,
      0.01375236697398685
    ]
  },
  "NegSide": {
    "canonical": [
      0,
      0,
      0
    ],
    "twotailed": [
      0.0105,
      0.0060316802563134342,
      0.014968319743686568
    ],
    "combined": [
      0.0105,
      0.0060316802563134342,
      0.014968319743686568
    ],
    "twice": [
      0.017,
      0.011333134388461313,
      0.022666865611538689
    ],
    "sidaktwice": [
      0.0105,
      0.0060316802563134342,
      0.014968319743686568
    ],
    "split1tail": [
      0.017,
      0.011333134388461313,
      0.022666865611538689
    ],
    "split2tail": [
      0.0105,
      0.0060316802563134342,
      0.014968319743686568
    ]
  },
  "elapsed": 7.285337125
}