{
  "fracPos": 0.1,
  "fracNeg": 0.4,
  "rho": 0.8,
  "FDRmethod": "BH1995",
  "numTests": 2000,
  "numRealizations": 2000,
  "effectSize": 3,
  "CImethod": "Wald",
  "q": 0.05,
  "alpha": 0.05,
  "seed": "shuffle",
  "BothSides": {
    "canonical": [
      0.01921215179645322,
      0.014687327164657467,
      0.023736976428248971
    ],
    "twotailed": [
      0.020604338085961731,
      0.016663786673915174,
      0.024544889498008288
    ],
    "combined": [
      0.020604338085961731,
      0.016663786673915174,
      0.024544889498008288
    ],
    "twice": [
      0.039281793860508271,
      0.033908180909973183,
      0.044655406811043359
    ],
    "sidaktwice": [
      0.020600285517967373,
      0.016651283295617811,
      0.024549287740316936
    ],
    "split1tail": [
      0.052577249930393893,
      0.046119914926302068,
      0.059034584934485719
    ],
    "split2tail": [
      0.027220185153806573,
      0.022555006965077128,
      0.03188536334253602
    ]
  },
  "PosSide": {
    "canonical": [
      0.01921215179645322,
      0.014687327164657467,
      0.023736976428248971
    ],
    "twotailed": [
      0.010762321119800546,
      0.0074048005505403386,
      0.014119841689060754
    ],
    "combined": [
      0.010762321119800546,
      0.0074048005505403386,
      0.014119841689060754
    ],
    "twice": [
      0.01921215179645322,
      0.014687327164657467,
      0.023736976428248971
    ],
    "sidaktwice": [
      0.010754448934706349,
      0.00739113025776532,
      0.014117767611647378
    ],
    "split1tail": [
      0.030380991007248836,
      0.024630856083906021,
      0.036131125930591652
    ],
    "split2tail": [
      0.016328551190856119,
      0.012171740229272797,
      0.020485362152439443
    ]
  },
  "NegSide": {
    "canonical": [
      0,
      0,
      0
    ],
    "twotailed": [
      0.010138707767445194,
      0.0079794984434633162,
      0.012297917091427073
    ],
    "combined": [
      0.010138707767445194,
      0.0079794984434633162,
      0.012297917091427073
    ],
    "twice": [
      0.020178986529502559,
      0.017036405015328854,
      0.023321568043676265
    ],
    "sidaktwice": [
      0.0099115497209218625,
      0.0077464424853157694,
      0.012076656956527956
    ],
    "split1tail": [
      0.022730135535750803,
      0.019384690677749283,
      0.026075580393752323
    ],
    "split2tail": [
      0.011039749212783462,
      0.00876754673407412,
      0.013311951691492805
    ]
  },
  "elapsed": 6.830351792
}