{
  "scenario": 7,
  "fracPos": 0.25,
  "fracNeg": 0,
  "rho": 0.25,
  "FDRmethod": "BH1995",
  "numTests": 2000,
  "numRealizations": 2000,
  "effectSize": 3,
  "CImethod": "Wald",
  "q": 0.05,
  "alpha": 0.05,
  "seed": "shuffle",
  "BothSides": {
    "canonical": [
      0.043356852861119,
      0.039215408291164634,
      0.047498297431073359
    ],
    "combined": [
      0.040781874092408646,
      0.037313820603001618,
      0.044249927581815673
    ],
    "twotailed": [
      0.040781874092408646,
      0.037313820603001618,
      0.044249927581815673
    ],
    "split2tail": [
      0.027436534990989383,
      0.024511260366646428,
      0.030361809615332337
    ]
  },
  "PosSide": {
    "canonical": [
      0.035946805506524973,
      0.033282315416066306,
      0.03861129559698364
    ],
    "combined": [
      0.018110813452572268,
      0.016459439096220732,
      0.019762187808923803
    ],
    "twotailed": [
      0.018110813452572268,
      0.016459439096220732,
      0.019762187808923803
    ],
    "split2tail": [
      0.023222915252906168,
      0.021478979167645497,
      0.02496685133816684
    ]
  },
  "NegSide": {
    "canonical": [
      0.035,
      0.026943630570867454,
      0.043056369429132553
    ],
    "combined": [
      0.693,
      0.6727801700417011,
      0.7132198299582988
    ],
    "twotailed": [
      0.693,
      0.6727801700417011,
      0.7132198299582988
    ],
    "split2tail": [
      0.0305,
      0.022961837065184544,
      0.038038162934815455
    ]
  },
  "elapsed": 3.2566485
}