{
  "scenario": 6,
  "effectSize": 3,
  "fracPos": 0,
  "fracNeg": 0,
  "rho": 0.8,
  "FDRmethod": "BH1995",
  "numTests": 2000,
  "numRealizations": 2000,
  "CImethod": "Wilson",
  "q": 0.05,
  "alpha": 0.05,
  "seed": "shuffle",
  "BothSides": {
    "canonical": [
      0.029,
      0.022500401616129876,
      0.0373054569228104
    ],
    "combined": [
      0.0165,
      0.011772823607253374,
      0.023080961113718219
    ],
    "twotailed": [
      0.0165,
      0.011772823607253374,
      0.023080961113718219
    ],
    "split2tail": [
      0.0165,
      0.011772823607253374,
      0.023080961113718219
    ]
  },
  "PosSide": {
    "canonical": [
      0.0145,
      0.010114677346790281,
      0.02074677556330632
    ],
    "combined": [
      0.009,
      0.00570049972857741,
      0.014182040701612974
    ],
    "twotailed": [
      0.009,
      0.00570049972857741,
      0.014182040701612974
    ],
    "split2tail": [
      0.009,
      0.00570049972857741,
      0.014182040701612974
    ]
  },
  "NegSide": {
    "canonical": [
      0.0145,
      0.010114677346790281,
      0.02074677556330632
    ],
    "combined": [
      0.0075,
      0.0045503774358092259,
      0.012337914136224915
    ],
    "twotailed": [
      0.0075,
      0.0045503774358092259,
      0.012337914136224915
    ],
    "split2tail": [
      0.0075,
      0.0045503774358092259,
      0.012337914136224915
    ]
  },
  "elapsed": 4.463838917
}