{
  "scenario": 10,
  "fracPos": 0.1,
  "fracNeg": 0.4,
  "rho": 0.8,
  "FDRmethod": "BH1995",
  "numTests": 2000,
  "numRealizations": 2000,
  "effectSize": 3,
  "CImethod": "Wald",
  "q": 0.05,
  "alpha": 0.05,
  "seed": "shuffle",
  "BothSides": {
    "canonical": [
      0.040644342326432506,
      0.035130600313326585,
      0.046158084339538427
    ],
    "combined": [
      0.0230469110120521,
      0.018882622898750756,
      0.027211199125353441
    ],
    "twotailed": [
      0.0230469110120521,
      0.018882622898750756,
      0.027211199125353441
    ],
    "split2tail": [
      0.02918667680630244,
      0.024389366735801055,
      0.033983986876803825
    ]
  },
  "PosSide": {
    "canonical": [
      0.017540342447682072,
      0.01324527231583628,
      0.021835412579527865
    ],
    "combined": [
      0.010017760037454594,
      0.0067885550685548865,
      0.013246965006354302
    ],
    "twotailed": [
      0.010017760037454594,
      0.0067885550685548865,
      0.013246965006354302
    ],
    "split2tail": [
      0.0150545822637763,
      0.011089954429298388,
      0.019019210098254212
    ]
  },
  "NegSide": {
    "canonical": [
      0.02321172295792397,
      0.019537174621969959,
      0.026886271293877981
    ],
    "combined": [
      0.013425891340049475,
      0.010702126986884974,
      0.016149655693213975
    ],
    "twotailed": [
      0.013425891340049475,
      0.010702126986884974,
      0.016149655693213975
    ],
    "split2tail": [
      0.014281750660649415,
      0.011434603599791229,
      0.0171288977215076
    ]
  },
  "elapsed": 3.422180459
}