{
  "fracPos": 0,
  "fracNeg": 0.25,
  "rho": 0.8,
  "FDRmethod": "BH1995",
  "numTests": 1000,
  "numRealizations": 1000,
  "effectSize": 3,
  "CImethod": "Wald",
  "q": 0.05,
  "alpha": 0.05,
  "seed": "shuffle",
  "BothSides": {
    "canonical": [
      0.019,
      0.010534031444512681,
      0.027465968555487316
    ],
    "twotailed": [
      0.024893958108022148,
      0.017581655621396349,
      0.032206260594647949
    ],
    "combined": [
      0.024893958108022148,
      0.017581655621396349,
      0.032206260594647949
    ],
    "twice": [
      0.0494574515499377,
      0.038757798807216984,
      0.060157104292658414
    ],
    "sidaktwice": [
      0.024935792893427091,
      0.017618795327676788,
      0.032252790459177394
    ],
    "split1tail": [
      0.058022360113634749,
      0.046117867858215061,
      0.069926852369054437
    ],
    "split2tail": [
      0.027507087754245142,
      0.019719669947259766,
      0.035294505561230517
    ]
  },
  "PosSide": {
    "canonical": [
      0.019,
      0.010534031444512681,
      0.027465968555487316
    ],
    "twotailed": [
      0.009,
      0.0031436984803324703,
      0.014856301519667528
    ],
    "combined": [
      0.009,
      0.0031436984803324703,
      0.014856301519667528
    ],
    "twice": [
      0.019,
      0.010534031444512681,
      0.027465968555487316
    ],
    "sidaktwice": [
      0.009,
      0.0031436984803324703,
      0.014856301519667528
    ],
    "split1tail": [
      0.027,
      0.016949130153906165,
      0.037050869846093834
    ],
    "split2tail": [
      0.011,
      0.0045321515498656425,
      0.017467848450134354
    ]
  },
  "NegSide": {
    "canonical": [
      0,
      0,
      0
    ],
    "twotailed": [
      0.015893958108022146,
      0.011391335759350387,
      0.020396580456693906
    ],
    "combined": [
      0.015893958108022146,
      0.011391335759350387,
      0.020396580456693906
    ],
    "twice": [
      0.030457451549937686,
      0.023582828980864119,
      0.037332074119011252
    ],
    "sidaktwice": [
      0.015935792893427093,
      0.01142522869916579,
      0.020446357087688397
    ],
    "split1tail": [
      0.031022360113634732,
      0.024156602085653858,
      0.037888118141615607
    ],
    "split2tail": [
      0.016507087754245149,
      0.012011839426898711,
      0.021002336081591588
    ]
  }
}