{
  "effectSize": 2,
  "fracPos": 0,
  "fracNeg": 0,
  "rho": 0.8,
  "FDRmethod": "BH1995",
  "numTests": 1000,
  "numRealizations": 1000,
  "CImethod": "Wald",
  "q": 0.05,
  "alpha": 0.05,
  "seed": "shuffle",
  "BothSides": {
    "canonical": [
      0.02,
      0.011318527725872116,
      0.028681472274127887
    ],
    "twotailed": [
      0.015,
      0.0074624693404139351,
      0.022537530659586063
    ],
    "combined": [
      0.015,
      0.0074624693404139351,
      0.022537530659586063
    ],
    "twice": [
      0.031,
      0.020252484444978146,
      0.041747515555021854
    ],
    "split1tail": [
      0.031,
      0.020252484444978146,
      0.041747515555021854
    ],
    "split2tail": [
      0.015,
      0.0074624693404139351,
      0.022537530659586063
    ]
  },
  "PosSide": {
    "canonical": [
      0.02,
      0.011318527725872116,
      0.028681472274127887
    ],
    "twotailed": [
      0.008,
      0.002475840920595866,
      0.013524159079404133
    ],
    "combined": [
      0.008,
      0.002475840920595866,
      0.013524159079404133
    ],
    "twice": [
      0.02,
      0.011318527725872116,
      0.028681472274127887
    ],
    "split1tail": [
      0.02,
      0.011318527725872116,
      0.028681472274127887
    ],
    "split2tail": [
      0.008,
      0.002475840920595866,
      0.013524159079404133
    ]
  },
  "NegSide": {
    "canonical": [
      0,
      0,
      0
    ],
    "twotailed": [
      0.007,
      0.0018300184747316092,
      0.012169981525268391
    ],
    "combined": [
      0.007,
      0.0018300184747316092,
      0.012169981525268391
    ],
    "twice": [
      0.011,
      0.0045321515498656408,
      0.017467848450134358
    ],
    "split1tail": [
      0.011,
      0.0045321515498656408,
      0.017467848450134358
    ],
    "split2tail": [
      0.007,
      0.0018300184747316092,
      0.012169981525268391
    ]
  }
}