{
  "scenario": 7,
  "fracPos": 0.25,
  "fracNeg": 0,
  "rho": 0.8,
  "FDRmethod": "BH1995",
  "numTests": 2000,
  "numRealizations": 2000,
  "effectSize": 3,
  "CImethod": "Wald",
  "q": 0.05,
  "alpha": 0.05,
  "seed": "shuffle",
  "BothSides": {
    "canonical": [
      0.040221198325822709,
      0.033444302662984635,
      0.046998093988660783
    ],
    "combined": [
      0.016913073276794074,
      0.012763155985558366,
      0.021062990568029783
    ],
    "twotailed": [
      0.016913073276794074,
      0.012763155985558366,
      0.021062990568029783
    ],
    "split2tail": [
      0.020918965118247559,
      0.015957360173209183,
      0.025880570063285934
    ]
  },
  "PosSide": {
    "canonical": [
      0.027721198325822715,
      0.022869679012113151,
      0.032572717639532282
    ],
    "combined": [
      0.013913073276794075,
      0.010502141193915524,
      0.017324005359672625
    ],
    "twotailed": [
      0.013913073276794075,
      0.010502141193915524,
      0.017324005359672625
    ],
    "split2tail": [
      0.013918965118247563,
      0.010508052363617184,
      0.017329877872877944
    ]
  },
  "NegSide": {
    "canonical": [
      0.0125,
      0.007629593026140742,
      0.017370406973859259
    ],
    "combined": [
      0.003,
      0.00060254811223976181,
      0.0053974518877602379
    ],
    "twotailed": [
      0.003,
      0.00060254811223976181,
      0.0053974518877602379
    ],
    "split2tail": [
      0.007,
      0.0033451855087015345,
      0.010654814491298466
    ]
  },
  "elapsed": 3.168867459
}