{
  "fracPos": 0.25,
  "fracNeg": 0,
  "rho": 0.8,
  "FDRmethod": "BH1995",
  "numTests": 1000,
  "numRealizations": 1000,
  "effectSize": 3,
  "CImethod": "Wald",
  "q": 0.05,
  "alpha": 0.05,
  "seed": "shuffle",
  "BothSides": {
    "canonical": [
      0.028956546348914883,
      0.021749640298999076,
      0.036163452398830689
    ],
    "twotailed": [
      0.019189828988669493,
      0.012753967579814014,
      0.025625690397524971
    ],
    "combined": [
      0.019189828988669493,
      0.012753967579814014,
      0.025625690397524971
    ],
    "twice": [
      0.0419565463489149,
      0.032037696761747607,
      0.051875395936082196
    ],
    "sidaktwice": [
      0.019277423812289848,
      0.012825928677969545,
      0.025728918946610151
    ],
    "split1tail": [
      0.047989040675710123,
      0.037062941562003883,
      0.058915139789416364
    ],
    "split2tail": [
      0.020193845052926519,
      0.013477177142944503,
      0.026910512962908535
    ]
  },
  "PosSide": {
    "canonical": [
      0.028956546348914883,
      0.021749640298999076,
      0.036163452398830689
    ],
    "twotailed": [
      0.015189828988669492,
      0.010035423442222862,
      0.020344234535116121
    ],
    "combined": [
      0.015189828988669492,
      0.010035423442222862,
      0.020344234535116121
    ],
    "twice": [
      0.028956546348914883,
      0.021749640298999076,
      0.036163452398830689
    ],
    "sidaktwice": [
      0.015277423812289848,
      0.010103250587387529,
      0.020451597037192168
    ],
    "split1tail": [
      0.028989040675710103,
      0.021781895470286791,
      0.036196185881133415
    ],
    "split2tail": [
      0.015193845052926522,
      0.010039479006306775,
      0.020348211099546269
    ]
  },
  "NegSide": {
    "canonical": [
      0,
      0,
      0
    ],
    "twotailed": [
      0.004,
      8.5962234050530884E-5,
      0.00791403776594947
    ],
    "combined": [
      0.004,
      8.5962234050530884E-5,
      0.00791403776594947
    ],
    "twice": [
      0.013,
      0.0059758205300866757,
      0.020024179469913323
    ],
    "sidaktwice": [
      0.004,
      8.5962234050530884E-5,
      0.00791403776594947
    ],
    "split1tail": [
      0.019,
      0.010534031444512685,
      0.027465968555487316
    ],
    "split2tail": [
      0.005,
      0.00062617009693171754,
      0.0093738299030682835
    ]
  }
}