{
  "fracPos": 0.25,
  "fracNeg": 0.25,
  "rho": 0.8,
  "FDRmethod": "BH1995",
  "numTests": 1000,
  "numRealizations": 1000,
  "effectSize": 3,
  "CImethod": "Wald",
  "q": 0.05,
  "alpha": 0.05,
  "seed": "shuffle",
  "BothSides": {
    "canonical": [
      0.020146652440567698,
      0.014712980558651112,
      0.025580324322484284
    ],
    "twotailed": [
      0.0215534227516319,
      0.016529864432477392,
      0.026576981070786411
    ],
    "combined": [
      0.0215534227516319,
      0.016529864432477392,
      0.026576981070786411
    ],
    "twice": [
      0.040679316329882469,
      0.033491600226779411,
      0.047867032432985526
    ],
    "sidaktwice": [
      0.021512588504618808,
      0.016475029723795526,
      0.02655014728544209
    ],
    "split1tail": [
      0.053487737175676751,
      0.045101032820367731,
      0.061874441530985771
    ],
    "split2tail": [
      0.027982913523333208,
      0.022154548089599008,
      0.033811278957067412
    ]
  },
  "PosSide": {
    "canonical": [
      0.020146652440567698,
      0.014712980558651112,
      0.025580324322484284
    ],
    "twotailed": [
      0.010678482969329993,
      0.0068173373311277742,
      0.014539628607532211
    ],
    "combined": [
      0.010678482969329993,
      0.0068173373311277742,
      0.014539628607532211
    ],
    "twice": [
      0.020146652440567698,
      0.014712980558651112,
      0.025580324322484284
    ],
    "sidaktwice": [
      0.010615762856522193,
      0.006746234231884576,
      0.014485291481159809
    ],
    "split1tail": [
      0.026636160876023857,
      0.020375503834924688,
      0.032896817917123025
    ],
    "split2tail": [
      0.013996363769501887,
      0.0095036023604281178,
      0.018489125178575656
    ]
  },
  "NegSide": {
    "canonical": [
      0,
      0,
      0
    ],
    "twotailed": [
      0.012650611707136992,
      0.0093057821495615041,
      0.01599544126471248
    ],
    "combined": [
      0.012650611707136992,
      0.0093057821495615041,
      0.01599544126471248
    ],
    "twice": [
      0.021562233968358258,
      0.016541679906683381,
      0.026582788030033135
    ],
    "sidaktwice": [
      0.011988992356690025,
      0.0084991960076629541,
      0.015478788705717096
    ],
    "split1tail": [
      0.029034289089171172,
      0.02301092093930325,
      0.035057657239039093
    ],
    "split2tail": [
      0.015269133464615741,
      0.011370898609859204,
      0.019167368319372276
    ]
  }
}