{
  "scenario": 8,
  "fracPos": 0,
  "fracNeg": 0.25,
  "rho": 0.25,
  "FDRmethod": "BH1995",
  "numTests": 2000,
  "numRealizations": 2000,
  "effectSize": 3,
  "CImethod": "Wald",
  "q": 0.05,
  "alpha": 0.05,
  "seed": "shuffle",
  "BothSides": {
    "canonical": [
      0.043404147705440724,
      0.039720795296346145,
      0.0470875001145353
    ],
    "combined": [
      0.0392248822008749,
      0.036525992276966568,
      0.041923772124783237
    ],
    "twotailed": [
      0.0392248822008749,
      0.036525992276966568,
      0.041923772124783237
    ],
    "split2tail": [
      0.028308289980300834,
      0.025846444810120429,
      0.030770135150481239
    ]
  },
  "PosSide": {
    "canonical": [
      0.03,
      0.022521953033424,
      0.037478046966576
    ],
    "combined": [
      0.701,
      0.68093051181875175,
      0.72106948818124816
    ],
    "twotailed": [
      0.701,
      0.68093051181875175,
      0.72106948818124816
    ],
    "split2tail": [
      0.0245,
      0.017722986152937006,
      0.031277013847062995
    ]
  },
  "NegSide": {
    "canonical": [
      0.038912543670191327,
      0.036162737873512395,
      0.041662349466870259
    ],
    "combined": [
      0.020917194067133459,
      0.019181946833207217,
      0.0226524413010597
    ],
    "twotailed": [
      0.020917194067133459,
      0.019181946833207217,
      0.0226524413010597
    ],
    "split2tail": [
      0.0260607829422157,
      0.0242381060835603,
      0.027883459800871098
    ]
  },
  "elapsed": 3.313911042
}