{
  "scenario": 6,
  "effectSize": 3,
  "fracPos": 0,
  "fracNeg": 0,
  "rho": 0.25,
  "FDRmethod": "BH1995",
  "numTests": 2000,
  "numRealizations": 2000,
  "CImethod": "Wald",
  "q": 0.05,
  "alpha": 0.05,
  "seed": "shuffle",
  "BothSides": {
    "canonical": [
      0.0785,
      0.066709718015332653,
      0.090290281984667348
    ],
    "combined": [
      0.0445,
      0.0354606532735919,
      0.053539346726408095
    ],
    "twotailed": [
      0.0445,
      0.0354606532735919,
      0.053539346726408095
    ],
    "split2tail": [
      0.0535,
      0.043635413301401388,
      0.06336458669859861
    ]
  },
  "PosSide": {
    "canonical": [
      0.0405,
      0.031858449045154738,
      0.049141550954845264
    ],
    "combined": [
      0.0225,
      0.015998832792771048,
      0.029001167207228951
    ],
    "twotailed": [
      0.0225,
      0.015998832792771048,
      0.029001167207228951
    ],
    "split2tail": [
      0.0275,
      0.020331094660280817,
      0.034668905339719183
    ]
  },
  "NegSide": {
    "canonical": [
      0.0385,
      0.030065745471317438,
      0.046934254528682565
    ],
    "combined": [
      0.0225,
      0.015998832792771048,
      0.029001167207228951
    ],
    "twotailed": [
      0.0225,
      0.015998832792771048,
      0.029001167207228951
    ],
    "split2tail": [
      0.0265,
      0.019459028136104027,
      0.033540971863895971
    ]
  },
  "elapsed": 3.334515667
}