{
  "fracPos": 0.1,
  "fracNeg": 0.4,
  "rho": 0.8,
  "FDRmethod": "BH1995",
  "numTests": 1000,
  "numRealizations": 1000,
  "effectSize": 3,
  "CImethod": "Wald",
  "q": 0.05,
  "alpha": 0.05,
  "seed": "shuffle",
  "BothSides": {
    "canonical": [
      0.021824453603627024,
      0.015288739585430589,
      0.028360167621823459
    ],
    "twotailed": [
      0.024063469027056687,
      0.018433636169983787,
      0.029693301884129587
    ],
    "combined": [
      0.024063469027056687,
      0.018433636169983787,
      0.029693301884129587
    ],
    "twice": [
      0.045336336749064704,
      0.037267940024883525,
      0.053404733473245883
    ],
    "sidaktwice": [
      0.024003666676686877,
      0.018363211043482056,
      0.029644122309891698
    ],
    "split1tail": [
      0.060978549162070246,
      0.0511369791958591,
      0.0708201191282814
    ],
    "split2tail": [
      0.032644580231561415,
      0.02578243228044369,
      0.039506728182679141
    ]
  },
  "PosSide": {
    "canonical": [
      0.021824453603627024,
      0.015288739585430589,
      0.028360167621823459
    ],
    "twotailed": [
      0.010938490572624797,
      0.0064615667178079365,
      0.015415414427441657
    ],
    "combined": [
      0.010938490572624797,
      0.0064615667178079365,
      0.015415414427441657
    ],
    "twice": [
      0.021824453603627024,
      0.015288739585430589,
      0.028360167621823459
    ],
    "sidaktwice": [
      0.01092897772606824,
      0.0064479408482016011,
      0.015410014603934877
    ],
    "split1tail": [
      0.035505853654926443,
      0.026873512565222937,
      0.044138194744629947
    ],
    "split2tail": [
      0.018308429962743074,
      0.012407627082510257,
      0.024209232842975891
    ]
  },
  "NegSide": {
    "canonical": [
      0,
      0,
      0
    ],
    "twotailed": [
      0.013681129610253282,
      0.010108949918837569,
      0.017253309301668997
    ],
    "combined": [
      0.013681129610253282,
      0.010108949918837569,
      0.017253309301668997
    ],
    "twice": [
      0.023733859284322905,
      0.018605997688515816,
      0.028861720880129994
    ],
    "sidaktwice": [
      0.013217422166687112,
      0.0096363666419349812,
      0.016798477691439242
    ],
    "split1tail": [
      0.026243113656559423,
      0.020840828170865647,
      0.0316453991422532
    ],
    "split2tail": [
      0.014692824438363939,
      0.010914644648478567,
      0.018471004228249311
    ]
  },
  "elapsed": 1.440479208
}