{
  "fracPos": 0.25,
  "fracNeg": 0,
  "rho": 0.8,
  "FDRmethod": "BH1995",
  "numTests": 1000,
  "numRealizations": 1000,
  "effectSize": 2,
  "CImethod": "Wald",
  "q": 0.05,
  "alpha": 0.05,
  "seed": "shuffle",
  "BothSides": {
    "canonical": [
      0.02278465558432697,
      0.016713471710507612,
      0.028855839458146328
    ],
    "twotailed": [
      0.01634207786692583,
      0.010181166052210726,
      0.022502989681640932
    ],
    "combined": [
      0.016373717540013249,
      0.010193568309164625,
      0.022553866770861873
    ],
    "twice": [
      0.034784655584326966,
      0.025821036615899455,
      0.043748274552754478
    ],
    "split1tail": [
      0.034719838720268396,
      0.025798272867911962,
      0.043641404572624831
    ],
    "split2tail": [
      0.017346592403380663,
      0.010891200311552766,
      0.02380198449520856
    ]
  },
  "PosSide": {
    "canonical": [
      0.02278465558432697,
      0.016713471710507612,
      0.028855839458146328
    ],
    "twotailed": [
      0.01037371754001325,
      0.0064064096491010143,
      0.014341025430925487
    ],
    "combined": [
      0.01037371754001325,
      0.0064064096491010143,
      0.014341025430925487
    ],
    "twice": [
      0.02278465558432697,
      0.016713471710507612,
      0.028855839458146328
    ],
    "split1tail": [
      0.022822517507109247,
      0.016751732302162627,
      0.028893302712055868
    ],
    "split2tail": [
      0.010378232076468083,
      0.0064109599395706963,
      0.01434550421336547
    ]
  },
  "NegSide": {
    "canonical": [
      0,
      0,
      0
    ],
    "twotailed": [
      0.006,
      0.0012111176877667744,
      0.010788882312233225
    ],
    "combined": [
      0.006,
      0.0012111176877667744,
      0.010788882312233225
    ],
    "twice": [
      0.012,
      0.0052479687720024945,
      0.018752031227997505
    ],
    "split1tail": [
      0.012,
      0.0052479687720024945,
      0.018752031227997505
    ],
    "split2tail": [
      0.007,
      0.0018300184747316118,
      0.012169981525268388
    ]
  }
}