{
  "fracPos": 0,
  "fracNeg": 0.25,
  "rho": 0.8,
  "FDRmethod": "BH1995",
  "numTests": 1000,
  "numRealizations": 1000,
  "effectSize": 2,
  "CImethod": "Wald",
  "q": 0.05,
  "alpha": 0.05,
  "seed": "shuffle",
  "BothSides": {
    "canonical": [
      0.007,
      0.0018300184747316109,
      0.012169981525268389
    ],
    "twotailed": [
      0.018174831260337442,
      0.012297237729647293,
      0.02405242479102759
    ],
    "combined": [
      0.018178918514324738,
      0.01229870320763184,
      0.024059133821017636
    ],
    "twice": [
      0.036005041800840874,
      0.027377017618539966,
      0.044633065983141783
    ],
    "split1tail": [
      0.0401356138032984,
      0.030735038828256817,
      0.049536188778339985
    ],
    "split2tail": [
      0.01820738288776547,
      0.012330117985790555,
      0.024084647789740385
    ]
  },
  "PosSide": {
    "canonical": [
      0.007,
      0.0018300184747316109,
      0.012169981525268389
    ],
    "twotailed": [
      0.004,
      8.5962234050532618E-5,
      0.0079140377659494675
    ],
    "combined": [
      0.004,
      8.5962234050532618E-5,
      0.0079140377659494675
    ],
    "twice": [
      0.007,
      0.0018300184747316109,
      0.012169981525268389
    ],
    "split1tail": [
      0.011,
      0.0045321515498656408,
      0.017467848450134358
    ],
    "split2tail": [
      0.004,
      8.5962234050532618E-5,
      0.0079140377659494675
    ]
  },
  "NegSide": {
    "canonical": [
      0,
      0,
      0
    ],
    "twotailed": [
      0.014178918514324739,
      0.0097411917932911582,
      0.018616645235358321
    ],
    "combined": [
      0.014178918514324739,
      0.0097411917932911582,
      0.018616645235358321
    ],
    "twice": [
      0.029005041800840868,
      0.021985386737019313,
      0.03602469686466242
    ],
    "split1tail": [
      0.029169824388843031,
      0.022151583675104673,
      0.036188065102581393
    ],
    "split2tail": [
      0.014211470141752768,
      0.0097740659669453816,
      0.018648874316560156
    ]
  }
}