{
  "scenario": 6,
  "effectSize": 3,
  "fracPos": 0,
  "fracNeg": 0,
  "rho": 0.8,
  "FDRmethod": "BH1995",
  "numTests": 2000,
  "numRealizations": 2000,
  "CImethod": "Wald",
  "q": 0.05,
  "alpha": 0.05,
  "seed": "shuffle",
  "BothSides": {
    "canonical": [
      0.0265,
      0.019459028136104027,
      0.033540971863895971
    ],
    "combined": [
      0.0125,
      0.0076295930261407368,
      0.017370406973859265
    ],
    "twotailed": [
      0.0125,
      0.0076295930261407368,
      0.017370406973859265
    ],
    "split2tail": [
      0.0125,
      0.0076295930261407368,
      0.017370406973859265
    ]
  },
  "PosSide": {
    "canonical": [
      0.0155,
      0.010084788750567383,
      0.020915211249432616
    ],
    "combined": [
      0.006,
      0.0026145959349507973,
      0.0093854040650492021
    ],
    "twotailed": [
      0.006,
      0.0026145959349507973,
      0.0093854040650492021
    ],
    "split2tail": [
      0.006,
      0.0026145959349507973,
      0.0093854040650492021
    ]
  },
  "NegSide": {
    "canonical": [
      0.011,
      0.0064276845811656411,
      0.015572315418834358
    ],
    "combined": [
      0.0065,
      0.0029772460705731509,
      0.010022753929426849
    ],
    "twotailed": [
      0.0065,
      0.0029772460705731509,
      0.010022753929426849
    ],
    "split2tail": [
      0.0065,
      0.0029772460705731509,
      0.010022753929426849
    ]
  },
  "elapsed": 3.249976
}