{
  "fracPos": 0,
  "fracNeg": 0.25,
  "rho": 0.8,
  "FDRmethod": "BH1995",
  "numTests": 1000,
  "numRealizations": 1000,
  "effectSize": 3,
  "CImethod": "Wald",
  "q": 0.05,
  "alpha": 0.05,
  "seed": "shuffle",
  "BothSides": {
    "canonical": [
      0.008,
      0.002475840920595866,
      0.013524159079404133
    ],
    "twotailed": [
      0.020125481514385108,
      0.014002580345803924,
      0.026248382682966292
    ],
    "combined": [
      0.020125481514385108,
      0.014002580345803924,
      0.026248382682966292
    ],
    "twice": [
      0.037196492166813928,
      0.028460548305110429,
      0.045932436028517432
    ],
    "sidaktwice": [
      0.02015918588985641,
      0.014027615165096458,
      0.026290756614616363
    ],
    "split1tail": [
      0.040777649784143007,
      0.031461750815741589,
      0.050093548752544424
    ],
    "split2tail": [
      0.0216043473311296,
      0.015193884979574503,
      0.028014809682684695
    ]
  },
  "PosSide": {
    "canonical": [
      0.008,
      0.002475840920595866,
      0.013524159079404133
    ],
    "twotailed": [
      0.003,
      -0.00039135734438785303,
      0.0063913573443878536
    ],
    "combined": [
      0.003,
      -0.00039135734438785303,
      0.0063913573443878536
    ],
    "twice": [
      0.008,
      0.002475840920595866,
      0.013524159079404133
    ],
    "sidaktwice": [
      0.003,
      -0.00039135734438785303,
      0.0063913573443878536
    ],
    "split1tail": [
      0.011,
      0.0045321515498656442,
      0.017467848450134354
    ],
    "split2tail": [
      0.004,
      8.5962234050534353E-5,
      0.0079140377659494658
    ]
  },
  "NegSide": {
    "canonical": [
      0,
      0,
      0
    ],
    "twotailed": [
      0.017125481514385109,
      0.011988971980555738,
      0.022261991048214479
    ],
    "combined": [
      0.017125481514385109,
      0.011988971980555738,
      0.022261991048214479
    ],
    "twice": [
      0.029196492166813918,
      0.022297456590124911,
      0.036095527743502928
    ],
    "sidaktwice": [
      0.017159185889856411,
      0.012012269468824818,
      0.022306102310888004
    ],
    "split1tail": [
      0.029777649784142993,
      0.022887656994198313,
      0.036667642574087674
    ],
    "split2tail": [
      0.017604347331129606,
      0.012474445920509347,
      0.022734248741749865
    ]
  },
  "elapsed": 1.511724583
}