{
  "fracPos": 0.1,
  "fracNeg": 0.4,
  "rho": 0.8,
  "FDRmethod": "BH1995",
  "numTests": 1000,
  "numRealizations": 1000,
  "effectSize": 3,
  "CImethod": "Wald",
  "q": 0.05,
  "alpha": 0.05,
  "seed": "shuffle",
  "BothSides": {
    "canonical": [
      0.017918920229805145,
      0.011817297729697519,
      0.024020542729912771
    ],
    "twotailed": [
      0.023838297361339408,
      0.018051074809133844,
      0.029625519913544972
    ],
    "combined": [
      0.023838297361339408,
      0.018051074809133844,
      0.029625519913544972
    ],
    "twice": [
      0.041348966983967096,
      0.033467514626009991,
      0.0492304193419242
    ],
    "sidaktwice": [
      0.02376230011234164,
      0.017965952717469577,
      0.029558647507213702
    ],
    "split1tail": [
      0.053671422923113256,
      0.044330401837350486,
      0.063012444008876026
    ],
    "split2tail": [
      0.030445517881134653,
      0.0236330242705975,
      0.037258011491671808
    ]
  },
  "PosSide": {
    "canonical": [
      0.017918920229805145,
      0.011817297729697519,
      0.024020542729912771
    ],
    "twotailed": [
      0.0095672881674830589,
      0.0052837624350186695,
      0.013850813899947448
    ],
    "combined": [
      0.0095672881674830589,
      0.0052837624350186695,
      0.013850813899947448
    ],
    "twice": [
      0.017918920229805145,
      0.011817297729697519,
      0.024020542729912771
    ],
    "sidaktwice": [
      0.00954727127683342,
      0.0052636765168833973,
      0.013830866036783443
    ],
    "split1tail": [
      0.028510287744287217,
      0.020621096333313091,
      0.036399479155261344
    ],
    "split2tail": [
      0.015111807156596754,
      0.0095790534401399841,
      0.020644560873053525
    ]
  },
  "NegSide": {
    "canonical": [
      0,
      0,
      0
    ],
    "twotailed": [
      0.014919381710990486,
      0.010895664877986426,
      0.018943098543994546
    ],
    "combined": [
      0.014919381710990486,
      0.010895664877986426,
      0.018943098543994546
    ],
    "twice": [
      0.023667286743446057,
      0.018368376740317167,
      0.028966196746574947
    ],
    "sidaktwice": [
      0.014369936381893709,
      0.010335121439943673,
      0.018404751323843747
    ],
    "split1tail": [
      0.025907001642324335,
      0.020390825193481777,
      0.031423178091166896
    ],
    "split2tail": [
      0.015646778141271637,
      0.011457519806389854,
      0.01983603647615342
    ]
  }
}