{
  "scenario": 9,
  "fracPos": 0.25,
  "fracNeg": 0.25,
  "rho": 0.8,
  "FDRmethod": "BH1995",
  "numTests": 2000,
  "numRealizations": 2000,
  "effectSize": 3,
  "CImethod": "Wilson",
  "q": 0.05,
  "alpha": 0.05,
  "seed": "shuffle",
  "BothSides": {
    "canonical": [
      0.03839072961024282,
      0.030816666944414282,
      0.047734645869675039
    ],
    "combined": [
      0.019982099597697079,
      0.014706513015488851,
      0.027098120201743264
    ],
    "twotailed": [
      0.019981766041993275,
      0.014706229545038536,
      0.02709773783967008
    ],
    "split2tail": [
      0.026017629062569887,
      0.01989740793188555,
      0.033955143424389073
    ]
  },
  "PosSide": {
    "canonical": [
      0.020000121632091583,
      0.014721829578114274,
      0.027118778609722772
    ],
    "combined": [
      0.010546713260213954,
      0.0069149280692396061,
      0.016055108636477938
    ],
    "twotailed": [
      0.010546713260213954,
      0.0069149280692396061,
      0.016055108636477938
    ],
    "split2tail": [
      0.013652240184832189,
      0.0094189395788174986,
      0.019750244092241125
    ]
  },
  "NegSide": {
    "canonical": [
      0.018863533974797748,
      0.013758384360986309,
      0.025813406296819705
    ],
    "combined": [
      0.010743641217324478,
      0.0070713085421765806,
      0.016291829037352455
    ],
    "twotailed": [
      0.010743641217324478,
      0.0070713085421765806,
      0.016291829037352455
    ],
    "split2tail": [
      0.012978774093880024,
      0.00886963103049521,
      0.018955202591336436
    ]
  },
  "elapsed": 3.534449416
}