{
  "scenario": 1,
  "effectSize": 3,
  "fracPos": 0,
  "fracNeg": 0,
  "rho": 0,
  "FDRmethod": "BH1995",
  "numTests": 2000,
  "numRealizations": 2000,
  "CImethod": "Wald",
  "q": 0.05,
  "alpha": 0.05,
  "seed": "shuffle",
  "BothSides": {
    "canonical": [
      0.091,
      0.078392054241764084,
      0.10360794575823591
    ],
    "combined": [
      0.0525,
      0.042722879787699508,
      0.062277120212300488
    ],
    "twotailed": [
      0.0525,
      0.042722879787699508,
      0.062277120212300488
    ],
    "split2tail": [
      0.091,
      0.078392054241764084,
      0.10360794575823591
    ],
    "canonicalbb": [
      0.0525,
      0.042722879787699508,
      0.062277120212300488
    ],
    "split2tailbb": [
      0.0525,
      0.042722879787699508,
      0.062277120212300488
    ]
  },
  "PosSide": {
    "canonical": [
      0.0475,
      0.038175597955035542,
      0.056824402044964459
    ],
    "combined": [
      0.028,
      0.020768076190044456,
      0.035231923809955545
    ],
    "twotailed": [
      0.028,
      0.020768076190044456,
      0.035231923809955545
    ],
    "split2tail": [
      0.047,
      0.037722369470981704,
      0.0562776305290183
    ],
    "canonicalbb": [
      0.028,
      0.020768076190044456,
      0.035231923809955545
    ],
    "split2tailbb": [
      0.028,
      0.020768076190044456,
      0.035231923809955545
    ]
  },
  "NegSide": {
    "canonical": [
      0.046,
      0.036816784050712086,
      0.055183215949287913
    ],
    "combined": [
      0.027,
      0.019894739645756943,
      0.034105260354243057
    ],
    "twotailed": [
      0.027,
      0.019894739645756943,
      0.034105260354243057
    ],
    "split2tail": [
      0.0465,
      0.037269430021679158,
      0.055730569978320842
    ],
    "canonicalbb": [
      0.027,
      0.019894739645756943,
      0.034105260354243057
    ],
    "split2tailbb": [
      0.027,
      0.019894739645756943,
      0.034105260354243057
    ]
  },
  "elapsed": 3.5613525416666665
}