{
  "scenario": 4,
  "fracPos": 0.25,
  "fracNeg": 0.25,
  "rho": 0,
  "FDRmethod": "BH1995",
  "numTests": 2000,
  "numRealizations": 2000,
  "effectSize": 3,
  "CImethod": "Wilson",
  "q": 0.05,
  "alpha": 0.05,
  "seed": "shuffle",
  "BothSides": {
    "canonical": [
      0.025945803313335764,
      0.01983499406532066,
      0.0338741811792003
    ],
    "combined": [
      0.025902370436986118,
      0.019797259166635023,
      0.03382521685094169
    ],
    "twotailed": [
      0.025902370436986118,
      0.019797259166635023,
      0.03382521685094169
    ],
    "split2tail": [
      0.025936970338224171,
      0.01982731948648539,
      0.033864223674274233
    ]
  },
  "PosSide": {
    "canonical": [
      0.025208695692747779,
      0.019195275607714935,
      0.033042510535950129
    ],
    "combined": [
      0.025209547134019804,
      0.019196013699555332,
      0.03304347206214743
    ],
    "twotailed": [
      0.025209547134019804,
      0.019196013699555332,
      0.03304347206214743
    ],
    "split2tail": [
      0.025189233771404227,
      0.019178405130987106,
      0.033020531788837654
    ]
  },
  "NegSide": {
    "canonical": [
      0.026599049215779238,
      0.020403136964177941,
      0.034610025478667428
    ],
    "combined": [
      0.026544273021781084,
      0.020355454380252228,
      0.0345483656917044
    ],
    "twotailed": [
      0.026544273021781084,
      0.020355454380252228,
      0.0345483656917044
    ],
    "split2tail": [
      0.026604869279650247,
      0.020408203771436061,
      0.034616576484476087
    ]
  },
  "elapsed": 3.421170125
}