{
  "scenario": 2,
  "fracPos": 0.25,
  "fracNeg": 0,
  "rho_sign": 0,
  "FDRmethod": "BH1995",
  "numTests": 2000,
  "numRealizations": 2000,
  "effectSize": 3,
  "CImethod": "Wald",
  "q": 0.05,
  "alpha": 0.05,
  "seed": "shuffle",
  "BothSides": {
    "canonical": [
      0.03740298655856749,
      0.036979681218059633,
      0.037826291899075347
    ],
    "combined": [
      0.036771558955739088,
      0.036323445931380191,
      0.037219671980097985
    ],
    "twotailed": [
      0.036771558955739088,
      0.036323445931380191,
      0.037219671980097985
    ],
    "split2tail": [
      0.029798589652194687,
      0.029408622185572095,
      0.03018855711881728
    ]
  },
  "PosSide": {
    "canonical": [
      0.037302713470800636,
      0.036878807232511385,
      0.037726619709089887
    ],
    "combined": [
      0.018659732997394343,
      0.018337458399932317,
      0.018982007594856368
    ],
    "twotailed": [
      0.018659732997394343,
      0.018337458399932317,
      0.018982007594856368
    ],
    "split2tail": [
      0.029675480229884029,
      0.029285323508350166,
      0.030065636951417892
    ]
  },
  "NegSide": {
    "canonical": [
      0.038,
      0.029618513915829946,
      0.046381486084170052
    ],
    "combined": [
      0.999,
      0.9976144428682947,
      1.0003855571317053
    ],
    "twotailed": [
      0.999,
      0.9976144428682947,
      1.0003855571317053
    ],
    "split2tail": [
      0.044,
      0.035009228125111133,
      0.052990771874888862
    ]
  },
  "elapsed": 4.0888189583333334
}