{
  "scenario": 3,
  "fracPos": 0,
  "fracNeg": 0.25,
  "rho": 0,
  "FDRmethod": "BH1995",
  "numTests": 2000,
  "numRealizations": 2000,
  "effectSize": 3,
  "CImethod": "Wald",
  "q": 0.05,
  "alpha": 0.05,
  "seed": "shuffle",
  "BothSides": {
    "canonical": [
      0.03967197736188427,
      0.039235643582899285,
      0.040108311140869254
    ],
    "combined": [
      0.039462533559898649,
      0.03898391033999167,
      0.039941156779805628
    ],
    "twotailed": [
      0.039462533559898649,
      0.03898391033999167,
      0.039941156779805628
    ],
    "split2tail": [
      0.032392888124820371,
      0.031985100862878486,
      0.032800675386762256
    ]
  },
  "PosSide": {
    "canonical": [
      0.0435,
      0.034558120570750708,
      0.052441879429249286
    ],
    "combined": [
      0.998,
      0.99604150727600849,
      0.99995849272399151
    ],
    "twotailed": [
      0.998,
      0.99604150727600849,
      0.99995849272399151
    ],
    "split2tail": [
      0.055,
      0.045006009254141617,
      0.064993990745858377
    ]
  },
  "NegSide": {
    "canonical": [
      0.039552352918342609,
      0.039116961596381575,
      0.039987744240303644
    ],
    "combined": [
      0.021289546950421546,
      0.020940796087254521,
      0.021638297813588572
    ],
    "twotailed": [
      0.021289546950421546,
      0.020940796087254521,
      0.021638297813588572
    ],
    "split2tail": [
      0.032226685146497715,
      0.031820681163696643,
      0.032632689129298786
    ]
  },
  "elapsed": 3.921317
}