{
  "scenario": 3,
  "fracPos": 0,
  "fracNeg": 0.25,
  "rho": 0,
  "FDRmethod": "BH1995",
  "numTests": 2000,
  "numRealizations": 2000,
  "effectSize": 3,
  "CImethod": "Wald",
  "q": 0.05,
  "alpha": 0.05,
  "seed": "shuffle",
  "BothSides": {
    "canonical": [
      0.776448,
      0.77531916026722281,
      0.77757683973277725
    ],
    "combined": [
      0.6677419999999995,
      0.66648195902899088,
      0.66900204097100813
    ],
    "twotailed": [
      0.6677419999999995,
      0.66648195902899088,
      0.66900204097100813
    ],
    "split2tail": [
      0.73596099999999987,
      0.73479476498832108,
      0.73712723501167865
    ],
    "canonicalbb": [
      0.776448,
      0.77531916026722281,
      0.77757683973277725
    ],
    "split2tailbb": [
      0.73596099999999987,
      0.73479476498832108,
      0.73712723501167865
    ]
  },
  "PosSide": {
    "canonical": [
      null,
      null,
      null
    ],
    "combined": [
      null,
      null,
      null
    ],
    "twotailed": [
      null,
      null,
      null
    ],
    "split2tail": [
      null,
      null,
      null
    ],
    "canonicalbb": [
      null,
      null,
      null
    ],
    "split2tailbb": [
      null,
      null,
      null
    ]
  },
  "NegSide": {
    "canonical": [
      0.77740359363145672,
      0.77627604037813858,
      0.77853114688477487
    ],
    "combined": [
      0.65601398563321833,
      0.6548090644493505,
      0.65721890681708617
    ],
    "twotailed": [
      0.65601398563321833,
      0.6548090644493505,
      0.65721890681708617
    ],
    "split2tail": [
      0.73683586331260686,
      0.7356709982532107,
      0.738000728372003
    ],
    "canonicalbb": [
      0.77740359363145672,
      0.77627604037813858,
      0.77853114688477487
    ],
    "split2tailbb": [
      0.73683586331260686,
      0.7356709982532107,
      0.738000728372003
    ]
  },
  "elapsed": 3.7633471666666667
}