{
  "scenario": 5,
  "fracPos": 0.1,
  "fracNeg": 0.4,
  "rho": 0,
  "FDRmethod": "BH1995",
  "numTests": 2000,
  "numRealizations": 2000,
  "effectSize": 3,
  "CImethod": "Wald",
  "q": 0.05,
  "alpha": 0.05,
  "seed": "shuffle",
  "BothSides": {
    "canonical": [
      0.026120952697945812,
      0.025872479121529207,
      0.026369426274362416
    ],
    "combined": [
      0.026032016954169426,
      0.025785888122628598,
      0.026278145785710253
    ],
    "twotailed": [
      0.026032016954169426,
      0.025785888122628598,
      0.026278145785710253
    ],
    "split2tail": [
      0.023369505539353914,
      0.023132325681480638,
      0.023606685397227191
    ]
  },
  "PosSide": {
    "canonical": [
      0.024952422897363605,
      0.0243322063059226,
      0.025572639488804613
    ],
    "combined": [
      0.059684114173026548,
      0.058874260028703544,
      0.060493968317349552
    ],
    "twotailed": [
      0.059684114173026548,
      0.058874260028703544,
      0.060493968317349552
    ],
    "split2tail": [
      0.035534598238796407,
      0.0348313323627633,
      0.036237864114829516
    ]
  },
  "NegSide": {
    "canonical": [
      0.026289463056134714,
      0.02602070009618844,
      0.026558226016080988
    ],
    "combined": [
      0.0171809505929379,
      0.016953725478537067,
      0.017408175707338734
    ],
    "twotailed": [
      0.0171809505929379,
      0.016953725478537067,
      0.017408175707338734
    ],
    "split2tail": [
      0.020660683407916391,
      0.020414472319408093,
      0.020906894496424688
    ]
  },
  "elapsed": 3.362630459
}