{
  "scenario": 2,
  "fracPos": 0.25,
  "fracNeg": 0,
  "rho": 0,
  "FDRmethod": "BH1995",
  "numTests": 2000,
  "numRealizations": 2000,
  "effectSize": 3,
  "CImethod": "Wald",
  "q": 0.05,
  "alpha": 0.05,
  "seed": "shuffle",
  "BothSides": {
    "canonical": [
      0.037567035738419546,
      0.037133910636055895,
      0.0380001608407832
    ],
    "combined": [
      0.037297563574880226,
      0.036831353848813517,
      0.037763773300946935
    ],
    "twotailed": [
      0.037297563574880226,
      0.036831353848813517,
      0.037763773300946935
    ],
    "split2tail": [
      0.030048525578526494,
      0.029650893073731026,
      0.030446158083321961
    ],
    "canonicalbb": [
      0.037567035738419546,
      0.037133910636055895,
      0.0380001608407832
    ],
    "split2tailbb": [
      0.030048525578526494,
      0.029650893073731026,
      0.030446158083321961
    ]
  },
  "PosSide": {
    "canonical": [
      0.03746362249847255,
      0.037031727983300282,
      0.037895517013644818
    ],
    "combined": [
      0.018951305680398507,
      0.018612594781534129,
      0.019290016579262884
    ],
    "twotailed": [
      0.018951305680398507,
      0.018612594781534129,
      0.019290016579262884
    ],
    "split2tail": [
      0.029902742807891847,
      0.029506645258538654,
      0.03029884035724504
    ],
    "canonicalbb": [
      0.03746362249847255,
      0.037031727983300282,
      0.037895517013644818
    ],
    "split2tailbb": [
      0.029902742807891847,
      0.029506645258538654,
      0.03029884035724504
    ]
  },
  "NegSide": {
    "canonical": [
      0.04,
      0.031409720271712217,
      0.048590279728287784
    ],
    "combined": [
      0.9965,
      0.9939111054118539,
      0.9990888945881462
    ],
    "twotailed": [
      0.9965,
      0.9939111054118539,
      0.9990888945881462
    ],
    "split2tail": [
      0.052,
      0.042266981822996208,
      0.061733018177003787
    ],
    "canonicalbb": [
      0.04,
      0.031409720271712217,
      0.048590279728287784
    ],
    "split2tailbb": [
      0.052,
      0.042266981822996208,
      0.061733018177003787
    ]
  },
  "elapsed": 3.6965509166666668
}