{
  "scenario": 1,
  "effectSize": 3,
  "fracPos": 0,
  "fracNeg": 0,
  "rho": 0,
  "FDRmethod": "BH1995",
  "numTests": 2000,
  "numRealizations": 2000,
  "CImethod": "Wilson",
  "q": 0.05,
  "alpha": 0.05,
  "seed": "shuffle",
  "BothSides": {
    "canonical": [
      0.0975,
      0.085260709811028373,
      0.11128251325038024
    ],
    "combined": [
      0.0455,
      0.037205271350201463,
      0.055537324628457466
    ],
    "twotailed": [
      0.0455,
      0.037205271350201463,
      0.055537324628457466
    ],
    "split2tail": [
      0.0985,
      0.086199808683742579,
      0.11233958028310354
    ]
  },
  "PosSide": {
    "canonical": [
      0.0555,
      0.046291448586849027,
      0.066412806446184844
    ],
    "combined": [
      0.027,
      0.020752396241488006,
      0.035061130486577281
    ],
    "twotailed": [
      0.027,
      0.020752396241488006,
      0.035061130486577281
    ],
    "split2tail": [
      0.056,
      0.046748333938764555,
      0.066954004046988064
    ]
  },
  "NegSide": {
    "canonical": [
      0.044,
      0.035851820416416526,
      0.053896526704086158
    ],
    "combined": [
      0.0205,
      0.015147158863748584,
      0.027691289478972984
    ],
    "twotailed": [
      0.0205,
      0.015147158863748584,
      0.027691289478972984
    ],
    "split2tail": [
      0.0445,
      0.036302665128406832,
      0.0544437649448146
    ]
  },
  "elapsed": 3.919053083
}