{
  "fracPos": 0.25,
  "fracNeg": 0.25,
  "rho": 0,
  "FDRmethod": "BH1995",
  "numTests": 1000,
  "numRealizations": 1000,
  "effectSize": 3,
  "CImethod": "Wald",
  "q": 0.05,
  "alpha": 0.05,
  "seed": "shuffle",
  "BothSides": {
    "canonical": [
      0.024534346806100112,
      0.023829706866319106,
      0.025238986745881119
    ],
    "twotailed": [
      0.026833900047548064,
      0.026331101784565103,
      0.027336698310531024
    ],
    "combined": [
      0.026833900047548064,
      0.026331101784565103,
      0.027336698310531024
    ],
    "twice": [
      0.026908695194932237,
      0.026409453169633272,
      0.0274079372202312
    ],
    "sidaktwice": [
      0.014487513918820397,
      0.014079271765342669,
      0.014895756072298125
    ],
    "split1tail": [
      0.051706685308230194,
      0.051072482572712137,
      0.05234088804374825
    ],
    "split2tail": [
      0.026864220983630182,
      0.026364908192864189,
      0.027363533774396175
    ]
  },
  "PosSide": {
    "canonical": [
      0.024534346806100112,
      0.023829706866319106,
      0.025238986745881119
    ],
    "twotailed": [
      0.02452035990008759,
      0.023818525110898648,
      0.025222194689276532
    ],
    "combined": [
      0.02452035990008759,
      0.023818525110898648,
      0.025222194689276532
    ],
    "twice": [
      0.024534346806100112,
      0.023829706866319106,
      0.025238986745881119
    ],
    "sidaktwice": [
      0.012313678204102407,
      0.011750723372141657,
      0.012876633036063156
    ],
    "split1tail": [
      0.04936948177890535,
      0.048478343322146789,
      0.050260620235663911
    ],
    "split2tail": [
      0.024496517093645628,
      0.023788634298045265,
      0.025204399889245992
    ]
  },
  "NegSide": {
    "canonical": [
      0,
      0,
      0
    ],
    "twotailed": [
      0.029050198248454961,
      0.028345601751310335,
      0.029754794745599587
    ],
    "combined": [
      0.029050198248454961,
      0.028345601751310335,
      0.029754794745599587
    ],
    "twice": [
      0.029128379881670712,
      0.028420924762201143,
      0.02983583500114028
    ],
    "sidaktwice": [
      0.016581476358049303,
      0.015995470363797247,
      0.017167482352301359
    ],
    "split1tail": [
      0.053805867236488523,
      0.052901860647710318,
      0.054709873825266729
    ],
    "split2tail": [
      0.029080474244255774,
      0.028375900567964484,
      0.029785047920547064
    ]
  },
  "elapsed": 1.482658166
}