{
  "scenario": 3,
  "fracPos": 0,
  "fracNeg": 0.25,
  "rho": 0,
  "FDRmethod": "BH1995",
  "numTests": 2000,
  "numRealizations": 2000,
  "effectSize": 3,
  "CImethod": "Wald",
  "q": 0.05,
  "alpha": 0.05,
  "seed": "shuffle",
  "BothSides": {
    "canonical": [
      0.039518460890556953,
      0.039090255771610363,
      0.039946666009503543
    ],
    "combined": [
      0.039388523398107486,
      0.038929379441840266,
      0.039847667354374706
    ],
    "twotailed": [
      0.039388523398107486,
      0.038929379441840266,
      0.039847667354374706
    ],
    "split2tail": [
      0.032198893420407465,
      0.031809853186255538,
      0.032587933654559392
    ]
  },
  "PosSide": {
    "canonical": [
      0.038,
      0.029618513915829949,
      0.046381486084170045
    ],
    "combined": [
      0.9985,
      0.99680347072523423,
      1.0001965292747659
    ],
    "twotailed": [
      0.9985,
      0.99680347072523423,
      1.0001965292747659
    ],
    "split2tail": [
      0.052,
      0.042266981822996208,
      0.061733018177003787
    ]
  },
  "NegSide": {
    "canonical": [
      0.039413637498242123,
      0.038985631406444052,
      0.039841643590040193
    ],
    "combined": [
      0.021096385297933055,
      0.02075725468890038,
      0.02143551590696573
    ],
    "twotailed": [
      0.021096385297933055,
      0.02075725468890038,
      0.02143551590696573
    ],
    "split2tail": [
      0.032044257888287971,
      0.031655926159751421,
      0.03243258961682452
    ]
  },
  "elapsed": 3.302846959
}