{
  "fracPos": 0.25,
  "fracNeg": 0,
  "rho": 0,
  "FDRmethod": "BH1995",
  "numTests": 2000,
  "numRealizations": 2000,
  "effectSize": 3,
  "CImethod": "Wald",
  "q": 0.05,
  "alpha": 0.05,
  "seed": "shuffle",
  "BothSides": {
    "canonical": [
      0.037231370836795251,
      0.036808187020134837,
      0.037654554653455664
    ],
    "twotailed": [
      0.03763255390531349,
      0.03716739949197409,
      0.03809770831865289
    ],
    "combined": [
      0.03763255390531349,
      0.03716739949197409,
      0.03809770831865289
    ],
    "twice": [
      0.037346616273727012,
      0.036922182251433733,
      0.037771050296020292
    ],
    "sidaktwice": [
      0.018987671466765135,
      0.0186503204232524,
      0.019325022510277869
    ],
    "split1tail": [
      0.060191554582944562,
      0.059693154561990321,
      0.0606899546038988
    ],
    "split2tail": [
      0.029985219438812105,
      0.029585537951119761,
      0.030384900926504449
    ]
  },
  "PosSide": {
    "canonical": [
      0.037231370836795251,
      0.036808187020134837,
      0.037654554653455664
    ],
    "twotailed": [
      0.019239584223342831,
      0.018902743435477078,
      0.019576425011208584
    ],
    "combined": [
      0.019239584223342831,
      0.018902743435477078,
      0.019576425011208584
    ],
    "twice": [
      0.037231370836795251,
      0.036808187020134837,
      0.037654554653455664
    ],
    "sidaktwice": [
      0.018913746489118036,
      0.018578065772177993,
      0.01924942720605808
    ],
    "split1tail": [
      0.059896806273456636,
      0.059398733057048375,
      0.0603948794898649
    ],
    "split2tail": [
      0.029813989616659223,
      0.029416396527809564,
      0.030211582705508881
    ]
  },
  "NegSide": {
    "canonical": [
      0,
      0,
      0
    ],
    "twotailed": [
      0.9965,
      0.9939111054118539,
      0.9990888945881462
    ],
    "combined": [
      0.9965,
      0.9939111054118539,
      0.9990888945881462
    ],
    "twice": [
      0.039,
      0.03051336173240897,
      0.04748663826759103
    ],
    "sidaktwice": [
      0.021,
      0.014714458657974896,
      0.027285541342025106
    ],
    "split1tail": [
      0.104,
      0.090618266750298673,
      0.11738173324970132
    ],
    "split2tail": [
      0.0545,
      0.044548908680850471,
      0.064451091319149528
    ]
  },
  "elapsed": 7.481772333
}