{
  "scenario": 5,
  "fracPos": 0.1,
  "fracNeg": 0.4,
  "rho": 0,
  "FDRmethod": "BH1995",
  "numTests": 2000,
  "numRealizations": 2000,
  "effectSize": 3,
  "CImethod": "Wald",
  "q": 0.05,
  "alpha": 0.05,
  "seed": "shuffle",
  "BothSides": {
    "canonical": [
      0.025848377426641353,
      0.025611883203459702,
      0.026084871649823003
    ],
    "combined": [
      0.025791499125958538,
      0.025547203844525593,
      0.026035794407391483
    ],
    "twotailed": [
      0.025791499125958538,
      0.025547203844525593,
      0.026035794407391483
    ],
    "split2tail": [
      0.02309835588517296,
      0.022871631933965304,
      0.023325079836380616
    ]
  },
  "PosSide": {
    "canonical": [
      0.025110583873527405,
      0.024505667944459884,
      0.025715499802594927
    ],
    "combined": [
      0.059837604609728694,
      0.059013037506916187,
      0.0606621717125412
    ],
    "twotailed": [
      0.059837604609728694,
      0.059013037506916187,
      0.0606621717125412
    ],
    "split2tail": [
      0.035947955291433666,
      0.03525069000064858,
      0.036645220582218752
    ]
  },
  "NegSide": {
    "canonical": [
      0.025946517597909016,
      0.025688047702164811,
      0.026204987493653221
    ],
    "combined": [
      0.016832112739084294,
      0.016612021239237051,
      0.017052204238931536
    ],
    "twotailed": [
      0.016832112739084294,
      0.016612021239237051,
      0.017052204238931536
    ],
    "split2tail": [
      0.020243300450606256,
      0.020010642867212842,
      0.02047595803399967
    ]
  },
  "elapsed": 2.1831430416666668
}