{
  "scenario": 5,
  "fracPos": 0.1,
  "fracNeg": 0.4,
  "rho": 0,
  "FDRmethod": "BH1995",
  "numTests": 2000,
  "numRealizations": 2000,
  "effectSize": 3,
  "CImethod": "Wilson",
  "q": 0.05,
  "alpha": 0.05,
  "seed": "shuffle",
  "BothSides": {
    "canonical": [
      0.026088625959222605,
      0.019959114945270889,
      0.034035157995493753
    ],
    "combined": [
      0.025932945453235257,
      0.01982382251173229,
      0.033859686310839153
    ],
    "twotailed": [
      0.025932945453235257,
      0.01982382251173229,
      0.033859686310839153
    ],
    "split2tail": [
      0.023273745515639824,
      0.017523292267030616,
      0.030852012304371311
    ]
  },
  "PosSide": {
    "canonical": [
      0.025099838381450738,
      0.019100926626025992,
      0.032919562264270327
    ],
    "combined": [
      0.059878670592621266,
      0.050299897498203336,
      0.0711449104829629
    ],
    "twotailed": [
      0.059878670592621266,
      0.050299897498203336,
      0.0711449104829629
    ],
    "split2tail": [
      0.035940998362805544,
      0.028632105309368838,
      0.045029137511101325
    ]
  },
  "NegSide": {
    "canonical": [
      0.026225392195145768,
      0.02007802276258052,
      0.034189258275348966
    ],
    "combined": [
      0.017008434489898607,
      0.012197739910912669,
      0.023670964403943028
    ],
    "twotailed": [
      0.017008434489898607,
      0.012197739910912669,
      0.023670964403943028
    ],
    "split2tail": [
      0.020462823107763043,
      0.015115493954477355,
      0.027648743143490678
    ]
  },
  "elapsed": 3.662988
}