{
  "scenario": 2,
  "fracPos": 0.25,
  "fracNeg": 0,
  "rho_sign": 0,
  "FDRmethod": "BH1995",
  "numTests": 20,
  "numRealizations": 20000,
  "effectSize": 3,
  "CImethod": "Wald",
  "q": 0.05,
  "alpha": 0.05,
  "seed": "shuffle",
  "BothSides": {
    "canonical": [
      0.046237698412697988,
      0.044872237504075235,
      0.04760315932132074
    ],
    "combined": [
      0.037838650793650654,
      0.036527413832579791,
      0.039149887754721516
    ],
    "twotailed": [
      0.037838650793650654,
      0.036527413832579791,
      0.039149887754721516
    ],
    "split2tail": [
      0.0414454166666664,
      0.040102339388149319,
      0.042788493945183484
    ]
  },
  "PosSide": {
    "canonical": [
      0.037666507936507727,
      0.036449636449113407,
      0.038883379423902048
    ],
    "combined": [
      0.0193018452380953,
      0.018348182144121278,
      0.020255508332069318
    ],
    "twotailed": [
      0.0193018452380953,
      0.018348182144121278,
      0.020255508332069318
    ],
    "split2tail": [
      0.029516130952380967,
      0.028412957051521373,
      0.030619304853240562
    ]
  },
  "NegSide": {
    "canonical": [
      0.0376,
      0.034963573426199504,
      0.0402364265738005
    ],
    "combined": [
      0.0821,
      0.0782953631119957,
      0.085904636888004315
    ],
    "twotailed": [
      0.0821,
      0.0782953631119957,
      0.085904636888004315
    ],
    "split2tail": [
      0.04985,
      0.046833713304452192,
      0.052866286695547805
    ]
  },
  "elapsed": 3.214942875
}