{
  "scenario": 3,
  "fracPos": 0,
  "fracNeg": 0.25,
  "rho_sign": 0,
  "FDRmethod": "BH1995",
  "numTests": 20,
  "numRealizations": 20000,
  "effectSize": 3,
  "CImethod": "Wald",
  "q": 0.05,
  "alpha": 0.05,
  "seed": "shuffle",
  "BothSides": {
    "canonical": [
      0.20079283910534262,
      0.19903650161312761,
      0.20254917659755764
    ],
    "combined": [
      0.19378545634920993,
      0.19165152608412972,
      0.19591938661429015
    ],
    "twotailed": [
      0.19378545634920993,
      0.19165152608412972,
      0.19591938661429015
    ],
    "split2tail": [
      0.19652224206349561,
      0.1946448191560084,
      0.19839966497098283
    ]
  },
  "PosSide": {
    "canonical": [
      0.03375,
      0.031247203189406405,
      0.036252796810593596
    ],
    "combined": [
      0.0874,
      0.083485828058902478,
      0.091314171941097533
    ],
    "twotailed": [
      0.0874,
      0.083485828058902478,
      0.091314171941097533
    ],
    "split2tail": [
      0.0477,
      0.044746139151882046,
      0.050653860848117953
    ]
  },
  "NegSide": {
    "canonical": [
      0.19551353354978687,
      0.19379092234784603,
      0.19723614475172771
    ],
    "combined": [
      0.17977918650793931,
      0.17772993728168157,
      0.18182843573419705
    ],
    "twotailed": [
      0.17977918650793931,
      0.17772993728168157,
      0.18182843573419705
    ],
    "split2tail": [
      0.18822634920635234,
      0.18641170554384734,
      0.19004099286885734
    ]
  },
  "elapsed": 3.193423041
}