{
  "scenario": 1,
  "effectSize": 3,
  "fracPos": 0,
  "fracNeg": 0,
  "rho_sign": 0,
  "FDRmethod": "BH1995",
  "numTests": 20,
  "numRealizations": 100000,
  "CImethod": "Wald",
  "q": 0.05,
  "alpha": 0.05,
  "seed": "shuffle",
  "BothSides": {
    "canonical": [
      0.09737,
      0.09553254069494338,
      0.099207459305056617
    ],
    "combined": [
      0.0494,
      0.048056886723884036,
      0.050743113276115963
    ],
    "twotailed": [
      0.0494,
      0.048056886723884036,
      0.050743113276115963
    ],
    "split2tail": [
      0.09788,
      0.0960382554284779,
      0.0997217445715221
    ]
  },
  "PosSide": {
    "canonical": [
      0.04937,
      0.048027273426675107,
      0.050712726573324887
    ],
    "combined": [
      0.02566,
      0.024679982446433043,
      0.026640017553566955
    ],
    "twotailed": [
      0.02566,
      0.024679982446433043,
      0.026640017553566955
    ],
    "split2tail": [
      0.05008,
      0.048728157990334885,
      0.051431842009665114
    ]
  },
  "NegSide": {
    "canonical": [
      0.05028,
      0.048925603917518358,
      0.051634396082481639
    ],
    "combined": [
      0.02616,
      0.025170734333182464,
      0.027149265666817534
    ],
    "twotailed": [
      0.02616,
      0.025170734333182464,
      0.027149265666817534
    ],
    "split2tail": [
      0.0503,
      0.048945348837474978,
      0.051654651162525017
    ]
  },
  "elapsed": 16.138412166
}