{
  "fracPos": 0.1,
  "fracNeg": 0.4,
  "rho": 0,
  "FDRmethod": "BH1995",
  "numTests": 2000,
  "numRealizations": 2000,
  "effectSize": 3,
  "CImethod": "Wald",
  "q": 0.05,
  "alpha": 0.05,
  "seed": "shuffle",
  "BothSides": {
    "canonical": [
      0.025417410733971156,
      0.024793616260177918,
      0.026041205207764394
    ],
    "twotailed": [
      0.025786119661207644,
      0.025541394569455134,
      0.026030844752960153
    ],
    "combined": [
      0.025786779291814506,
      0.025542020350647079,
      0.026031538232981932
    ],
    "twice": [
      0.026119967219047146,
      0.025877125299805081,
      0.026362809138289211
    ],
    "sidaktwice": [
      0.013595668375258314,
      0.01340885695065961,
      0.013782479799857018
    ],
    "split1tail": [
      0.04558342893183797,
      0.045279430337420296,
      0.045887427526255645
    ],
    "split2tail": [
      0.023245402161314523,
      0.023013189536561292,
      0.023477614786067753
    ]
  },
  "PosSide": {
    "canonical": [
      0.025417410733971156,
      0.024793616260177918,
      0.026041205207764394
    ],
    "twotailed": [
      0.059292638154456942,
      0.058495206301341085,
      0.0600900700075728
    ],
    "combined": [
      0.059292638154456942,
      0.058495206301341085,
      0.0600900700075728
    ],
    "twice": [
      0.025417410733971156,
      0.024793616260177918,
      0.026041205207764394
    ],
    "sidaktwice": [
      0.01264829983947627,
      0.0121618294922935,
      0.013134770186659039
    ],
    "split1tail": [
      0.070557102872476171,
      0.069667229836834654,
      0.071446975908117688
    ],
    "split2tail": [
      0.0357643757537125,
      0.035067959804389294,
      0.036460791703035712
    ]
  },
  "NegSide": {
    "canonical": [
      0,
      0,
      0
    ],
    "twotailed": [
      0.016966856537663923,
      0.016743328989414739,
      0.017190384085913106
    ],
    "combined": [
      0.016966856537663923,
      0.016743328989414739,
      0.017190384085913106
    ],
    "twice": [
      0.026202909226552013,
      0.025935919947242338,
      0.026469898505861688
    ],
    "sidaktwice": [
      0.013726046019264311,
      0.013521944596844228,
      0.013930147441684394
    ],
    "split1tail": [
      0.0396935146434855,
      0.039380803669518273,
      0.040006225617452727
    ],
    "split2tail": [
      0.020458612400294427,
      0.020217593475063134,
      0.020699631325525721
    ]
  },
  "elapsed": 7.319239917
}