{
  "fracPos": 0,
  "fracNeg": 0.25,
  "rho": 0,
  "FDRmethod": "BH1995",
  "numTests": 1000,
  "numRealizations": 1000,
  "effectSize": 3,
  "CImethod": "Wald",
  "q": 0.05,
  "alpha": 0.05,
  "seed": "shuffle",
  "BothSides": {
    "canonical": [
      0.033,
      0.02192265826440758,
      0.044077341735592426
    ],
    "twotailed": [
      0.04128543347554671,
      0.040334307833316,
      0.04223655911777742
    ],
    "combined": [
      0.04128543347554671,
      0.040334307833316,
      0.04223655911777742
    ],
    "twice": [
      0.041935325070408591,
      0.041057706908024745,
      0.042812943232792437
    ],
    "sidaktwice": [
      0.022753722458377788,
      0.022041680436592291,
      0.023465764480163284
    ],
    "split1tail": [
      0.064220522352274712,
      0.063212181654679178,
      0.065228863049870245
    ],
    "split2tail": [
      0.034539030157471305,
      0.033732043950041389,
      0.035346016364901221
    ]
  },
  "PosSide": {
    "canonical": [
      0.033,
      0.02192265826440758,
      0.044077341735592426
    ],
    "twotailed": [
      0.956,
      0.94328194697658541,
      0.96871805302341452
    ],
    "combined": [
      0.956,
      0.94328194697658541,
      0.96871805302341452
    ],
    "twice": [
      0.033,
      0.02192265826440758,
      0.044077341735592426
    ],
    "sidaktwice": [
      0.018,
      0.0097556324857330842,
      0.026244367514266911
    ],
    "split1tail": [
      0.093,
      0.074990134696988953,
      0.11100986530301105
    ],
    "split2tail": [
      0.044,
      0.031281946976585435,
      0.056718053023414559
    ]
  },
  "NegSide": {
    "canonical": [
      0,
      0,
      0
    ],
    "twotailed": [
      0.022900668598719875,
      0.022187062798736255,
      0.023614274398703495
    ],
    "combined": [
      0.022900668598719875,
      0.022187062798736255,
      0.023614274398703495
    ],
    "twice": [
      0.041769846208409969,
      0.040896049334130727,
      0.042643643082689212
    ],
    "sidaktwice": [
      0.022638771053437447,
      0.021928443498965833,
      0.023349098607909062
    ],
    "split1tail": [
      0.063770178592515089,
      0.062764602338991615,
      0.064775754846038563
    ],
    "split2tail": [
      0.034304256118261621,
      0.033502490014144209,
      0.035106022222379032
    ]
  },
  "elapsed": 1.50870725
}