{
  "scenario": 1,
  "effectSize": 3,
  "fracPos": 0,
  "fracNeg": 0,
  "rho_sign": 0,
  "FDRmethod": "BH1995",
  "numTests": 20,
  "numRealizations": 20000,
  "CImethod": "Wald",
  "q": 0.05,
  "alpha": 0.05,
  "seed": "shuffle",
  "BothSides": {
    "canonical": [
      0.0988,
      0.094664452488200018,
      0.10293554751179998
    ],
    "combined": [
      0.0532,
      0.050089509411684739,
      0.056310490588315255
    ],
    "twotailed": [
      0.0532,
      0.050089509411684739,
      0.056310490588315255
    ],
    "split2tail": [
      0.099,
      0.09486072821067508,
      0.10313927178932493
    ]
  },
  "PosSide": {
    "canonical": [
      0.05085,
      0.0478052134290558,
      0.0538947865709442
    ],
    "combined": [
      0.02765,
      0.025377505567422624,
      0.029922494432577378
    ],
    "twotailed": [
      0.02765,
      0.025377505567422624,
      0.029922494432577378
    ],
    "split2tail": [
      0.0504,
      0.047367997381557232,
      0.053432002618442768
    ]
  },
  "NegSide": {
    "canonical": [
      0.05005,
      0.047027986742332474,
      0.05307201325766752
    ],
    "combined": [
      0.0278,
      0.025521525580284157,
      0.030078474419715839
    ],
    "twotailed": [
      0.0278,
      0.025521525580284157,
      0.030078474419715839
    ],
    "split2tail": [
      0.05075,
      0.04770804855943659,
      0.053791951440563417
    ]
  },
  "elapsed": 3.256397625
}