{
  "scenario": 3,
  "fracPos": 0,
  "fracNeg": 0.25,
  "rho_sign": 0,
  "FDRmethod": "BH1995",
  "numTests": 20,
  "numRealizations": 100000,
  "effectSize": 3,
  "CImethod": "Wald",
  "q": 0.05,
  "alpha": 0.05,
  "seed": "shuffle",
  "BothSides": {
    "canonical": [
      0.2010045634920628,
      0.20021580229781205,
      0.20179332468631356
    ],
    "combined": [
      0.19384847438672403,
      0.19288771991509426,
      0.19480922885835381
    ],
    "twotailed": [
      0.19384847438672403,
      0.19288771991509426,
      0.19480922885835381
    ],
    "split2tail": [
      0.19648893650793597,
      0.19563825391476672,
      0.19733961910110523
    ]
  },
  "PosSide": {
    "canonical": [
      0.03454,
      0.0334081768523466,
      0.0356718231476534
    ],
    "combined": [
      0.08787,
      0.086115315880164,
      0.089624684119836012
    ],
    "twotailed": [
      0.08787,
      0.086115315880164,
      0.089624684119836012
    ],
    "split2tail": [
      0.04971,
      0.048362898797989794,
      0.0510571012020102
    ]
  },
  "NegSide": {
    "canonical": [
      0.19552851190476125,
      0.19475639140213052,
      0.19630063240739198
    ],
    "combined": [
      0.17974016269841242,
      0.17881821931286662,
      0.18066210608395822
    ],
    "twotailed": [
      0.17974016269841242,
      0.17881821931286662,
      0.18066210608395822
    ],
    "split2tail": [
      0.18806066666666615,
      0.18723718424059385,
      0.18888414909273846
    ]
  },
  "elapsed": 15.680527708
}