{
  "fracPos": 0.25,
  "fracNeg": 0,
  "rho": 0,
  "FDRmethod": "BH1995",
  "numTests": 1000,
  "numRealizations": 1000,
  "effectSize": 2,
  "CImethod": "Wald",
  "q": 0.05,
  "alpha": 0.05,
  "seed": "shuffle",
  "BothSides": {
    "canonical": [
      0.037983688377873318,
      0.036417762104222109,
      0.039549614651524526
    ],
    "twotailed": [
      0.037425739693650838,
      0.0353486691096246,
      0.039502810277677075
    ],
    "combined": [
      0.037425739693650838,
      0.0353486691096246,
      0.039502810277677075
    ],
    "twice": [
      0.0388337995947334,
      0.037259860915182,
      0.040407738274284795
    ],
    "split1tail": [
      0.06218596188871009,
      0.060513180278644857,
      0.063858743498775322
    ],
    "split2tail": [
      0.03226998118668617,
      0.030726793389890341,
      0.033813168983481995
    ]
  },
  "PosSide": {
    "canonical": [
      0.037983688377873318,
      0.036417762104222109,
      0.039549614651524526
    ],
    "twotailed": [
      0.019733392215932774,
      0.018175229385023469,
      0.021291555046842079
    ],
    "combined": [
      0.019733392215932774,
      0.018175229385023469,
      0.021291555046842079
    ],
    "twice": [
      0.037983688377873318,
      0.036417762104222109,
      0.039549614651524526
    ],
    "split1tail": [
      0.06083547401172873,
      0.05918921485932236,
      0.0624817331641351
    ],
    "split2tail": [
      0.030923846818235994,
      0.029410546264429349,
      0.032437147372042639
    ]
  },
  "NegSide": {
    "canonical": [
      0,
      0,
      0
    ],
    "twotailed": [
      0.461,
      0.4300892037690569,
      0.49191079623094314
    ],
    "combined": [
      0.461,
      0.4300892037690569,
      0.49191079623094314
    ],
    "twice": [
      0.042,
      0.029561364352702735,
      0.05443863564729727
    ],
    "split1tail": [
      0.099,
      0.080479814184794912,
      0.1175201858152051
    ],
    "split2tail": [
      0.053,
      0.039107568271580878,
      0.066892431728419119
    ]
  }
}