{
  "scenario": 1,
  "effectSize": 3,
  "fracPos": 0,
  "fracNeg": 0,
  "rho": 0,
  "FDRmethod": "BH1995",
  "numTests": 2000,
  "numRealizations": 2000,
  "CImethod": "Wald",
  "q": 0.05,
  "alpha": 0.05,
  "seed": "shuffle",
  "BothSides": {
    "canonical": [
      0.1005,
      0.087319699598553957,
      0.11368030040144605
    ],
    "combined": [
      0.052,
      0.042266981822996194,
      0.0617330181770038
    ],
    "twotailed": [
      0.052,
      0.042266981822996194,
      0.0617330181770038
    ],
    "split2tail": [
      0.1015,
      0.088261653143378221,
      0.11473834685662179
    ],
    "canonicalbb": [
      0.052,
      0.042266981822996194,
      0.0617330181770038
    ],
    "split2tailbb": [
      0.052,
      0.042266981822996194,
      0.0617330181770038
    ]
  },
  "PosSide": {
    "canonical": [
      0.0475,
      0.038175597955035556,
      0.056824402044964445
    ],
    "combined": [
      0.0285,
      0.021205667996929273,
      0.035794332003070729
    ],
    "twotailed": [
      0.0285,
      0.021205667996929273,
      0.035794332003070729
    ],
    "split2tail": [
      0.048,
      0.038629111145991761,
      0.057370888854008241
    ],
    "canonicalbb": [
      0.0285,
      0.021205667996929273,
      0.035794332003070729
    ],
    "split2tailbb": [
      0.0285,
      0.021205667996929273,
      0.035794332003070729
    ]
  },
  "NegSide": {
    "canonical": [
      0.055,
      0.04500600925414161,
      0.06499399074585839
    ],
    "combined": [
      0.0255,
      0.018589607650358442,
      0.032410392349641555
    ],
    "twotailed": [
      0.0255,
      0.018589607650358442,
      0.032410392349641555
    ],
    "split2tail": [
      0.0555,
      0.04546334105543956,
      0.065536658944560441
    ],
    "canonicalbb": [
      0.0255,
      0.018589607650358442,
      0.032410392349641555
    ],
    "split2tailbb": [
      0.0255,
      0.018589607650358442,
      0.032410392349641555
    ]
  },
  "elapsed": 3.34086825
}