{
  "scenario": 1,
  "effectSize": 3,
  "fracPos": 0,
  "fracNeg": 0,
  "rho_sign": 0,
  "FDRmethod": "BH1995",
  "numTests": 2000,
  "numRealizations": 2000,
  "CImethod": "Wald",
  "q": 0.05,
  "alpha": 0.05,
  "seed": "shuffle",
  "BothSides": {
    "canonical": [
      0.1015,
      0.088261653143378235,
      0.11473834685662178
    ],
    "combined": [
      0.0475,
      0.038175597955035542,
      0.056824402044964459
    ],
    "twotailed": [
      0.0475,
      0.038175597955035542,
      0.056824402044964459
    ],
    "split2tail": [
      0.101,
      0.087790626301491176,
      0.11420937369850884
    ],
    "reviewer1": [
      0.0485,
      0.03908290482754434,
      0.057917095172455663
    ],
    "reviewer2": [
      0.047,
      0.037722369470981711,
      0.05627763052901829
    ]
  },
  "PosSide": {
    "canonical": [
      0.044,
      0.03500922812511114,
      0.052990771874888855
    ],
    "combined": [
      0.023,
      0.016428675800816521,
      0.029571324199183478
    ],
    "twotailed": [
      0.023,
      0.016428675800816521,
      0.029571324199183478
    ],
    "split2tail": [
      0.0445,
      0.035460653273591922,
      0.053539346726408074
    ],
    "reviewer1": [
      0.0225,
      0.01599883279277103,
      0.029001167207228968
    ],
    "reviewer2": [
      0.022,
      0.015569829898300046,
      0.028430170101699952
    ]
  },
  "NegSide": {
    "canonical": [
      0.0595,
      0.049129980411117512,
      0.069870019588882476
    ],
    "combined": [
      0.027,
      0.019894739645756943,
      0.034105260354243057
    ],
    "twotailed": [
      0.027,
      0.019894739645756943,
      0.034105260354243057
    ],
    "split2tail": [
      0.0585,
      0.04821202763084597,
      0.068787972369154043
    ],
    "reviewer1": [
      0.0265,
      0.019459028136104027,
      0.033540971863895971
    ],
    "reviewer2": [
      0.0255,
      0.018589607650358445,
      0.032410392349641555
    ]
  },
  "elapsed": 4.237393458333333
}