{
  "fracPos": 0.1,
  "fracNeg": 0.4,
  "rho": 0,
  "FDRmethod": "BH1995",
  "numTests": 1000,
  "numRealizations": 1000,
  "effectSize": 3,
  "CImethod": "Wald",
  "q": 0.05,
  "alpha": 0.05,
  "seed": "shuffle",
  "BothSides": {
    "canonical": [
      0.024833663659969783,
      0.023634086673484343,
      0.026033240646455222
    ],
    "twotailed": [
      0.026457218543088881,
      0.025959667643282849,
      0.026954769442894912
    ],
    "combined": [
      0.026457218543088881,
      0.025959667643282849,
      0.026954769442894912
    ],
    "twice": [
      0.026777549306505655,
      0.026289053236570364,
      0.027266045376440947
    ],
    "sidaktwice": [
      0.014462057742260366,
      0.014080572756863688,
      0.014843542727657045
    ],
    "split1tail": [
      0.046556008765777861,
      0.045967271404583669,
      0.047144746126972052
    ],
    "split2tail": [
      0.023764646809914275,
      0.023287271473139023,
      0.024242022146689527
    ]
  },
  "PosSide": {
    "canonical": [
      0.024833663659969783,
      0.023634086673484343,
      0.026033240646455222
    ],
    "twotailed": [
      0.059445792115769121,
      0.0578166547216934,
      0.06107492950984484
    ],
    "combined": [
      0.059445792115769121,
      0.0578166547216934,
      0.06107492950984484
    ],
    "twice": [
      0.024833663659969783,
      0.023634086673484343,
      0.026033240646455222
    ],
    "sidaktwice": [
      0.012953543958536654,
      0.012000581251343359,
      0.013906506665729949
    ],
    "split1tail": [
      0.0710935813068387,
      0.069314793387105278,
      0.072872369226572115
    ],
    "split2tail": [
      0.0350472463555656,
      0.033644297724097411,
      0.036450194987033793
    ]
  },
  "NegSide": {
    "canonical": [
      0,
      0,
      0
    ],
    "twotailed": [
      0.017732337463848478,
      0.017283049620427433,
      0.018181625307269522
    ],
    "combined": [
      0.017732337463848478,
      0.017283049620427433,
      0.018181625307269522
    ],
    "twice": [
      0.027055396519201882,
      0.026530988310469392,
      0.027579804727934372
    ],
    "sidaktwice": [
      0.014659993436816126,
      0.014253579927059626,
      0.015066406946572627
    ],
    "split1tail": [
      0.0406817460083087,
      0.040078339956832972,
      0.041285152059784426
    ],
    "split2tail": [
      0.021197848477826683,
      0.020719765356148358,
      0.021675931599505007
    ]
  },
  "elapsed": 1.492416875
}