{
  "scenario": 3,
  "fracPos": 0,
  "fracNeg": 0.25,
  "rho": 0,
  "FDRmethod": "BH1995",
  "numTests": 2000,
  "numRealizations": 2000,
  "effectSize": 3,
  "CImethod": "Wald",
  "q": 0.05,
  "alpha": 0.05,
  "seed": "shuffle",
  "BothSides": {
    "canonical": [
      0.039817066945635277,
      0.039392174662238426,
      0.040241959229032127
    ],
    "combined": [
      0.039653736303975694,
      0.039190740898666268,
      0.040116731709285119
    ],
    "twotailed": [
      0.039653736303975694,
      0.039190740898666268,
      0.040116731709285119
    ],
    "split2tail": [
      0.032432011453313647,
      0.03203499078341842,
      0.032829032123208875
    ]
  },
  "PosSide": {
    "canonical": [
      0.0475,
      0.038175597955035528,
      0.056824402044964473
    ],
    "combined": [
      0.9965,
      0.9939111054118539,
      0.9990888945881462
    ],
    "twotailed": [
      0.9965,
      0.9939111054118539,
      0.9990888945881462
    ],
    "split2tail": [
      0.0595,
      0.049129980411117505,
      0.06987001958888249
    ]
  },
  "NegSide": {
    "canonical": [
      0.039687698562621679,
      0.03926305823001465,
      0.040112338895228708
    ],
    "combined": [
      0.021399366433400065,
      0.02106019779936848,
      0.02173853506743165
    ],
    "twotailed": [
      0.021399366433400065,
      0.02106019779936848,
      0.02173853506743165
    ],
    "split2tail": [
      0.032251464223281193,
      0.031855280224200158,
      0.032647648222362227
    ]
  },
  "elapsed": 2.221336125
}