{
  "scenario": 4,
  "fracPos": 0.25,
  "fracNeg": 0.25,
  "rho": 0,
  "FDRmethod": "BH1995",
  "numTests": 2000,
  "numRealizations": 2000,
  "effectSize": 3,
  "CImethod": "Wald",
  "q": 0.05,
  "alpha": 0.05,
  "seed": "shuffle",
  "BothSides": {
    "canonical": [
      0.76432849999999941,
      0.76354437765724747,
      0.76511262234275135
    ],
    "combined": [
      0.76435399999999976,
      0.763569917977768,
      0.76513808202223155
    ],
    "twotailed": [
      0.76435399999999976,
      0.763569917977768,
      0.76513808202223155
    ],
    "split2tail": [
      0.7643074999999997,
      0.76352482695546409,
      0.7650901730445353
    ],
    "canonicalbb": [
      0.76432849999999941,
      0.76354437765724747,
      0.76511262234275135
    ],
    "split2tailbb": [
      0.7643074999999997,
      0.76352482695546409,
      0.7650901730445353
    ]
  },
  "PosSide": {
    "canonical": [
      0.76460842133107831,
      0.763502369516197,
      0.76571447314595964
    ],
    "combined": [
      0.76475200991118186,
      0.76374456155614823,
      0.7657594582662155
    ],
    "twotailed": [
      0.76475200991118186,
      0.76374456155614823,
      0.7657594582662155
    ],
    "split2tail": [
      0.76468450740738114,
      0.76358362228132071,
      0.76578539253344158
    ],
    "canonicalbb": [
      0.76460842133107831,
      0.763502369516197,
      0.76571447314595964
    ],
    "split2tailbb": [
      0.76468450740738114,
      0.76358362228132071,
      0.76578539253344158
    ]
  },
  "NegSide": {
    "canonical": [
      0.76611010127821444,
      0.76501203739019985,
      0.767208165166229
    ],
    "combined": [
      0.7660179794717501,
      0.76501377444698293,
      0.76702218449651727
    ],
    "twotailed": [
      0.7660179794717501,
      0.76501377444698293,
      0.76702218449651727
    ],
    "split2tail": [
      0.76599239293163834,
      0.76488603468249927,
      0.76709875118077742
    ],
    "canonicalbb": [
      0.76611010127821444,
      0.76501203739019985,
      0.767208165166229
    ],
    "split2tailbb": [
      0.76599239293163834,
      0.76488603468249927,
      0.76709875118077742
    ]
  },
  "elapsed": 4.420156625
}