{
  "fracPos": 0.25,
  "fracNeg": 0.25,
  "rho": 0,
  "FDRmethod": "BH1995",
  "numTests": 2000,
  "numRealizations": 2000,
  "effectSize": 3,
  "CImethod": "Wald",
  "q": 0.05,
  "alpha": 0.05,
  "seed": "shuffle",
  "BothSides": {
    "canonical": [
      0.024813237994188688,
      0.024460309917792133,
      0.025166166070585243
    ],
    "twotailed": [
      0.025872445169926372,
      0.025624463251303194,
      0.026120427088549551
    ],
    "combined": [
      0.025872445169926372,
      0.025624463251303194,
      0.026120427088549551
    ],
    "twice": [
      0.025901682496809665,
      0.02565408223041038,
      0.02614928276320895
    ],
    "sidaktwice": [
      0.013382730689420077,
      0.013188442611360953,
      0.013577018767479201
    ],
    "split1tail": [
      0.050918092463262191,
      0.050593931821690225,
      0.051242253104834157
    ],
    "split2tail": [
      0.025887098647153172,
      0.025640272184739618,
      0.026133925109566726
    ]
  },
  "PosSide": {
    "canonical": [
      0.024813237994188688,
      0.024460309917792133,
      0.025166166070585243
    ],
    "twotailed": [
      0.024784238013174874,
      0.024433951360728567,
      0.025134524665621182
    ],
    "combined": [
      0.024784238013174874,
      0.024433951360728567,
      0.025134524665621182
    ],
    "twice": [
      0.024813237994188688,
      0.024460309917792133,
      0.025166166070585243
    ],
    "sidaktwice": [
      0.012337361667560172,
      0.012066802344505346,
      0.012607920990614998
    ],
    "split1tail": [
      0.049746116229049592,
      0.04928630311441589,
      0.050205929343683293
    ],
    "split2tail": [
      0.024764440004711837,
      0.024413589422264605,
      0.02511529058715907
    ]
  },
  "NegSide": {
    "canonical": [
      0,
      0,
      0
    ],
    "twotailed": [
      0.026912452588553813,
      0.026565807905220864,
      0.027259097271886763
    ],
    "combined": [
      0.026912452588553813,
      0.026565807905220864,
      0.027259097271886763
    ],
    "twice": [
      0.026907195344989174,
      0.026557213469611665,
      0.027257177220366684
    ],
    "sidaktwice": [
      0.014370522384605698,
      0.014095741538559265,
      0.014645303230652131
    ],
    "split1tail": [
      0.051960273602206793,
      0.051502688371972326,
      0.052417858832441259
    ],
    "split2tail": [
      0.026929681621508769,
      0.026581273558830172,
      0.027278089684187365
    ]
  },
  "elapsed": 7.049332125
}