{
  "fracPos": 0.1,
  "fracNeg": 0.4,
  "rho": 0,
  "FDRmethod": "BH1995",
  "numTests": 1000,
  "numRealizations": 1000,
  "effectSize": 3,
  "CImethod": "Wald",
  "q": 0.05,
  "alpha": 0.05,
  "seed": "shuffle",
  "BothSides": {
    "canonical": [
      0.024158188207111825,
      0.022943022313192868,
      0.025373354101030782
    ],
    "twotailed": [
      0.02680975977736226,
      0.026303441916110431,
      0.02731607763861409
    ],
    "combined": [
      0.02680975977736226,
      0.026303441916110431,
      0.02731607763861409
    ],
    "twice": [
      0.027203623164128693,
      0.02670861532288837,
      0.027698631005369016
    ],
    "sidaktwice": [
      0.0147716031221232,
      0.01438319643425956,
      0.01516000980998684
    ],
    "split1tail": [
      0.046869236296852954,
      0.046262783134547313,
      0.047475689459158595
    ],
    "split2tail": [
      0.024019961446119911,
      0.0235453726886231,
      0.024494550203616721
    ]
  },
  "PosSide": {
    "canonical": [
      0.024158188207111825,
      0.022943022313192868,
      0.025373354101030782
    ],
    "twotailed": [
      0.058802979565836154,
      0.057151501549873404,
      0.060454457581798904
    ],
    "combined": [
      0.058802979565836154,
      0.057151501549873404,
      0.060454457581798904
    ],
    "twice": [
      0.024158188207111825,
      0.022943022313192868,
      0.025373354101030782
    ],
    "sidaktwice": [
      0.011883973508372421,
      0.010906157750144588,
      0.012861789266600254
    ],
    "split1tail": [
      0.0702925040957097,
      0.068495294763975645,
      0.072089713427443747
    ],
    "split2tail": [
      0.033868785285983936,
      0.032483463786994939,
      0.035254106784972934
    ]
  },
  "NegSide": {
    "canonical": [
      0,
      0,
      0
    ],
    "twotailed": [
      0.018298574211931751,
      0.017844720570879165,
      0.018752427852984338
    ],
    "combined": [
      0.018298574211931751,
      0.017844720570879165,
      0.018752427852984338
    ],
    "twice": [
      0.027673945494059264,
      0.027139166248841738,
      0.02820872473927679
    ],
    "sidaktwice": [
      0.015214798159182521,
      0.014791192840685162,
      0.01563840347767988
    ],
    "split1tail": [
      0.041215384374792,
      0.040605379217537221,
      0.041825389532046772
    ],
    "split2tail": [
      0.0217429000931914,
      0.021256046998417238,
      0.022229753187965565
    ]
  }
}