{
  "scenario": 5,
  "fracPos": 0.1,
  "fracNeg": 0.4,
  "rho": 0,
  "FDRmethod": "BH1995",
  "numTests": 2000,
  "numRealizations": 2000,
  "effectSize": 3,
  "CImethod": "Wald",
  "q": 0.05,
  "alpha": 0.05,
  "seed": "shuffle",
  "BothSides": {
    "canonical": [
      0.78754549999999945,
      0.786768463749352,
      0.78832253625064685
    ],
    "combined": [
      0.7639129999999994,
      0.76309861069337759,
      0.76472738930662121
    ],
    "twotailed": [
      0.7639129999999994,
      0.76309861069337759,
      0.76472738930662121
    ],
    "split2tail": [
      0.76845549999999974,
      0.767659689595294,
      0.76925131040470551
    ],
    "canonicalbb": [
      0.78754549999999945,
      0.786768463749352,
      0.78832253625064685
    ],
    "split2tailbb": [
      0.76845549999999974,
      0.767659689595294,
      0.76925131040470551
    ]
  },
  "PosSide": {
    "canonical": [
      0.6215482754012589,
      0.61947971113759781,
      0.62361683966492
    ],
    "combined": [
      0.793549728791885,
      0.79195007932344164,
      0.79514937826032839
    ],
    "twotailed": [
      0.793549728791885,
      0.79195007932344164,
      0.79514937826032839
    ],
    "split2tail": [
      0.68886924096009439,
      0.68688739158062306,
      0.69085109033956571
    ],
    "canonicalbb": [
      0.6215482754012589,
      0.61947971113759781,
      0.62361683966492
    ],
    "split2tailbb": [
      0.68886924096009439,
      0.68688739158062306,
      0.69085109033956571
    ]
  },
  "NegSide": {
    "canonical": [
      0.83035221230573475,
      0.82954303234288107,
      0.83116139226858843
    ],
    "combined": [
      0.75777339369294539,
      0.75692029685269258,
      0.75862649053319819
    ],
    "twotailed": [
      0.75777339369294539,
      0.75692029685269258,
      0.75862649053319819
    ],
    "split2tail": [
      0.78962876386924674,
      0.78877795967502651,
      0.790479568063467
    ],
    "canonicalbb": [
      0.83035221230573475,
      0.82954303234288107,
      0.83116139226858843
    ],
    "split2tailbb": [
      0.78962876386924674,
      0.78877795967502651,
      0.790479568063467
    ]
  },
  "elapsed": 4.40621775
}