{
  "scenario": 4,
  "fracPos": 0.25,
  "fracNeg": 0.25,
  "rho": 0,
  "FDRmethod": "BH1995",
  "numTests": 2000,
  "numRealizations": 2000,
  "effectSize": 3,
  "CImethod": "Wald",
  "q": 0.05,
  "alpha": 0.05,
  "seed": "shuffle",
  "BothSides": {
    "canonical": [
      0.025930689088238559,
      0.025676340391907033,
      0.026185037784570084
    ],
    "combined": [
      0.025886275850785956,
      0.025632157382854924,
      0.026140394318716988
    ],
    "twotailed": [
      0.025885621400524181,
      0.025631520573249231,
      0.026139722227799131
    ],
    "split2tail": [
      0.025932087626397739,
      0.025677204582930831,
      0.026186970669864647
    ],
    "canonicalbb": [
      0.025930689088238559,
      0.025676340391907033,
      0.026185037784570084
    ],
    "split2tailbb": [
      0.025932087626397739,
      0.025677204582930831,
      0.026186970669864647
    ]
  },
  "PosSide": {
    "canonical": [
      0.024784526382292983,
      0.024431912367490649,
      0.025137140397095317
    ],
    "combined": [
      0.024795454200735385,
      0.024444333584974637,
      0.025146574816496133
    ],
    "twotailed": [
      0.024795454200735385,
      0.024444333584974637,
      0.025146574816496133
    ],
    "split2tail": [
      0.024793559324454852,
      0.024441193276864354,
      0.025145925372045349
    ],
    "canonicalbb": [
      0.024784526382292983,
      0.024431912367490649,
      0.025137140397095317
    ],
    "split2tailbb": [
      0.024793559324454852,
      0.024441193276864354,
      0.025145925372045349
    ]
  },
  "NegSide": {
    "canonical": [
      0.026994558985510276,
      0.026636357913187719,
      0.027352760057832833
    ],
    "combined": [
      0.026927498786085587,
      0.026574390509476648,
      0.027280607062694525
    ],
    "twotailed": [
      0.026927498786085587,
      0.026574390509476648,
      0.027280607062694525
    ],
    "split2tail": [
      0.026991348927266842,
      0.026632280551426607,
      0.027350417303107076
    ],
    "canonicalbb": [
      0.026994558985510276,
      0.026636357913187719,
      0.027352760057832833
    ],
    "split2tailbb": [
      0.026991348927266842,
      0.026632280551426607,
      0.027350417303107076
    ]
  },
  "elapsed": 4.5579905
}