{
  "scenario": 2,
  "fracPos": 0.25,
  "fracNeg": 0,
  "rho_sign": 0,
  "FDRmethod": "BH1995",
  "numTests": 20,
  "numRealizations": 100000,
  "effectSize": 3,
  "CImethod": "Wald",
  "q": 0.05,
  "alpha": 0.05,
  "seed": "shuffle",
  "BothSides": {
    "canonical": [
      0.045861198412698416,
      0.045250449397122965,
      0.046471947428273867
    ],
    "combined": [
      0.037247611111111106,
      0.036663769865441571,
      0.037831452356780641
    ],
    "twotailed": [
      0.037247611111111106,
      0.036663769865441571,
      0.037831452356780641
    ],
    "split2tail": [
      0.041537126984126982,
      0.040925103912266343,
      0.042149150055987621
    ]
  },
  "PosSide": {
    "canonical": [
      0.03733860317460317,
      0.036795027514138913,
      0.037882178835067427
    ],
    "combined": [
      0.019001285714285703,
      0.018580859246094365,
      0.019421712182477041
    ],
    "twotailed": [
      0.019001285714285703,
      0.018580859246094365,
      0.019421712182477041
    ],
    "split2tail": [
      0.029254238095238087,
      0.028761045893662684,
      0.029747430296813489
    ]
  },
  "NegSide": {
    "canonical": [
      0.0376,
      0.036420977774046813,
      0.03877902222595319
    ],
    "combined": [
      0.08145,
      0.079754697480004938,
      0.083145302519995051
    ],
    "twotailed": [
      0.08145,
      0.079754697480004938,
      0.083145302519995051
    ],
    "split2tail": [
      0.04999,
      0.048639309269910808,
      0.051340690730089192
    ]
  },
  "elapsed": 15.726441875
}