{
  "scenario": 5,
  "fracPos": 0.1,
  "fracNeg": 0.4,
  "rho": 0,
  "FDRmethod": "BH1995",
  "numTests": 2000,
  "numRealizations": 2000,
  "effectSize": 3,
  "CImethod": "Wald",
  "q": 0.05,
  "alpha": 0.05,
  "seed": "shuffle",
  "BothSides": {
    "canonical": [
      0.78768049999999945,
      0.78695860229239079,
      0.78840239770760812
    ],
    "combined": [
      0.76425449999999939,
      0.76349585650855745,
      0.76501314349144134
    ],
    "twotailed": [
      0.76425449999999939,
      0.76349585650855745,
      0.76501314349144134
    ],
    "split2tail": [
      0.76818599999999959,
      0.767439600486832,
      0.76893239951316716
    ],
    "canonicalbb": [
      0.78768049999999945,
      0.78695860229239079,
      0.78840239770760812
    ],
    "split2tailbb": [
      0.76818599999999959,
      0.767439600486832,
      0.76893239951316716
    ]
  },
  "PosSide": {
    "canonical": [
      0.6196377487196274,
      0.61758100707013686,
      0.621694490369118
    ],
    "combined": [
      0.7932432521359295,
      0.79164455467212846,
      0.79484194959973054
    ],
    "twotailed": [
      0.7932432521359295,
      0.79164455467212846,
      0.79484194959973054
    ],
    "split2tail": [
      0.68728770230105063,
      0.68529362091749957,
      0.68928178368460169
    ],
    "canonicalbb": [
      0.6196377487196274,
      0.61758100707013686,
      0.621694490369118
    ],
    "split2tailbb": [
      0.68728770230105063,
      0.68529362091749957,
      0.68928178368460169
    ]
  },
  "NegSide": {
    "canonical": [
      0.83105665564184539,
      0.83030617375367333,
      0.83180713753001745
    ],
    "combined": [
      0.75833114066358243,
      0.75752182987433869,
      0.75914045145282616
    ],
    "twotailed": [
      0.75833114066358243,
      0.75752182987433869,
      0.75914045145282616
    ],
    "split2tail": [
      0.7897419095745,
      0.78893056234969461,
      0.79055325679930533
    ],
    "canonicalbb": [
      0.83105665564184539,
      0.83030617375367333,
      0.83180713753001745
    ],
    "split2tailbb": [
      0.7897419095745,
      0.78893056234969461,
      0.79055325679930533
    ]
  },
  "elapsed": 4.045571625
}