{
  "scenario": 3,
  "fracPos": 0,
  "fracNeg": 0.25,
  "rho": 0,
  "FDRmethod": "BH1995",
  "numTests": 2000,
  "numRealizations": 2000,
  "effectSize": 3,
  "CImethod": "Wald",
  "q": 0.05,
  "alpha": 0.05,
  "seed": "shuffle",
  "BothSides": {
    "canonical": [
      0.040066416884301494,
      0.0396292851030393,
      0.040503548665563688
    ],
    "combined": [
      0.0397373333440581,
      0.039277796421427744,
      0.040196870266688459
    ],
    "twotailed": [
      0.0397373333440581,
      0.039277796421427744,
      0.040196870266688459
    ],
    "split2tail": [
      0.032346126583836336,
      0.031946651380393341,
      0.032745601787279331
    ],
    "canonicalbb": [
      0.0219748197378076,
      0.021583117355605762,
      0.022366522120009436
    ],
    "split2tailbb": [
      0.018207668516983,
      0.017842427177362764,
      0.018572909856603238
    ]
  },
  "PosSide": {
    "canonical": [
      0.047,
      0.037722369470981704,
      0.0562776305290183
    ],
    "combined": [
      0.9985,
      0.99680347072523423,
      1.0001965292747659
    ],
    "twotailed": [
      0.9985,
      0.99680347072523423,
      1.0001965292747659
    ],
    "split2tail": [
      0.055,
      0.045006009254141631,
      0.064993990745858377
    ],
    "canonicalbb": [
      0.047,
      0.037722369470981704,
      0.0562776305290183
    ],
    "split2tailbb": [
      0.055,
      0.045006009254141631,
      0.064993990745858377
    ]
  },
  "NegSide": {
    "canonical": [
      0.039940110548530007,
      0.039503181693595429,
      0.040377039403464585
    ],
    "combined": [
      0.021310957866874276,
      0.020971676060794347,
      0.021650239672954204
    ],
    "twotailed": [
      0.021310957866874276,
      0.020971676060794347,
      0.021650239672954204
    ],
    "split2tail": [
      0.032190750801146584,
      0.031791974183895857,
      0.03258952741839731
    ],
    "canonicalbb": [
      0.021848513402036113,
      0.021468420069395283,
      0.022228606734676942
    ],
    "split2tailbb": [
      0.018052292734293252,
      0.017699588112641326,
      0.018404997355945179
    ]
  },
  "elapsed": 4.0235053333333335
}