{
  "fracPos": 0.25,
  "fracNeg": 0,
  "rho": 0,
  "FDRmethod": "BH1995",
  "numTests": 1000,
  "numRealizations": 1000,
  "effectSize": 3,
  "CImethod": "Wald",
  "q": 0.05,
  "alpha": 0.05,
  "seed": "shuffle",
  "BothSides": {
    "canonical": [
      0.037792036467442731,
      0.036935324268266879,
      0.038648748666618583
    ],
    "twotailed": [
      0.038181718888868774,
      0.037241055771219923,
      0.039122382006517624
    ],
    "combined": [
      0.038181718888868774,
      0.037241055771219923,
      0.039122382006517624
    ],
    "twice": [
      0.037994242776139907,
      0.037136575186386744,
      0.038851910365893069
    ],
    "sidaktwice": [
      0.019136049035513341,
      0.018455628341669545,
      0.019816469729357137
    ],
    "split1tail": [
      0.061237086086523548,
      0.060199148110242781,
      0.062275024062804316
    ],
    "split2tail": [
      0.03034750314586173,
      0.029554653890877171,
      0.03114035240084629
    ]
  },
  "PosSide": {
    "canonical": [
      0.037792036467442731,
      0.036935324268266879,
      0.038648748666618583
    ],
    "twotailed": [
      0.019364728164352921,
      0.018683258920793061,
      0.020046197407912782
    ],
    "combined": [
      0.019364728164352921,
      0.018683258920793061,
      0.020046197407912782
    ],
    "twice": [
      0.037792036467442731,
      0.036935324268266879,
      0.038648748666618583
    ],
    "sidaktwice": [
      0.01900619229014441,
      0.018328145585010336,
      0.019684238995278484
    ],
    "split1tail": [
      0.060756370193471555,
      0.059722123139290852,
      0.061790617247652259
    ],
    "split2tail": [
      0.030075998848052673,
      0.029287971114234444,
      0.0308640265818709
    ]
  },
  "NegSide": {
    "canonical": [
      0,
      0,
      0
    ],
    "twotailed": [
      0.953,
      0.93987616606876,
      0.96612383393123991
    ],
    "combined": [
      0.953,
      0.93987616606876,
      0.96612383393123991
    ],
    "twice": [
      0.038,
      0.026143822808894889,
      0.049856177191105105
    ],
    "sidaktwice": [
      0.022,
      0.012904090834358305,
      0.031095909165641693
    ],
    "split1tail": [
      0.093,
      0.074990134696988925,
      0.11100986530301107
    ],
    "split2tail": [
      0.048,
      0.034744245880081889,
      0.061255754119918113
    ]
  }
}