{
  "scenario": 3,
  "fracPos": 0,
  "fracNeg": 0.25,
  "rho": 0,
  "FDRmethod": "BH1995",
  "numTests": 2000,
  "numRealizations": 2000,
  "effectSize": 3,
  "CImethod": "Wald",
  "q": 0.05,
  "alpha": 0.05,
  "seed": "shuffle",
  "BothSides": {
    "canonical": [
      0.039194160241415088,
      0.038767937247190833,
      0.039620383235639343
    ],
    "combined": [
      0.039287425835803511,
      0.038818438612322925,
      0.039756413059284096
    ],
    "twotailed": [
      0.039287425835803511,
      0.038818438612322925,
      0.039756413059284096
    ],
    "split2tail": [
      0.031994939871642994,
      0.031602500203221147,
      0.032387379540064841
    ],
    "canonicalbb": [
      0.039194160241415088,
      0.038767937247190833,
      0.039620383235639343
    ],
    "split2tailbb": [
      0.031994939871642994,
      0.031602500203221147,
      0.032387379540064841
    ]
  },
  "PosSide": {
    "canonical": [
      0.0425,
      0.033656879349815046,
      0.05134312065018496
    ],
    "combined": [
      0.998,
      0.99604150727600849,
      0.99995849272399151
    ],
    "twotailed": [
      0.998,
      0.99604150727600849,
      0.99995849272399151
    ],
    "split2tail": [
      0.0545,
      0.044548908680850471,
      0.064451091319149528
    ],
    "canonicalbb": [
      0.0425,
      0.033656879349815046,
      0.05134312065018496
    ],
    "split2tailbb": [
      0.0545,
      0.044548908680850471,
      0.064451091319149528
    ]
  },
  "NegSide": {
    "canonical": [
      0.039083999105201848,
      0.038657982577330705,
      0.039510015633072992
    ],
    "combined": [
      0.020870322787234982,
      0.020531018959349074,
      0.021209626615120891
    ],
    "twotailed": [
      0.020870322787234982,
      0.020531018959349074,
      0.021209626615120891
    ],
    "split2tail": [
      0.031843925314958617,
      0.03145232088179549,
      0.032235529748121744
    ],
    "canonicalbb": [
      0.039083999105201848,
      0.038657982577330705,
      0.039510015633072992
    ],
    "split2tailbb": [
      0.031843925314958617,
      0.03145232088179549,
      0.032235529748121744
    ]
  },
  "elapsed": 3.7588050416666667
}