{
  "scenario": 5,
  "fracPos": 0.1,
  "fracNeg": 0.4,
  "rho": 0,
  "FDRmethod": "BH1995",
  "numTests": 2000,
  "numRealizations": 2000,
  "effectSize": 3,
  "CImethod": "Wald",
  "q": 0.05,
  "alpha": 0.05,
  "seed": "shuffle",
  "BothSides": {
    "canonical": [
      0.026070093745793478,
      0.025824842639295933,
      0.026315344852291023
    ],
    "combined": [
      0.026088271395717774,
      0.02584053485061908,
      0.026336007940816468
    ],
    "twotailed": [
      0.026088271395717774,
      0.02584053485061908,
      0.026336007940816468
    ],
    "split2tail": [
      0.023295329095447452,
      0.023056755039420649,
      0.023533903151474255
    ]
  },
  "PosSide": {
    "canonical": [
      0.025154050663434,
      0.024526566236096992,
      0.025781535090771007
    ],
    "combined": [
      0.060313558530995605,
      0.05950135077640898,
      0.06112576628558223
    ],
    "twotailed": [
      0.060313558530995605,
      0.05950135077640898,
      0.06112576628558223
    ],
    "split2tail": [
      0.035805172859923136,
      0.0350964502453783,
      0.036513895474467969
    ]
  },
  "NegSide": {
    "canonical": [
      0.026189080964291931,
      0.025919182899029898,
      0.026458979029553964
    ],
    "combined": [
      0.017086819311145356,
      0.016860660734073187,
      0.017312977888217524
    ],
    "twotailed": [
      0.017086819311145356,
      0.016860660734073187,
      0.017312977888217524
    ],
    "split2tail": [
      0.020512560392062267,
      0.02026861790606424,
      0.020756502878060294
    ]
  },
  "elapsed": 3.835309166
}