{
  "fracPos": 0.25,
  "fracNeg": 0.25,
  "rho": 0,
  "FDRmethod": "BH1995",
  "numTests": 1000,
  "numRealizations": 1000,
  "effectSize": 2,
  "CImethod": "Wald",
  "q": 0.05,
  "alpha": 0.05,
  "seed": "shuffle",
  "BothSides": {
    "canonical": [
      0.024480035730896191,
      0.0232087833262312,
      0.025751288135561184
    ],
    "twotailed": [
      0.026959159377414544,
      0.026050218648678885,
      0.027868100106150203
    ],
    "combined": [
      0.026975804441880063,
      0.026066680525043819,
      0.027884928358716306
    ],
    "twice": [
      0.027359391894808408,
      0.026441705175452315,
      0.0282770786141645
    ],
    "split1tail": [
      0.05197211991310334,
      0.05099649843638631,
      0.05294774138982037
    ],
    "split2tail": [
      0.027393279579940377,
      0.0264732101421439,
      0.028313349017736852
    ]
  },
  "PosSide": {
    "canonical": [
      0.024480035730896191,
      0.0232087833262312,
      0.025751288135561184
    ],
    "twotailed": [
      0.024480072747670497,
      0.023207133841036641,
      0.025753011654304353
    ],
    "combined": [
      0.024480072747670497,
      0.023207133841036641,
      0.025753011654304353
    ],
    "twice": [
      0.024480035730896191,
      0.0232087833262312,
      0.025751288135561184
    ],
    "split1tail": [
      0.049755698040676963,
      0.048384206571660593,
      0.051127189509693333
    ],
    "split2tail": [
      0.024512706354743598,
      0.023238122919275954,
      0.025787289790211242
    ]
  },
  "NegSide": {
    "canonical": [
      0,
      0,
      0
    ],
    "twotailed": [
      0.029290941382461678,
      0.02795221242399127,
      0.030629670340932086
    ],
    "combined": [
      0.029290941382461678,
      0.02795221242399127,
      0.030629670340932086
    ],
    "twice": [
      0.0294401774627277,
      0.028091943495918495,
      0.030788411429536908
    ],
    "split1tail": [
      0.0533558825995487,
      0.052008896239747783,
      0.054702868959349622
    ],
    "split2tail": [
      0.029461132514999166,
      0.028103617322883519,
      0.030818647707114812
    ]
  }
}