{
  "scenario": 2,
  "fracPos": 0.25,
  "fracNeg": 0,
  "rho_sign": 0,
  "FDRmethod": "BH1995",
  "numTests": 2000,
  "numRealizations": 2000,
  "effectSize": 3,
  "CImethod": "Wald",
  "q": 0.05,
  "alpha": 0.05,
  "seed": "shuffle",
  "BothSides": {
    "canonical": [
      0.037372586767783558,
      0.03695568377487593,
      0.037789489760691186
    ],
    "combined": [
      0.037457501024820455,
      0.03698924045322112,
      0.037925761596419791
    ],
    "twotailed": [
      0.037457501024820455,
      0.03698924045322112,
      0.037925761596419791
    ],
    "split2tail": [
      0.030001475818285096,
      0.029620192849363954,
      0.030382758787206237
    ],
    "reviewer1": [
      0.015081226955193542,
      0.014776214170026933,
      0.015386239740360151
    ],
    "reviewer2": [
      0.018865107994839491,
      0.018534592416584058,
      0.019195623573094924
    ]
  },
  "PosSide": {
    "canonical": [
      0.037279497265619452,
      0.036863284845639277,
      0.037695709685599627
    ],
    "combined": [
      0.018926457188731857,
      0.018594487236993747,
      0.019258427140469967
    ],
    "twotailed": [
      0.018926457188731857,
      0.018594487236993747,
      0.019258427140469967
    ],
    "split2tail": [
      0.02985008700787228,
      0.029469576928049943,
      0.030230597087694617
    ],
    "reviewer1": [
      0.015006685169324236,
      0.014702726535339189,
      0.015310643803309282
    ],
    "reviewer2": [
      0.01881192378557792,
      0.01848169868909319,
      0.01914214888206265
    ]
  },
  "NegSide": {
    "canonical": [
      0.0335,
      0.0256120340600888,
      0.0413879659399112
    ],
    "combined": [
      0.997,
      0.9946025481122398,
      0.99939745188776019
    ],
    "twotailed": [
      0.997,
      0.9946025481122398,
      0.99939745188776019
    ],
    "split2tail": [
      0.0495,
      0.039991317331116522,
      0.059008682668883483
    ],
    "reviewer1": [
      0.022,
      0.015569829898300044,
      0.028430170101699952
    ],
    "reviewer2": [
      0.0165,
      0.010915672910432153,
      0.022084327089567847
    ]
  },
  "elapsed": 4.2619666666666669
}