{
  "scenario": 1,
  "effectSize": 3,
  "fracPos": 0,
  "fracNeg": 0,
  "rho": 0,
  "FDRmethod": "BH1995",
  "numTests": 2000,
  "numRealizations": 2000,
  "CImethod": "Wald",
  "q": 0.05,
  "alpha": 0.05,
  "seed": "shuffle",
  "BothSides": {
    "canonical": [
      0.095,
      0.082146311046456463,
      0.10785368895354354
    ],
    "combined": [
      0.046,
      0.036816784050712072,
      0.055183215949287927
    ],
    "twotailed": [
      0.046,
      0.036816784050712072,
      0.055183215949287927
    ],
    "split2tail": [
      0.095,
      0.082146311046456463,
      0.10785368895354354
    ]
  },
  "PosSide": {
    "canonical": [
      0.0485,
      0.039082904827544354,
      0.057917095172455649
    ],
    "combined": [
      0.0245,
      0.017722986152937,
      0.031277013847063
    ],
    "twotailed": [
      0.0245,
      0.017722986152937,
      0.031277013847063
    ],
    "split2tail": [
      0.0485,
      0.039082904827544354,
      0.057917095172455649
    ]
  },
  "NegSide": {
    "canonical": [
      0.048,
      0.038629111145991754,
      0.057370888854008248
    ],
    "combined": [
      0.023,
      0.016428675800816521,
      0.029571324199183478
    ],
    "twotailed": [
      0.023,
      0.016428675800816521,
      0.029571324199183478
    ],
    "split2tail": [
      0.048,
      0.038629111145991754,
      0.057370888854008248
    ]
  },
  "elapsed": 3.545337958
}