{
  "scenario": 2,
  "fracPos": 0.25,
  "fracNeg": 0,
  "rho": 0,
  "FDRmethod": "BH1995",
  "numTests": 2000,
  "numRealizations": 2000,
  "effectSize": 3,
  "CImethod": "Wald",
  "q": 0.05,
  "alpha": 0.05,
  "seed": "shuffle",
  "BothSides": {
    "canonical": [
      0.037536863821501149,
      0.037119587949154882,
      0.037954139693847415
    ],
    "combined": [
      0.037600749576706734,
      0.0371399713390317,
      0.038061527814381768
    ],
    "twotailed": [
      0.037599287588402641,
      0.037138627759808827,
      0.038059947416996455
    ],
    "split2tail": [
      0.030138049343641071,
      0.029754452334529908,
      0.030521646352752233
    ]
  },
  "PosSide": {
    "canonical": [
      0.037430352160768322,
      0.037013562825768641,
      0.037847141495768004
    ],
    "combined": [
      0.019167898586157271,
      0.018838562887451674,
      0.019497234284862868
    ],
    "twotailed": [
      0.019167898586157271,
      0.018838562887451674,
      0.019497234284862868
    ],
    "split2tail": [
      0.029974430710123349,
      0.029591827458474062,
      0.030357033961772636
    ]
  },
  "NegSide": {
    "canonical": [
      0.0405,
      0.031858449045154752,
      0.049141550954845251
    ],
    "combined": [
      0.997,
      0.9946025481122398,
      0.99939745188776019
    ],
    "twotailed": [
      0.997,
      0.9946025481122398,
      0.99939745188776019
    ],
    "split2tail": [
      0.0565,
      0.046378686660502627,
      0.066621313339497376
    ]
  },
  "elapsed": 3.835228792
}