{
  "scenario": 3,
  "fracPos": 0,
  "fracNeg": 0.25,
  "rho_sign": 0,
  "FDRmethod": "BH1995",
  "numTests": 2000,
  "numRealizations": 2000,
  "effectSize": 3,
  "CImethod": "Wald",
  "q": 0.05,
  "alpha": 0.05,
  "seed": "shuffle",
  "BothSides": {
    "canonical": [
      0.039516987107011195,
      0.039093586189197324,
      0.039940388024825066
    ],
    "combined": [
      0.03969222630281475,
      0.039226507002032923,
      0.040157945603596576
    ],
    "twotailed": [
      0.03969222630281475,
      0.039226507002032923,
      0.040157945603596576
    ],
    "split2tail": [
      0.03198815802314877,
      0.031597449185859716,
      0.032378866860437824
    ]
  },
  "PosSide": {
    "canonical": [
      0.0395,
      0.0309613556187091,
      0.0480386443812909
    ],
    "combined": [
      0.9985,
      0.99680347072523423,
      1.0001965292747659
    ],
    "twotailed": [
      0.9985,
      0.99680347072523423,
      1.0001965292747659
    ],
    "split2tail": [
      0.05,
      0.040445928243149236,
      0.05955407175685077
    ]
  },
  "NegSide": {
    "canonical": [
      0.039409310229959048,
      0.038987931205237893,
      0.0398306892546802
    ],
    "combined": [
      0.021139825386659428,
      0.0208006361953164,
      0.021479014578002456
    ],
    "twotailed": [
      0.021139825386659428,
      0.0208006361953164,
      0.021479014578002456
    ],
    "split2tail": [
      0.031834553061699092,
      0.031446723783228325,
      0.032222382340169858
    ]
  },
  "elapsed": 4.2915307083333332
}