{
  "scenario": 2,
  "fracPos": 0.25,
  "fracNeg": 0,
  "rho": 0,
  "FDRmethod": "BH1995",
  "numTests": 2000,
  "numRealizations": 2000,
  "effectSize": 3,
  "CImethod": "Wald",
  "q": 0.05,
  "alpha": 0.05,
  "seed": "shuffle",
  "BothSides": {
    "canonical": [
      0.77638399999999952,
      0.77527209878377579,
      0.77749590121622325
    ],
    "combined": [
      0.66797699999999938,
      0.66670525482913412,
      0.66924874517086463
    ],
    "twotailed": [
      0.66797699999999938,
      0.66670525482913412,
      0.66924874517086463
    ],
    "split2tail": [
      0.73628400000000016,
      0.73514610256471569,
      0.73742189743528463
    ],
    "canonicalbb": [
      0.77638399999999952,
      0.77527209878377579,
      0.77749590121622325
    ],
    "split2tailbb": [
      0.73628400000000016,
      0.73514610256471569,
      0.73742189743528463
    ]
  },
  "PosSide": {
    "canonical": [
      0.7773202307427648,
      0.77620943969142286,
      0.77843102179410673
    ],
    "combined": [
      0.65629206696445885,
      0.65507965646535593,
      0.65750447746356178
    ],
    "twotailed": [
      0.65629206696445885,
      0.65507965646535593,
      0.65750447746356178
    ],
    "split2tail": [
      0.73714095231365306,
      0.73600304977049269,
      0.73827885485681344
    ],
    "canonicalbb": [
      0.7773202307427648,
      0.77620943969142286,
      0.77843102179410673
    ],
    "split2tailbb": [
      0.73714095231365306,
      0.73600304977049269,
      0.73827885485681344
    ]
  },
  "NegSide": {
    "canonical": [
      null,
      null,
      null
    ],
    "combined": [
      null,
      null,
      null
    ],
    "twotailed": [
      null,
      null,
      null
    ],
    "split2tail": [
      null,
      null,
      null
    ],
    "canonicalbb": [
      null,
      null,
      null
    ],
    "split2tailbb": [
      null,
      null,
      null
    ]
  },
  "elapsed": 3.6972683333333332
}