{
  "scenario": 3,
  "fracPos": 0,
  "fracNeg": 0.25,
  "rho_sign": 0,
  "FDRmethod": "BH1995",
  "numTests": 2000,
  "numRealizations": 2000,
  "effectSize": 3,
  "CImethod": "Wald",
  "q": 0.05,
  "alpha": 0.05,
  "seed": "shuffle",
  "BothSides": {
    "canonical": [
      0.0396859236482337,
      0.039241558484000516,
      0.040130288812466886
    ],
    "combined": [
      0.039553505529996369,
      0.039081046527135156,
      0.040025964532857582
    ],
    "twotailed": [
      0.039553505529996369,
      0.039081046527135156,
      0.040025964532857582
    ],
    "split2tail": [
      0.032073422305494051,
      0.031665242478628813,
      0.032481602132359289
    ],
    "reviewer1": [
      0.017365717929112612,
      0.017039588983135633,
      0.017691846875089592
    ],
    "reviewer2": [
      0.021244914415828205,
      0.020891119548504908,
      0.021598709283151503
    ]
  },
  "PosSide": {
    "canonical": [
      0.039,
      0.03051336173240897,
      0.04748663826759103
    ],
    "combined": [
      0.998,
      0.99604150727600849,
      0.99995849272399151
    ],
    "twotailed": [
      0.998,
      0.99604150727600849,
      0.99995849272399151
    ],
    "split2tail": [
      0.0535,
      0.043635413301401388,
      0.06336458669859861
    ],
    "reviewer1": [
      0.0265,
      0.019459028136104027,
      0.033540971863895971
    ],
    "reviewer2": [
      0.0195,
      0.013438462467152889,
      0.025561537532847109
    ]
  },
  "NegSide": {
    "canonical": [
      0.039581260791946564,
      0.039136586594937087,
      0.040025934988956041
    ],
    "combined": [
      0.021319576341516336,
      0.020966432795937143,
      0.021672719887095529
    ],
    "twotailed": [
      0.021319576341516336,
      0.020966432795937143,
      0.021672719887095529
    ],
    "split2tail": [
      0.031914794844162181,
      0.031506298553506826,
      0.032323291134817536
    ],
    "reviewer1": [
      0.017275161630164997,
      0.016949739812456982,
      0.017600583447873012
    ],
    "reviewer2": [
      0.021182808629233954,
      0.020829700596640129,
      0.021535916661827779
    ]
  },
  "elapsed": 4.310627666666667
}