{
  "scenario": 4,
  "fracPos": 0.25,
  "fracNeg": 0.25,
  "rho": 0,
  "FDRmethod": "BH1995",
  "numTests": 2000,
  "numRealizations": 2000,
  "effectSize": 3,
  "CImethod": "Wald",
  "q": 0.05,
  "alpha": 0.05,
  "seed": "shuffle",
  "BothSides": {
    "canonical": [
      0.025951966505694032,
      0.025702632734618522,
      0.026201300276769542
    ],
    "combined": [
      0.025906827630590219,
      0.025656968868759185,
      0.026156686392421254
    ],
    "twotailed": [
      0.025906827630590219,
      0.025656968868759185,
      0.026156686392421254
    ],
    "split2tail": [
      0.025935881224499809,
      0.025686730846678333,
      0.026185031602321284
    ]
  },
  "PosSide": {
    "canonical": [
      0.024906380813848241,
      0.02455636836887937,
      0.025256393258817112
    ],
    "combined": [
      0.024890311088272624,
      0.024543897466044705,
      0.025236724710500542
    ],
    "twotailed": [
      0.024890311088272624,
      0.024543897466044705,
      0.025236724710500542
    ],
    "split2tail": [
      0.024895014192214085,
      0.024547215088496697,
      0.025242813295931473
    ]
  },
  "NegSide": {
    "canonical": [
      0.026916311759418467,
      0.02656562851667112,
      0.027266995002165815
    ],
    "combined": [
      0.026876385356285296,
      0.026529847923580104,
      0.027222922788990488
    ],
    "twotailed": [
      0.026876385356285296,
      0.026529847923580104,
      0.027222922788990488
    ],
    "split2tail": [
      0.026898805792872866,
      0.026549047958305271,
      0.027248563627440461
    ]
  },
  "elapsed": 3.205298875
}