{
  "scenario": 5,
  "fracPos": 0.1,
  "fracNeg": 0.4,
  "rho": 0,
  "FDRmethod": "BH1995",
  "numTests": 2000,
  "numRealizations": 2000,
  "effectSize": 3,
  "CImethod": "Wald",
  "q": 0.05,
  "alpha": 0.05,
  "seed": "shuffle",
  "BothSides": {
    "canonical": [
      0.026161018841080241,
      0.02591201412228257,
      0.026410023559877913
    ],
    "combined": [
      0.025964460195838208,
      0.025716407633361159,
      0.026212512758315258
    ],
    "twotailed": [
      0.025964460195838208,
      0.025716407633361159,
      0.026212512758315258
    ],
    "split2tail": [
      0.023337139886420739,
      0.023096872971363102,
      0.023577406801478375
    ],
    "canonicalbb": [
      0.026161018841080241,
      0.02591201412228257,
      0.026410023559877913
    ],
    "split2tailbb": [
      0.023337139886420739,
      0.023096872971363102,
      0.023577406801478375
    ]
  },
  "PosSide": {
    "canonical": [
      0.025609389465312684,
      0.025000995352841032,
      0.026217783577784336
    ],
    "combined": [
      0.060165058375125452,
      0.059356573800755277,
      0.060973542949495627
    ],
    "twotailed": [
      0.060165058375125452,
      0.059356573800755277,
      0.060973542949495627
    ],
    "split2tail": [
      0.036150394958518753,
      0.035451173478275443,
      0.036849616438762063
    ],
    "canonicalbb": [
      0.025609389465312684,
      0.025000995352841032,
      0.026217783577784336
    ],
    "split2tailbb": [
      0.036150394958518753,
      0.035451173478275443,
      0.036849616438762063
    ]
  },
  "NegSide": {
    "canonical": [
      0.026213878202905081,
      0.025938707875341804,
      0.026489048530468358
    ],
    "combined": [
      0.016950979055395578,
      0.016726964316712039,
      0.017174993794079118
    ],
    "twotailed": [
      0.016950979055395578,
      0.016726964316712039,
      0.017174993794079118
    ],
    "split2tail": [
      0.02047484333237307,
      0.020227969983300287,
      0.020721716681445852
    ],
    "canonicalbb": [
      0.026213878202905081,
      0.025938707875341804,
      0.026489048530468358
    ],
    "split2tailbb": [
      0.02047484333237307,
      0.020227969983300287,
      0.020721716681445852
    ]
  },
  "elapsed": 4.40563075
}