{
  "scenario": 4,
  "fracPos": 0.25,
  "fracNeg": 0.25,
  "rho_sign": 0,
  "FDRmethod": "BH1995",
  "numTests": 2000,
  "numRealizations": 2000,
  "effectSize": 3,
  "CImethod": "Wald",
  "q": 0.05,
  "alpha": 0.05,
  "seed": "shuffle",
  "BothSides": {
    "canonical": [
      0.026143793540647397,
      0.02589229734781668,
      0.026395289733478114
    ],
    "combined": [
      0.02612370239096103,
      0.025874118424066676,
      0.026373286357855383
    ],
    "twotailed": [
      0.02612370239096103,
      0.025874118424066676,
      0.026373286357855383
    ],
    "split2tail": [
      0.026145521025996168,
      0.025894516136326786,
      0.026396525915665551
    ]
  },
  "PosSide": {
    "canonical": [
      0.025114042206347924,
      0.024764367603496405,
      0.025463716809199444
    ],
    "combined": [
      0.025163082805630524,
      0.024818112090810352,
      0.025508053520450696
    ],
    "twotailed": [
      0.025163082805630524,
      0.024818112090810352,
      0.025508053520450696
    ],
    "split2tail": [
      0.025133976129820938,
      0.024787680038822174,
      0.0254802722208197
    ]
  },
  "NegSide": {
    "canonical": [
      0.027088305783154566,
      0.026729550111157303,
      0.027447061455151828
    ],
    "combined": [
      0.027033945871720776,
      0.026680500937546103,
      0.027387390805895449
    ],
    "twotailed": [
      0.027033945871720776,
      0.026680500937546103,
      0.027387390805895449
    ],
    "split2tail": [
      0.027077463296085829,
      0.026719618865962146,
      0.027435307726209512
    ]
  },
  "elapsed": 4.2325025
}