{
  "fracPos": 0,
  "fracNeg": 0.25,
  "rho": 0,
  "FDRmethod": "BH1995",
  "numTests": 2000,
  "numRealizations": 2000,
  "effectSize": 3,
  "CImethod": "Wald",
  "q": 0.05,
  "alpha": 0.05,
  "seed": "shuffle",
  "BothSides": {
    "canonical": [
      0.032,
      0.024284672569904318,
      0.039715327430095683
    ],
    "twotailed": [
      0.0394316849298215,
      0.038965382874443538,
      0.03989798698519946
    ],
    "combined": [
      0.0394316849298215,
      0.038965382874443538,
      0.03989798698519946
    ],
    "twice": [
      0.039358442053586573,
      0.038925765109277283,
      0.039791118997895863
    ],
    "sidaktwice": [
      0.020757534375062649,
      0.020423832383449695,
      0.021091236366675602
    ],
    "split1tail": [
      0.062074887017560483,
      0.061561843574678844,
      0.062587930460442115
    ],
    "split2tail": [
      0.031869245063223924,
      0.031480776322388965,
      0.032257713804058882
    ]
  },
  "PosSide": {
    "canonical": [
      0.032,
      0.024284672569904318,
      0.039715327430095683
    ],
    "twotailed": [
      0.997,
      0.9946025481122398,
      0.99939745188776019
    ],
    "combined": [
      0.997,
      0.9946025481122398,
      0.99939745188776019
    ],
    "twice": [
      0.032,
      0.024284672569904318,
      0.039715327430095683
    ],
    "sidaktwice": [
      0.016,
      0.010499537166547227,
      0.021500462833452774
    ],
    "split1tail": [
      0.1015,
      0.088261653143378235,
      0.11473834685662178
    ],
    "split2tail": [
      0.0475,
      0.038175597955035556,
      0.056824402044964445
    ]
  },
  "NegSide": {
    "canonical": [
      0,
      0,
      0
    ],
    "twotailed": [
      0.021016389911591677,
      0.020681749106508805,
      0.02135103071667455
    ],
    "combined": [
      0.021016389911591677,
      0.020681749106508805,
      0.02135103071667455
    ],
    "twice": [
      0.039271992446244061,
      0.038839453612763364,
      0.039704531279724758
    ],
    "sidaktwice": [
      0.020704343336941995,
      0.020371228745917992,
      0.021037457927965998
    ],
    "split1tail": [
      0.061799286946569984,
      0.06128701571304275,
      0.062311558180097218
    ],
    "split2tail": [
      0.031731739437355855,
      0.031344015785874785,
      0.032119463088836925
    ]
  },
  "elapsed": 7.4376845
}