{
  "scenario": 5,
  "fracPos": 0.1,
  "fracNeg": 0.4,
  "rho_sign": 0,
  "FDRmethod": "BH1995",
  "numTests": 20,
  "numRealizations": 100000,
  "effectSize": 3,
  "CImethod": "Wald",
  "q": 0.05,
  "alpha": 0.05,
  "seed": "shuffle",
  "BothSides": {
    "canonical": [
      0.11761755097680142,
      0.11721282192956886,
      0.11802228002403398
    ],
    "combined": [
      0.11136053063603103,
      0.11092128639223642,
      0.11179977487982565
    ],
    "twotailed": [
      0.11136053063603103,
      0.11092128639223642,
      0.11179977487982565
    ],
    "split2tail": [
      0.11337642010767054,
      0.11295508115568903,
      0.11379775905965206
    ]
  },
  "PosSide": {
    "canonical": [
      0.022318666666666664,
      0.021692417660456702,
      0.022944915672876626
    ],
    "combined": [
      0.043726333333333353,
      0.042871253927244939,
      0.044581412739421768
    ],
    "twotailed": [
      0.043726333333333353,
      0.042871253927244939,
      0.044581412739421768
    ],
    "split2tail": [
      0.033483166666666654,
      0.032746121766035585,
      0.034220211567297723
    ]
  },
  "NegSide": {
    "canonical": [
      0.130899686535687,
      0.13045173756764641,
      0.13134763550372761
    ],
    "combined": [
      0.12328710264735304,
      0.12279659621305905,
      0.12377760908164703
    ],
    "twotailed": [
      0.12328710264735304,
      0.12279659621305905,
      0.12377760908164703
    ],
    "split2tail": [
      0.12548467732267773,
      0.125015201270853,
      0.12595415337450247
    ]
  },
  "elapsed": 15.887461667
}