{
  "scenario": 1,
  "effectSize": 3,
  "fracPos": 0,
  "fracNeg": 0,
  "rho_sign": 0,
  "FDRmethod": "BH1995",
  "numTests": 2000,
  "numRealizations": 2000,
  "CImethod": "Wald",
  "q": 0.05,
  "alpha": 0.05,
  "seed": "shuffle",
  "BothSides": {
    "canonical": [
      0.0835,
      0.07137306174467721,
      0.0956269382553228
    ],
    "combined": [
      0.045,
      0.035912390923404043,
      0.054087609076595954
    ],
    "twotailed": [
      0.045,
      0.035912390923404043,
      0.054087609076595954
    ],
    "split2tail": [
      0.084,
      0.071840126027904253,
      0.096159873972095758
    ]
  },
  "PosSide": {
    "canonical": [
      0.043,
      0.034107335848968343,
      0.051892664151031651
    ],
    "combined": [
      0.0245,
      0.017722986152937003,
      0.031277013847062995
    ],
    "twotailed": [
      0.0245,
      0.017722986152937003,
      0.031277013847062995
    ],
    "split2tail": [
      0.043,
      0.034107335848968343,
      0.051892664151031651
    ]
  },
  "NegSide": {
    "canonical": [
      0.043,
      0.034107335848968343,
      0.051892664151031651
    ],
    "combined": [
      0.023,
      0.016428675800816517,
      0.029571324199183482
    ],
    "twotailed": [
      0.023,
      0.016428675800816517,
      0.029571324199183482
    ],
    "split2tail": [
      0.0435,
      0.034558120570750708,
      0.052441879429249286
    ]
  },
  "elapsed": 4.2122299583333334
}