{
  "scenario": 2,
  "fracPos": 0.25,
  "fracNeg": 0,
  "rho": 0,
  "FDRmethod": "BH1995",
  "numTests": 2000,
  "numRealizations": 2000,
  "effectSize": 3,
  "CImethod": "Wald",
  "q": 0.05,
  "alpha": 0.05,
  "seed": "shuffle",
  "BothSides": {
    "canonical": [
      0.77516499999999966,
      0.77403901918667339,
      0.77629098081332593
    ],
    "combined": [
      0.66639599999999954,
      0.66512170239561585,
      0.66767029760438323
    ],
    "twotailed": [
      0.66639599999999954,
      0.66512170239561585,
      0.66767029760438323
    ],
    "split2tail": [
      0.7348290000000004,
      0.73366548510706764,
      0.73599251489293316
    ],
    "canonicalbb": [
      0.6559309999999996,
      0.65431408921722289,
      0.6575479107827763
    ],
    "split2tailbb": [
      0.61795500000000059,
      0.61625826119939231,
      0.61965173880060886
    ]
  },
  "PosSide": {
    "canonical": [
      0.77608134831598852,
      0.77495449493648627,
      0.77720820169549076
    ],
    "combined": [
      0.65475514281115454,
      0.653536472873852,
      0.65597381274845712
    ],
    "twotailed": [
      0.65475514281115454,
      0.653536472873852,
      0.65597381274845712
    ],
    "split2tail": [
      0.73566999218519746,
      0.73450610999465582,
      0.73683387437573911
    ],
    "canonicalbb": [
      0.65669178127965366,
      0.65508655512013048,
      0.65829700743917685
    ],
    "split2tailbb": [
      0.61864501766395052,
      0.61696107831621516,
      0.62032895701168589
    ]
  },
  "NegSide": {
    "canonical": [
      null,
      null,
      null
    ],
    "combined": [
      null,
      null,
      null
    ],
    "twotailed": [
      null,
      null,
      null
    ],
    "split2tail": [
      null,
      null,
      null
    ],
    "canonicalbb": [
      null,
      null,
      null
    ],
    "split2tailbb": [
      null,
      null,
      null
    ]
  },
  "elapsed": 3.9940507083333334
}