{
  "scenario": 2,
  "fracPos": 0.25,
  "fracNeg": 0,
  "rho": 0,
  "FDRmethod": "BH1995",
  "numTests": 2000,
  "numRealizations": 2000,
  "effectSize": 3,
  "CImethod": "Wilson",
  "q": 0.05,
  "alpha": 0.05,
  "seed": "shuffle",
  "BothSides": {
    "canonical": [
      0.037762993268811648,
      0.030255978811945923,
      0.047042268119774418
    ],
    "combined": [
      0.037500034990265774,
      0.030021287784960677,
      0.046752050796573852
    ],
    "twotailed": [
      0.037500034990265774,
      0.030021287784960677,
      0.046752050796573852
    ],
    "split2tail": [
      0.030327006231316973,
      0.023665259733820415,
      0.0387895234003779
    ]
  },
  "PosSide": {
    "canonical": [
      0.037654946686399543,
      0.030159533883065609,
      0.046923034144644646
    ],
    "combined": [
      0.019013986712465618,
      0.0138856169573639,
      0.025986502325754446
    ],
    "twotailed": [
      0.019013986712465618,
      0.0138856169573639,
      0.025986502325754446
    ],
    "split2tail": [
      0.030175225193611814,
      0.023531831318469986,
      0.038619971683169371
    ]
  },
  "NegSide": {
    "canonical": [
      0.04,
      0.032256746939981165,
      0.049506936558771544
    ],
    "combined": [
      0.9975,
      0.9941608466835673,
      0.9989316912715861
    ],
    "twotailed": [
      0.9975,
      0.9941608466835673,
      0.9989316912715861
    ],
    "split2tail": [
      0.0525,
      0.043554967025111288,
      0.063160790291610092
    ]
  },
  "elapsed": 3.686450875
}