{
  "scenario": 1,
  "effectSize": 3,
  "fracPos": 0,
  "fracNeg": 0,
  "rho": 0,
  "FDRmethod": "BH1995",
  "numTests": 2000,
  "numRealizations": 2000,
  "CImethod": "Wald",
  "q": 0.05,
  "alpha": 0.05,
  "seed": "shuffle",
  "BothSides": {
    "canonical": [
      0.1025,
      0.089204004627724043,
      0.11579599537227594
    ],
    "combined": [
      0.056,
      0.045920901148147217,
      0.066079098851852786
    ],
    "twotailed": [
      0.056,
      0.045920901148147217,
      0.066079098851852786
    ],
    "split2tail": [
      0.1005,
      0.087319699598553957,
      0.11368030040144605
    ]
  },
  "PosSide": {
    "canonical": [
      0.0505,
      0.040900803818680845,
      0.060099196181319162
    ],
    "combined": [
      0.0275,
      0.020331094660280827,
      0.034668905339719169
    ],
    "twotailed": [
      0.0275,
      0.020331094660280827,
      0.034668905339719169
    ],
    "split2tail": [
      0.0495,
      0.039991317331116515,
      0.05900868266888349
    ]
  },
  "NegSide": {
    "canonical": [
      0.054,
      0.044092042339075412,
      0.06390795766092458
    ],
    "combined": [
      0.0305,
      0.022961837065184544,
      0.038038162934815455
    ],
    "twotailed": [
      0.0305,
      0.022961837065184544,
      0.038038162934815455
    ],
    "split2tail": [
      0.053,
      0.043179024711744021,
      0.062820975288255976
    ]
  },
  "elapsed": 3.349810333
}