{
  "scenario": 4,
  "fracPos": 0.25,
  "fracNeg": 0.25,
  "rho": 0,
  "FDRmethod": "BH1995",
  "numTests": 2000,
  "numRealizations": 2000,
  "effectSize": 3,
  "CImethod": "Wald",
  "q": 0.05,
  "alpha": 0.05,
  "seed": "shuffle",
  "BothSides": {
    "canonical": [
      0.76408649999999956,
      0.76332718391424892,
      0.7648458160857502
    ],
    "combined": [
      0.76407699999999945,
      0.76331808888562058,
      0.76483591111437832
    ],
    "twotailed": [
      0.76407699999999945,
      0.76331808888562058,
      0.76483591111437832
    ],
    "split2tail": [
      0.76409599999999944,
      0.763336636126014,
      0.76485536387398489
    ]
  },
  "PosSide": {
    "canonical": [
      0.76482910786893255,
      0.763731827083274,
      0.76592638865459106
    ],
    "combined": [
      0.764858405769046,
      0.76385750765860649,
      0.76585930387948542
    ],
    "twotailed": [
      0.764858405769046,
      0.76385750765860649,
      0.76585930387948542
    ],
    "split2tail": [
      0.76492076887271265,
      0.76381767091015906,
      0.76602386683526624
    ]
  },
  "NegSide": {
    "canonical": [
      0.7654519863747351,
      0.76436256631108268,
      0.76654140643838753
    ],
    "combined": [
      0.765404148844543,
      0.76441119270719493,
      0.76639710498189106
    ],
    "twotailed": [
      0.765404148844543,
      0.76441119270719493,
      0.76639710498189106
    ],
    "split2tail": [
      0.76538000023329078,
      0.76428614164035669,
      0.76647385882622487
    ]
  },
  "elapsed": 2.405894125
}