{
  "scenario": 1,
  "effectSize": 3,
  "fracPos": 0,
  "fracNeg": 0,
  "rho": 0,
  "FDRmethod": "BH1995",
  "numTests": 2000,
  "numRealizations": 2000,
  "CImethod": "Wald",
  "q": 0.05,
  "alpha": 0.05,
  "seed": "shuffle",
  "BothSides": {
    "canonical": [
      0.095,
      0.082146311046456463,
      0.10785368895354354
    ],
    "combined": [
      0.0505,
      0.040900803818680859,
      0.060099196181319148
    ],
    "twotailed": [
      0.0505,
      0.040900803818680859,
      0.060099196181319148
    ],
    "split2tail": [
      0.0955,
      0.082616090506164308,
      0.1083839094938357
    ]
  },
  "PosSide": {
    "canonical": [
      0.0535,
      0.043635413301401381,
      0.06336458669859861
    ],
    "combined": [
      0.0295,
      0.02208262097559523,
      0.03691737902440477
    ],
    "twotailed": [
      0.0295,
      0.02208262097559523,
      0.03691737902440477
    ],
    "split2tail": [
      0.054,
      0.044092042339075405,
      0.0639079576609246
    ]
  },
  "NegSide": {
    "canonical": [
      0.0455,
      0.036364436121798183,
      0.054635563878201815
    ],
    "combined": [
      0.025,
      0.018155936880975013,
      0.03184406311902499
    ],
    "twotailed": [
      0.025,
      0.018155936880975013,
      0.03184406311902499
    ],
    "split2tail": [
      0.0455,
      0.036364436121798183,
      0.054635563878201815
    ]
  },
  "elapsed": 2.3093911666666669
}