{
  "effectSize": 3,
  "fracPos": 0,
  "fracNeg": 0,
  "rho": 0,
  "FDRmethod": "BH1995",
  "numTests": 1000,
  "numRealizations": 1000,
  "CImethod": "Wald",
  "q": 0.05,
  "alpha": 0.05,
  "seed": "shuffle",
  "BothSides": {
    "canonical": [
      0.061,
      0.046159003572350511,
      0.075840996427649479
    ],
    "twotailed": [
      0.066,
      0.050603898952321133,
      0.081396101047678873
    ],
    "combined": [
      0.066,
      0.050603898952321133,
      0.081396101047678873
    ],
    "twice": [
      0.102,
      0.083232622010069784,
      0.1207673779899302
    ],
    "sidaktwice": [
      0.065,
      0.04971280410978287,
      0.080287195890217128
    ],
    "split1tail": [
      0.175,
      0.15143804373527664,
      0.19856195626472334
    ],
    "split2tail": [
      0.101,
      0.082314450256162269,
      0.11968554974383774
    ]
  },
  "PosSide": {
    "canonical": [
      0.061,
      0.046159003572350511,
      0.075840996427649479
    ],
    "twotailed": [
      0.043,
      0.030420726966933882,
      0.055579273033066111
    ],
    "combined": [
      0.043,
      0.030420726966933882,
      0.055579273033066111
    ],
    "twice": [
      0.061,
      0.046159003572350511,
      0.075840996427649479
    ],
    "sidaktwice": [
      0.041,
      0.0287039228660619,
      0.053296077133938108
    ],
    "split1tail": [
      0.099,
      0.080479814184794912,
      0.1175201858152051
    ],
    "split2tail": [
      0.061,
      0.046159003572350511,
      0.075840996427649479
    ]
  },
  "NegSide": {
    "canonical": [
      0,
      0,
      0
    ],
    "twotailed": [
      0.027,
      0.016949130153906162,
      0.037050869846093834
    ],
    "combined": [
      0.027,
      0.016949130153906162,
      0.037050869846093834
    ],
    "twice": [
      0.045,
      0.032144964225483706,
      0.05785503577451629
    ],
    "sidaktwice": [
      0.024,
      0.014509351770307851,
      0.033490648229692152
    ],
    "split1tail": [
      0.088,
      0.070432737041830645,
      0.10556726295816934
    ],
    "split2tail": [
      0.043,
      0.030420726966933882,
      0.055579273033066111
    ]
  },
  "elapsed": 1.536203209
}