{
  "scenario": 4,
  "fracPos": 0.25,
  "fracNeg": 0.25,
  "rho_sign": 0,
  "FDRmethod": "BH1995",
  "numTests": 20,
  "numRealizations": 20000,
  "effectSize": 3,
  "CImethod": "Wald",
  "q": 0.05,
  "alpha": 0.05,
  "seed": "shuffle",
  "BothSides": {
    "canonical": [
      0.11635499875124818,
      0.11536326138262652,
      0.11734673611986983
    ],
    "combined": [
      0.11210026057276021,
      0.11111835992422421,
      0.1130821612212962
    ],
    "twotailed": [
      0.11210026057276021,
      0.11111835992422421,
      0.1130821612212962
    ],
    "split2tail": [
      0.114493428515928,
      0.11350727394615102,
      0.11547958308570498
    ]
  },
  "PosSide": {
    "canonical": [
      0.023005496031746158,
      0.022042680552897181,
      0.023968311510595135
    ],
    "combined": [
      0.022828809523809637,
      0.021857950343586285,
      0.023799668704032988
    ],
    "twotailed": [
      0.022828809523809637,
      0.021857950343586285,
      0.023799668704032988
    ],
    "split2tail": [
      0.02370619047619062,
      0.0227326830391727,
      0.02467969791320854
    ]
  },
  "NegSide": {
    "canonical": [
      0.18649712301587604,
      0.18484427517112426,
      0.18814997086062782
    ],
    "combined": [
      0.18390293650793957,
      0.18224615517227827,
      0.18555971784360087
    ],
    "twotailed": [
      0.18390293650793957,
      0.18224615517227827,
      0.18555971784360087
    ],
    "split2tail": [
      0.18453724206349492,
      0.18287137962273736,
      0.18620310450425248
    ]
  },
  "elapsed": 3.181007125
}