{
  "fracPos": 0,
  "fracNeg": 0.25,
  "rho": 0,
  "FDRmethod": "BH1995",
  "numTests": 1000,
  "numRealizations": 1000,
  "effectSize": 3,
  "CImethod": "Wald",
  "q": 0.05,
  "alpha": 0.05,
  "seed": "shuffle",
  "BothSides": {
    "canonical": [
      0.041,
      0.028703922866061916,
      0.053296077133938087
    ],
    "twotailed": [
      0.041390316139307728,
      0.040420456346615563,
      0.042360175931999894
    ],
    "combined": [
      0.041390316139307728,
      0.040420456346615563,
      0.042360175931999894
    ],
    "twice": [
      0.041648353659866022,
      0.040761879303280069,
      0.042534828016451975
    ],
    "sidaktwice": [
      0.022848018154514323,
      0.022161312795093167,
      0.023534723513935478
    ],
    "split1tail": [
      0.064248536244631366,
      0.0632550289828808,
      0.065242043506381936
    ],
    "split2tail": [
      0.034131754171371126,
      0.033323771483691367,
      0.034939736859050885
    ]
  },
  "PosSide": {
    "canonical": [
      0.041,
      0.028703922866061916,
      0.053296077133938087
    ],
    "twotailed": [
      0.942,
      0.92750544805233326,
      0.95649455194766664
    ],
    "combined": [
      0.942,
      0.92750544805233326,
      0.95649455194766664
    ],
    "twice": [
      0.041,
      0.028703922866061916,
      0.053296077133938087
    ],
    "sidaktwice": [
      0.017,
      0.00898383650180154,
      0.025016163498198463
    ],
    "split1tail": [
      0.099,
      0.080479814184794912,
      0.1175201858152051
    ],
    "split2tail": [
      0.051,
      0.037357827360089857,
      0.064642172639910137
    ]
  },
  "NegSide": {
    "canonical": [
      0,
      0,
      0
    ],
    "twotailed": [
      0.023116363546416826,
      0.022424915774823841,
      0.023807811318009811
    ],
    "combined": [
      0.023116363546416826,
      0.022424915774823841,
      0.023807811318009811
    ],
    "twice": [
      0.041429485390417881,
      0.0405469384232886,
      0.042312032357547158
    ],
    "sidaktwice": [
      0.022742866367228508,
      0.022057506999937422,
      0.023428225734519595
    ],
    "split1tail": [
      0.063738880175226123,
      0.062750384730188,
      0.064727375620264246
    ],
    "split2tail": [
      0.033846286493532961,
      0.033044387338631173,
      0.034648185648434748
    ]
  }
}