{
  "fracPos": 0,
  "fracNeg": 0.25,
  "rho": 0,
  "FDRmethod": "BH1995",
  "numTests": 1000,
  "numRealizations": 1000,
  "effectSize": 2,
  "CImethod": "Wald",
  "q": 0.05,
  "alpha": 0.05,
  "seed": "shuffle",
  "BothSides": {
    "canonical": [
      0.047,
      0.033876166068760039,
      0.060123833931239962
    ],
    "twotailed": [
      0.042198720554265656,
      0.039941237549105182,
      0.04445620355942613
    ],
    "combined": [
      0.042198720554265656,
      0.039941237549105182,
      0.04445620355942613
    ],
    "twice": [
      0.042651525942619235,
      0.041007611330795959,
      0.044295440554442511
    ],
    "split1tail": [
      0.065866468688339383,
      0.064182080895061847,
      0.067550856481616919
    ],
    "split2tail": [
      0.035135187582473935,
      0.0335510351089787,
      0.03671934005596917
    ]
  },
  "PosSide": {
    "canonical": [
      0.047,
      0.033876166068760039,
      0.060123833931239962
    ],
    "twotailed": [
      0.475,
      0.44403352270395086,
      0.505966477296049
    ],
    "combined": [
      0.475,
      0.44403352270395086,
      0.505966477296049
    ],
    "twice": [
      0.047,
      0.033876166068760039,
      0.060123833931239962
    ],
    "split1tail": [
      0.108,
      0.08875315043523857,
      0.12724684956476143
    ],
    "split2tail": [
      0.056,
      0.041742435086788925,
      0.070257564913211085
    ]
  },
  "NegSide": {
    "canonical": [
      0,
      0,
      0
    ],
    "twotailed": [
      0.023501523684689541,
      0.02184818290416455,
      0.025154864465214533
    ],
    "combined": [
      0.023501523684689541,
      0.02184818290416455,
      0.025154864465214533
    ],
    "twice": [
      0.0417777165712493,
      0.040147342837422571,
      0.043408090305076023
    ],
    "split1tail": [
      0.064448947778164858,
      0.062777076150179842,
      0.066120819406149875
    ],
    "split2tail": [
      0.033799018821804069,
      0.032231764350963373,
      0.035366273292644766
    ]
  }
}