{
  "scenario": 5,
  "fracPos": 0.1,
  "fracNeg": 0.4,
  "rho": 0,
  "FDRmethod": "BH1995",
  "numTests": 2000,
  "numRealizations": 2000,
  "effectSize": 3,
  "CImethod": "Wald",
  "q": 0.05,
  "alpha": 0.05,
  "seed": "shuffle",
  "BothSides": {
    "canonical": [
      0.026004385075300035,
      0.025760342265006096,
      0.026248427885593974
    ],
    "combined": [
      0.025977635672589369,
      0.025731541393233723,
      0.026223729951945014
    ],
    "twotailed": [
      0.025977635672589369,
      0.025731541393233723,
      0.026223729951945014
    ],
    "split2tail": [
      0.023196367185948433,
      0.022959195591342269,
      0.023433538780554597
    ],
    "canonicalbb": [
      0.026004385075300035,
      0.025760342265006096,
      0.026248427885593974
    ],
    "split2tailbb": [
      0.023196367185948433,
      0.022959195591342269,
      0.023433538780554597
    ]
  },
  "PosSide": {
    "canonical": [
      0.02527121499971097,
      0.024652318141265783,
      0.025890111858156158
    ],
    "combined": [
      0.060574259739643824,
      0.059775666794964911,
      0.061372852684322736
    ],
    "twotailed": [
      0.060574259739643824,
      0.059775666794964911,
      0.061372852684322736
    ],
    "split2tail": [
      0.0363031811098576,
      0.035615263099753221,
      0.036991099119961977
    ],
    "canonicalbb": [
      0.02527121499971097,
      0.024652318141265783,
      0.025890111858156158
    ],
    "split2tailbb": [
      0.0363031811098576,
      0.035615263099753221,
      0.036991099119961977
    ]
  },
  "NegSide": {
    "canonical": [
      0.026093552208388993,
      0.025826251206904658,
      0.026360853209873327
    ],
    "combined": [
      0.016875568439234372,
      0.016650335541558713,
      0.01710080133691003
    ],
    "twotailed": [
      0.016875568439234372,
      0.016650335541558713,
      0.01710080133691003
    ],
    "split2tail": [
      0.020281819737733818,
      0.020041873914729683,
      0.020521765560737953
    ],
    "canonicalbb": [
      0.026093552208388993,
      0.025826251206904658,
      0.026360853209873327
    ],
    "split2tailbb": [
      0.020281819737733818,
      0.020041873914729683,
      0.020521765560737953
    ]
  },
  "elapsed": 4.0448975
}