{
  "scenario": 4,
  "fracPos": 0.25,
  "fracNeg": 0.25,
  "rho_sign": 0,
  "FDRmethod": "BH1995",
  "numTests": 20,
  "numRealizations": 100000,
  "effectSize": 3,
  "CImethod": "Wald",
  "q": 0.05,
  "alpha": 0.05,
  "seed": "shuffle",
  "BothSides": {
    "canonical": [
      0.11518497577422619,
      0.11474234097027636,
      0.11562761057817603
    ],
    "combined": [
      0.11103855835830878,
      0.11059820880849366,
      0.1114789079081239
    ],
    "twotailed": [
      0.11103855835830878,
      0.11059820880849366,
      0.1114789079081239
    ],
    "split2tail": [
      0.11332986369186412,
      0.11289066794260598,
      0.11376905944112227
    ]
  },
  "PosSide": {
    "canonical": [
      0.022119769841269833,
      0.021696313975990065,
      0.0225432257065496
    ],
    "combined": [
      0.022153170634920626,
      0.021724877509677071,
      0.022581463760164181
    ],
    "twotailed": [
      0.022153170634920626,
      0.021724877509677071,
      0.022581463760164181
    ],
    "split2tail": [
      0.022543289682539672,
      0.022118988640344867,
      0.022967590724734477
    ]
  },
  "NegSide": {
    "canonical": [
      0.18495058333333275,
      0.18420705665535769,
      0.18569411001130781
    ],
    "combined": [
      0.18234634920634871,
      0.18159904655278275,
      0.18309365185991466
    ],
    "twotailed": [
      0.18234634920634871,
      0.18159904655278275,
      0.18309365185991466
    ],
    "split2tail": [
      0.18339014285714234,
      0.18263762068327452,
      0.18414266503101015
    ]
  },
  "elapsed": 15.455297542
}