{
  "fracPos": 0.25,
  "fracNeg": 0,
  "rho": 0,
  "FDRmethod": "BH1995",
  "numTests": 1000,
  "numRealizations": 1000,
  "effectSize": 3,
  "CImethod": "Wald",
  "q": 0.05,
  "alpha": 0.05,
  "seed": "shuffle",
  "BothSides": {
    "canonical": [
      0.038111332774303522,
      0.03726989624109453,
      0.038952769307512514
    ],
    "twotailed": [
      0.037997222633172213,
      0.037068921439383923,
      0.038925523826960504
    ],
    "combined": [
      0.037997222633172213,
      0.037068921439383923,
      0.038925523826960504
    ],
    "twice": [
      0.0382678266956519,
      0.037424683763111852,
      0.039110969628191952
    ],
    "sidaktwice": [
      0.019327823037032465,
      0.018669130692739826,
      0.019986515381325103
    ],
    "split1tail": [
      0.061119257722188493,
      0.060131186883656845,
      0.06210732856072014
    ],
    "split2tail": [
      0.030944226193018173,
      0.030175108423176829,
      0.031713343962859512
    ]
  },
  "PosSide": {
    "canonical": [
      0.038111332774303522,
      0.03726989624109453,
      0.038952769307512514
    ],
    "twotailed": [
      0.019570921676603844,
      0.018906247592239814,
      0.020235595760967874
    ],
    "combined": [
      0.019570921676603844,
      0.018906247592239814,
      0.020235595760967874
    ],
    "twice": [
      0.038111332774303522,
      0.03726989624109453,
      0.038952769307512514
    ],
    "sidaktwice": [
      0.019233222144762384,
      0.018577465602068716,
      0.019888978687456052
    ],
    "split1tail": [
      0.060568256910700058,
      0.05958641674377764,
      0.061550097077622476
    ],
    "split2tail": [
      0.030731424800807317,
      0.029965923080342408,
      0.031496926521272228
    ]
  },
  "NegSide": {
    "canonical": [
      0,
      0,
      0
    ],
    "twotailed": [
      0.962,
      0.95014382280889487,
      0.97385617719110507
    ],
    "combined": [
      0.962,
      0.95014382280889487,
      0.97385617719110507
    ],
    "twice": [
      0.028,
      0.017769956155466754,
      0.038230043844533247
    ],
    "sidaktwice": [
      0.013,
      0.0059758205300866748,
      0.020024179469913323
    ],
    "split1tail": [
      0.096,
      0.077732244988278215,
      0.11426775501172179
    ],
    "split2tail": [
      0.036,
      0.024448054953917216,
      0.047551945046082775
    ]
  },
  "elapsed": 1.488309292
}