{
  "scenario": 5,
  "fracPos": 0.1,
  "fracNeg": 0.4,
  "rho_sign": 0,
  "FDRmethod": "BH1995",
  "numTests": 2000,
  "numRealizations": 2000,
  "effectSize": 3,
  "CImethod": "Wald",
  "q": 0.05,
  "alpha": 0.05,
  "seed": "shuffle",
  "BothSides": {
    "canonical": [
      0.025816905596216053,
      0.025572750209926554,
      0.026061060982505553
    ],
    "combined": [
      0.025625365075534055,
      0.025374640484189123,
      0.025876089666878987
    ],
    "twotailed": [
      0.025625365075534055,
      0.025374640484189123,
      0.025876089666878987
    ],
    "split2tail": [
      0.02287660045399147,
      0.022637646371176084,
      0.023115554536806856
    ],
    "reviewer1": [
      0.011943052383333952,
      0.01175665070981096,
      0.012129454056856944
    ],
    "reviewer2": [
      0.01349234996372127,
      0.013302520189587393,
      0.013682179737855148
    ]
  },
  "PosSide": {
    "canonical": [
      0.024649303034038776,
      0.024023744343326808,
      0.025274861724750745
    ],
    "combined": [
      0.059626583657985323,
      0.058820986392697852,
      0.060432180923272794
    ],
    "twotailed": [
      0.059626583657985323,
      0.058820986392697852,
      0.060432180923272794
    ],
    "split2tail": [
      0.034967619361919174,
      0.034273636602608536,
      0.035661602121229811
    ],
    "reviewer1": [
      0.017876033943098717,
      0.017299998958735227,
      0.018452068927462206
    ],
    "reviewer2": [
      0.012611158745578187,
      0.012116628998459406,
      0.013105688492696967
    ]
  },
  "NegSide": {
    "canonical": [
      0.025983613618733997,
      0.025716412660801304,
      0.026250814576666691
    ],
    "combined": [
      0.016692375332411837,
      0.016463910832611419,
      0.016920839832212254
    ],
    "twotailed": [
      0.016692375332411837,
      0.016463910832611419,
      0.016920839832212254
    ],
    "split2tail": [
      0.020193528550359385,
      0.019946830099454745,
      0.020440227001264025
    ],
    "reviewer1": [
      0.010686561335998936,
      0.010495179723613829,
      0.010877942948384043
    ],
    "reviewer2": [
      0.013611199181923914,
      0.013401967769908983,
      0.013820430593938846
    ]
  },
  "elapsed": 4.2313010833333333
}