{
  "scenario": 5,
  "fracPos": 0.1,
  "fracNeg": 0.4,
  "rho_sign": 0,
  "FDRmethod": "BH1995",
  "numTests": 2000,
  "numRealizations": 2000,
  "effectSize": 3,
  "CImethod": "Wald",
  "q": 0.05,
  "alpha": 0.05,
  "seed": "shuffle",
  "BothSides": {
    "canonical": [
      0.025924563716943964,
      0.025675073305020286,
      0.026174054128867641
    ],
    "combined": [
      0.025697425386064666,
      0.02544283219498333,
      0.025952018577146
    ],
    "twotailed": [
      0.025697425386064666,
      0.02544283219498333,
      0.025952018577146
    ],
    "split2tail": [
      0.023088374639236086,
      0.022849047164177634,
      0.023327702114294538
    ]
  },
  "PosSide": {
    "canonical": [
      0.024102141490014928,
      0.023484298991060294,
      0.024719983988969563
    ],
    "combined": [
      0.05905411183778729,
      0.058231326625752672,
      0.059876897049821909
    ],
    "twotailed": [
      0.05905411183778729,
      0.058231326625752672,
      0.059876897049821909
    ],
    "split2tail": [
      0.034951475892569764,
      0.0342364849723626,
      0.03566646681277693
    ]
  },
  "NegSide": {
    "canonical": [
      0.026215911052395274,
      0.025946536950696212,
      0.026485285154094335
    ],
    "combined": [
      0.016907299468590608,
      0.016683679652386676,
      0.01713091928479454
    ],
    "twotailed": [
      0.016907299468590608,
      0.016683679652386676,
      0.01713091928479454
    ],
    "split2tail": [
      0.020435613646611731,
      0.020192656075103059,
      0.020678571218120403
    ]
  },
  "elapsed": 4.3632809166666666
}