{
  "scenario": 4,
  "fracPos": 0.25,
  "fracNeg": 0.25,
  "rho": 0,
  "FDRmethod": "BH1995",
  "numTests": 2000,
  "numRealizations": 2000,
  "effectSize": 3,
  "CImethod": "Wald",
  "q": 0.05,
  "alpha": 0.05,
  "seed": "shuffle",
  "BothSides": {
    "canonical": [
      0.7639884999999994,
      0.76319698211938,
      0.76478001788061878
    ],
    "combined": [
      0.76394549999999961,
      0.76315507156522844,
      0.76473592843477078
    ],
    "twotailed": [
      0.76394549999999961,
      0.76315507156522844,
      0.76473592843477078
    ],
    "split2tail": [
      0.76402749999999953,
      0.76323546955160526,
      0.76481953044839379
    ],
    "canonicalbb": [
      0.7639884999999994,
      0.76319698211938,
      0.76478001788061878
    ],
    "split2tailbb": [
      0.76402749999999953,
      0.76323546955160526,
      0.76481953044839379
    ]
  },
  "PosSide": {
    "canonical": [
      0.76365407553015,
      0.762571070472178,
      0.764737080588122
    ],
    "combined": [
      0.76388352348863842,
      0.76288966087246635,
      0.76487738610481049
    ],
    "twotailed": [
      0.76388352348863842,
      0.76288966087246635,
      0.76487738610481049
    ],
    "split2tail": [
      0.76379362826208552,
      0.76270374731187252,
      0.76488350921229853
    ],
    "canonicalbb": [
      0.76365407553015,
      0.762571070472178,
      0.764737080588122
    ],
    "split2tailbb": [
      0.76379362826208552,
      0.76270374731187252,
      0.76488350921229853
    ]
  },
  "NegSide": {
    "canonical": [
      0.76637560071326916,
      0.76525506153829392,
      0.76749613988824439
    ],
    "combined": [
      0.76606048453399334,
      0.7650356695992494,
      0.76708529946873727
    ],
    "twotailed": [
      0.76606048453399334,
      0.7650356695992494,
      0.76708529946873727
    ],
    "split2tail": [
      0.76631454096485241,
      0.76519679407920993,
      0.76743228785049489
    ],
    "canonicalbb": [
      0.76637560071326916,
      0.76525506153829392,
      0.76749613988824439
    ],
    "split2tailbb": [
      0.76631454096485241,
      0.76519679407920993,
      0.76743228785049489
    ]
  },
  "elapsed": 4.5646820416666669
}