{
  "scenario": 2,
  "fracPos": 0.25,
  "fracNeg": 0,
  "rho": 0,
  "FDRmethod": "BH1995",
  "numTests": 2000,
  "numRealizations": 2000,
  "effectSize": 3,
  "CImethod": "Wald",
  "q": 0.05,
  "alpha": 0.05,
  "seed": "shuffle",
  "BothSides": {
    "canonical": [
      0.037740958755444358,
      0.0373088532989641,
      0.038173064211924616
    ],
    "combined": [
      0.037551758714758139,
      0.037091744746077966,
      0.038011772683438312
    ],
    "twotailed": [
      0.037551758714758139,
      0.037091744746077966,
      0.038011772683438312
    ],
    "split2tail": [
      0.030163427958410243,
      0.029767988018910639,
      0.030558867897909847
    ],
    "canonicalbb": [
      0.019835349894029037,
      0.019453749267853065,
      0.020216950520205008
    ],
    "split2tailbb": [
      0.016121065502791375,
      0.0157709991709749,
      0.016471131834607848
    ]
  },
  "PosSide": {
    "canonical": [
      0.037625156590718231,
      0.037193319746925316,
      0.038056993434511147
    ],
    "combined": [
      0.019241794691217187,
      0.018906777902808741,
      0.019576811479625634
    ],
    "twotailed": [
      0.019241794691217187,
      0.018906777902808741,
      0.019576811479625634
    ],
    "split2tail": [
      0.030010829702919913,
      0.029615904073122017,
      0.030405755332717808
    ],
    "canonicalbb": [
      0.01971954772930291,
      0.019348848807301991,
      0.020090246651303829
    ],
    "split2tailbb": [
      0.015968467247301048,
      0.015630970292582116,
      0.01630596420201998
    ]
  },
  "NegSide": {
    "canonical": [
      0.042,
      0.033206756621173034,
      0.050793243378826972
    ],
    "combined": [
      0.996,
      0.99323304969726389,
      0.9987669503027361
    ],
    "twotailed": [
      0.996,
      0.99323304969726389,
      0.9987669503027361
    ],
    "split2tail": [
      0.051,
      0.041355940342639716,
      0.060644059657360277
    ],
    "canonicalbb": [
      0.042,
      0.033206756621173034,
      0.050793243378826972
    ],
    "split2tailbb": [
      0.051,
      0.041355940342639716,
      0.060644059657360277
    ]
  },
  "elapsed": 3.9934660833333333
}