{
  "scenario": 3,
  "fracPos": 0,
  "fracNeg": 0.25,
  "rho": 0,
  "FDRmethod": "BH1995",
  "numTests": 2000,
  "numRealizations": 2000,
  "effectSize": 3,
  "CImethod": "Wald",
  "q": 0.05,
  "alpha": 0.05,
  "seed": "shuffle",
  "BothSides": {
    "canonical": [
      0.77756899999999951,
      0.77642376899332644,
      0.77871423100667259
    ],
    "combined": [
      0.66801400000000011,
      0.666721931453394,
      0.66930606854660624
    ],
    "twotailed": [
      0.66801400000000011,
      0.666721931453394,
      0.66930606854660624
    ],
    "split2tail": [
      0.73648399999999981,
      0.73530433285761077,
      0.73766366714238885
    ],
    "canonicalbb": [
      0.65802899999999931,
      0.65633183473290158,
      0.659726165267097
    ],
    "split2tailbb": [
      0.61959500000000045,
      0.61782763020162856,
      0.62136236979837234
    ]
  },
  "PosSide": {
    "canonical": [
      null,
      null,
      null
    ],
    "combined": [
      null,
      null,
      null
    ],
    "twotailed": [
      null,
      null,
      null
    ],
    "split2tail": [
      null,
      null,
      null
    ],
    "canonicalbb": [
      null,
      null,
      null
    ],
    "split2tailbb": [
      null,
      null,
      null
    ]
  },
  "NegSide": {
    "canonical": [
      0.77853959952621843,
      0.77739424236566512,
      0.77968495668677174
    ],
    "combined": [
      0.6562952651798768,
      0.65505390319836743,
      0.65753662716138617
    ],
    "twotailed": [
      0.6562952651798768,
      0.65505390319836743,
      0.65753662716138617
    ],
    "split2tail": [
      0.7373821587061099,
      0.7362018259955071,
      0.73856249141671271
    ],
    "canonicalbb": [
      0.65883403640138349,
      0.65714951713468239,
      0.66051855566808459
    ],
    "split2tailbb": [
      0.620332019430123,
      0.61857753816926619,
      0.6220865006909797
    ]
  },
  "elapsed": 4.0240882083333336
}