{
  "effectSize": 3,
  "fracPos": 0,
  "fracNeg": 0,
  "rho": 0,
  "FDRmethod": "BH1995",
  "numTests": 1000,
  "numRealizations": 1000,
  "CImethod": "Wald",
  "q": 0.05,
  "alpha": 0.05,
  "seed": "shuffle",
  "BothSides": {
    "canonical": [
      0.042,
      0.029561364352702721,
      0.054438635647297284
    ],
    "twotailed": [
      0.043,
      0.030420726966933882,
      0.055579273033066111
    ],
    "combined": [
      0.043,
      0.030420726966933882,
      0.055579273033066111
    ],
    "twice": [
      0.091,
      0.07316521062919723,
      0.10883478937080276
    ],
    "sidaktwice": [
      0.043,
      0.030420726966933882,
      0.055579273033066111
    ],
    "split1tail": [
      0.186,
      0.16187129457028229,
      0.2101287054297177
    ],
    "split2tail": [
      0.092,
      0.0740773516083455,
      0.1099226483916545
    ]
  },
  "PosSide": {
    "canonical": [
      0.042,
      0.029561364352702721,
      0.054438635647297284
    ],
    "twotailed": [
      0.017,
      0.0089838365018015259,
      0.025016163498198477
    ],
    "combined": [
      0.017,
      0.0089838365018015259,
      0.025016163498198477
    ],
    "twice": [
      0.042,
      0.029561364352702721,
      0.054438635647297284
    ],
    "sidaktwice": [
      0.017,
      0.0089838365018015259,
      0.025016163498198477
    ],
    "split1tail": [
      0.091,
      0.073165210629197244,
      0.10883478937080275
    ],
    "split2tail": [
      0.044,
      0.031281946976585429,
      0.056718053023414566
    ]
  },
  "NegSide": {
    "canonical": [
      0,
      0,
      0
    ],
    "twotailed": [
      0.027,
      0.016949130153906158,
      0.037050869846093841
    ],
    "combined": [
      0.027,
      0.016949130153906158,
      0.037050869846093841
    ],
    "twice": [
      0.05,
      0.036485121312830826,
      0.06351487868716918
    ],
    "sidaktwice": [
      0.026,
      0.016131946409908636,
      0.035868053590091362
    ],
    "split1tail": [
      0.1,
      0.081396845126868775,
      0.11860315487313124
    ],
    "split2tail": [
      0.049,
      0.035613912934974665,
      0.062386087065025339
    ]
  }
}