{
  "effectSize": 2,
  "fracPos": 0,
  "fracNeg": 0,
  "rho": 0,
  "FDRmethod": "BH1995",
  "numTests": 1000,
  "numRealizations": 1000,
  "CImethod": "Wald",
  "q": 0.05,
  "alpha": 0.05,
  "seed": "shuffle",
  "BothSides": {
    "canonical": [
      0.047,
      0.033876166068760039,
      0.060123833931239962
    ],
    "twotailed": [
      0.059,
      0.044388790614537606,
      0.0736112093854624
    ],
    "combined": [
      0.059,
      0.044388790614537606,
      0.0736112093854624
    ],
    "twice": [
      0.094,
      0.0759035506110707,
      0.11209644938892931
    ],
    "split1tail": [
      0.175,
      0.15143804373527664,
      0.19856195626472334
    ],
    "split2tail": [
      0.095,
      0.076817590310101658,
      0.11318240968989834
    ]
  },
  "PosSide": {
    "canonical": [
      0.047,
      0.033876166068760039,
      0.060123833931239962
    ],
    "twotailed": [
      0.029,
      0.018594236267780402,
      0.0394057637322196
    ],
    "combined": [
      0.029,
      0.018594236267780402,
      0.0394057637322196
    ],
    "twice": [
      0.047,
      0.033876166068760039,
      0.060123833931239962
    ],
    "split1tail": [
      0.089,
      0.071342893409842192,
      0.1066571065901578
    ],
    "split2tail": [
      0.048,
      0.034744245880081875,
      0.061255754119918127
    ]
  },
  "NegSide": {
    "canonical": [
      0,
      0,
      0
    ],
    "twotailed": [
      0.031,
      0.020252484444978139,
      0.041747515555021861
    ],
    "combined": [
      0.031,
      0.020252484444978139,
      0.041747515555021861
    ],
    "twice": [
      0.048,
      0.034744245880081862,
      0.06125575411991814
    ],
    "split1tail": [
      0.09,
      0.072253721296489465,
      0.10774627870351053
    ],
    "split2tail": [
      0.048,
      0.034744245880081862,
      0.06125575411991814
    ]
  }
}