{
  "scenario": 3,
  "fracPos": 0,
  "fracNeg": 0.25,
  "rho": 0,
  "FDRmethod": "BH1995",
  "numTests": 2000,
  "numRealizations": 2000,
  "effectSize": 3,
  "CImethod": "Wilson",
  "q": 0.05,
  "alpha": 0.05,
  "seed": "shuffle",
  "BothSides": {
    "canonical": [
      0.039313551099042374,
      0.031642002426476037,
      0.048751415180360011
    ],
    "combined": [
      0.039137941207141369,
      0.031484846411050191,
      0.048558024716915504
    ],
    "twotailed": [
      0.039137941207141369,
      0.031484846411050191,
      0.048558024716915504
    ],
    "split2tail": [
      0.031903530027562847,
      0.02505398417910543,
      0.040547802006269784
    ]
  },
  "PosSide": {
    "canonical": [
      0.037,
      0.02957530482962914,
      0.046199880952811079
    ],
    "combined": [
      0.998,
      0.99486864821492316,
      0.999221972692949
    ],
    "twotailed": [
      0.998,
      0.99486864821492316,
      0.999221972692949
    ],
    "split2tail": [
      0.0465,
      0.038109068511208252,
      0.05662969337288816
    ]
  },
  "NegSide": {
    "canonical": [
      0.03921344205259264,
      0.031552407734544555,
      0.048641175606942685
    ],
    "combined": [
      0.0209627116420328,
      0.015541692793384052,
      0.028220404753212389
    ],
    "twotailed": [
      0.0209627116420328,
      0.015541692793384052,
      0.028220404753212389
    ],
    "split2tail": [
      0.031768414319852632,
      0.024934766656784797,
      0.040397306159570219
    ]
  },
  "elapsed": 4.270656833
}