{
  "scenario": 2,
  "fracPos": 0.25,
  "fracNeg": 0,
  "rho": 0,
  "FDRmethod": "BH1995",
  "numTests": 2000,
  "numRealizations": 2000,
  "effectSize": 3,
  "CImethod": "Wald",
  "q": 0.05,
  "alpha": 0.05,
  "seed": "shuffle",
  "BothSides": {
    "canonical": [
      0.037745093472391196,
      0.037312421659828308,
      0.038177765284954084
    ],
    "combined": [
      0.037641664462015285,
      0.037171846862584394,
      0.038111482061446177
    ],
    "twotailed": [
      0.037641664462015285,
      0.037171846862584394,
      0.038111482061446177
    ],
    "split2tail": [
      0.030348160099693013,
      0.029954541232176449,
      0.030741778967209577
    ]
  },
  "PosSide": {
    "canonical": [
      0.037669350772236668,
      0.037237354744466329,
      0.038101346800007006
    ],
    "combined": [
      0.019254846481385833,
      0.018919808876438245,
      0.019589884086333421
    ],
    "twotailed": [
      0.019254846481385833,
      0.018919808876438245,
      0.019589884086333421
    ],
    "split2tail": [
      0.030233179087712454,
      0.029840688426626516,
      0.030625669748798393
    ]
  },
  "NegSide": {
    "canonical": [
      0.028,
      0.020768076190044452,
      0.035231923809955552
    ],
    "combined": [
      0.998,
      0.99604150727600849,
      0.99995849272399151
    ],
    "twotailed": [
      0.998,
      0.99604150727600849,
      0.99995849272399151
    ],
    "split2tail": [
      0.04,
      0.031409720271712217,
      0.048590279728287784
    ]
  },
  "elapsed": 3.305806083
}