{
  "scenario": 4,
  "fracPos": 0.25,
  "fracNeg": 0.25,
  "rho_sign": 0,
  "FDRmethod": "BH1995",
  "numTests": 2000,
  "numRealizations": 2000,
  "effectSize": 3,
  "CImethod": "Wald",
  "q": 0.05,
  "alpha": 0.05,
  "seed": "shuffle",
  "BothSides": {
    "canonical": [
      0.026195053722193926,
      0.025944788920567272,
      0.02644531852382058
    ],
    "combined": [
      0.026137032809323325,
      0.025887156491939966,
      0.026386909126706683
    ],
    "twotailed": [
      0.026137032809323325,
      0.025887156491939966,
      0.026386909126706683
    ],
    "split2tail": [
      0.026186521090586948,
      0.025936463460023079,
      0.026436578721150818
    ],
    "reviewer1": [
      0.013593673978618119,
      0.013401194417340197,
      0.013786153539896042
    ],
    "reviewer2": [
      0.013617907150171768,
      0.013425248517196724,
      0.013810565783146812
    ]
  },
  "PosSide": {
    "canonical": [
      0.025073379028725935,
      0.024719097333960095,
      0.025427660723491775
    ],
    "combined": [
      0.02504298024475507,
      0.024692510695685253,
      0.025393449793824886
    ],
    "twotailed": [
      0.02504298024475507,
      0.024692510695685253,
      0.025393449793824886
    ],
    "split2tail": [
      0.025072331514581516,
      0.024720275993459752,
      0.02542438703570328
    ],
    "reviewer1": [
      0.012614577664370824,
      0.012342796531721042,
      0.012886358797020606
    ],
    "reviewer2": [
      0.012613018144845427,
      0.012341513147578906,
      0.012884523142111949
    ]
  },
  "NegSide": {
    "canonical": [
      0.027246031666672714,
      0.02688794027564359,
      0.027604123057701838
    ],
    "combined": [
      0.027191696417429492,
      0.026838163667666386,
      0.027545229167192598
    ],
    "twotailed": [
      0.027191696417429492,
      0.026838163667666386,
      0.027545229167192598
    ],
    "split2tail": [
      0.027238538244129324,
      0.026883532607146782,
      0.027593543881111866
    ],
    "reviewer1": [
      0.014534024958928081,
      0.014260780630199256,
      0.014807269287656905
    ],
    "reviewer2": [
      0.014581890184290597,
      0.014307156550233185,
      0.014856623818348009
    ]
  },
  "elapsed": 4.2814631666666667
}