{
  "scenario": 4,
  "fracPos": 0.25,
  "fracNeg": 0.25,
  "rho": 0,
  "FDRmethod": "BH1995",
  "numTests": 2000,
  "numRealizations": 2000,
  "effectSize": 3,
  "CImethod": "Wald",
  "q": 0.05,
  "alpha": 0.05,
  "seed": "shuffle",
  "BothSides": {
    "canonical": [
      0.025972971658545504,
      0.025722808756681904,
      0.026223134560409103
    ],
    "combined": [
      0.02595426749796997,
      0.025703871968224632,
      0.026204663027715309
    ],
    "twotailed": [
      0.02595426749796997,
      0.025703871968224632,
      0.026204663027715309
    ],
    "split2tail": [
      0.025978708459819155,
      0.025728498602792773,
      0.026228918316845536
    ]
  },
  "PosSide": {
    "canonical": [
      0.024865357242199727,
      0.024509994472606426,
      0.025220720011793027
    ],
    "combined": [
      0.024878957869488069,
      0.024527382743643553,
      0.025230532995332584
    ],
    "twotailed": [
      0.024878957869488069,
      0.024527382743643553,
      0.025230532995332584
    ],
    "split2tail": [
      0.024879068063236909,
      0.024525373553262186,
      0.025232762573211633
    ]
  },
  "NegSide": {
    "canonical": [
      0.026993085591709931,
      0.026639693399667253,
      0.027346477783752609
    ],
    "combined": [
      0.026978121581924516,
      0.026629341867196493,
      0.02732690129665254
    ],
    "twotailed": [
      0.026978121581924516,
      0.026629341867196493,
      0.02732690129665254
    ],
    "split2tail": [
      0.026992866332779669,
      0.026639327728245194,
      0.027346404937314144
    ]
  },
  "elapsed": 3.415964542
}