{
  "scenario": 4,
  "fracPos": 0.25,
  "fracNeg": 0.25,
  "rho": 0,
  "FDRmethod": "BH1995",
  "numTests": 2000,
  "numRealizations": 2000,
  "effectSize": 3,
  "CImethod": "Wald",
  "q": 0.05,
  "alpha": 0.05,
  "seed": "shuffle",
  "BothSides": {
    "canonical": [
      0.026122071906629248,
      0.025870229259500412,
      0.026373914553758083
    ],
    "combined": [
      0.026092552027497658,
      0.02584045242138135,
      0.026344651633613967
    ],
    "twotailed": [
      0.026092552027497658,
      0.02584045242138135,
      0.026344651633613967
    ],
    "split2tail": [
      0.026109855005195776,
      0.025858842092014857,
      0.026360867918376694
    ],
    "canonicalbb": [
      0.026122071906629248,
      0.025870229259500412,
      0.026373914553758083
    ],
    "split2tailbb": [
      0.026109855005195776,
      0.025858842092014857,
      0.026360867918376694
    ]
  },
  "PosSide": {
    "canonical": [
      0.025039659661054758,
      0.02467768776953717,
      0.025401631552572346
    ],
    "combined": [
      0.025033600187322556,
      0.024675771276311338,
      0.025391429098333775
    ],
    "twotailed": [
      0.025033600187322556,
      0.024675771276311338,
      0.025391429098333775
    ],
    "split2tail": [
      0.025042294878165814,
      0.02468119710336689,
      0.025403392652964738
    ],
    "canonicalbb": [
      0.025039659661054758,
      0.02467768776953717,
      0.025401631552572346
    ],
    "split2tailbb": [
      0.025042294878165814,
      0.02468119710336689,
      0.025403392652964738
    ]
  },
  "NegSide": {
    "canonical": [
      0.027124085649724534,
      0.026764517420920227,
      0.02748365387852884
    ],
    "combined": [
      0.027102774727590557,
      0.026744512265009825,
      0.027461037190171289
    ],
    "twotailed": [
      0.027102774727590557,
      0.026744512265009825,
      0.027461037190171289
    ],
    "split2tail": [
      0.027100311052721045,
      0.026742230472669916,
      0.027458391632772174
    ],
    "canonicalbb": [
      0.027124085649724534,
      0.026764517420920227,
      0.02748365387852884
    ],
    "split2tailbb": [
      0.027100311052721045,
      0.026742230472669916,
      0.027458391632772174
    ]
  },
  "elapsed": 4.41843525
}