{
  "effectSize": 3,
  "fracPos": 0,
  "fracNeg": 0,
  "rho": 0,
  "FDRmethod": "BH1995",
  "numTests": 2000,
  "numRealizations": 2000,
  "CImethod": "Wald",
  "q": 0.05,
  "alpha": 0.05,
  "seed": "shuffle",
  "BothSides": {
    "canonical": [
      0.048,
      0.038629111145991768,
      0.057370888854008234
    ],
    "twotailed": [
      0.0475,
      0.038175597955035542,
      0.056824402044964459
    ],
    "combined": [
      0.0475,
      0.038175597955035542,
      0.056824402044964459
    ],
    "twice": [
      0.0955,
      0.082616090506164308,
      0.1083839094938357
    ],
    "sidaktwice": [
      0.047,
      0.037722369470981704,
      0.0562776305290183
    ],
    "split1tail": [
      0.1815,
      0.16460378798220554,
      0.19839621201779445
    ],
    "split2tail": [
      0.0935,
      0.0807376278752354,
      0.1062623721247646
    ]
  },
  "PosSide": {
    "canonical": [
      0.048,
      0.038629111145991768,
      0.057370888854008234
    ],
    "twotailed": [
      0.025,
      0.018155936880975006,
      0.031844063119025
    ],
    "combined": [
      0.025,
      0.018155936880975006,
      0.031844063119025
    ],
    "twice": [
      0.048,
      0.038629111145991768,
      0.057370888854008234
    ],
    "sidaktwice": [
      0.024,
      0.017290777053619266,
      0.030709222946380735
    ],
    "split1tail": [
      0.1,
      0.0868488736987005,
      0.11315112630129952
    ],
    "split2tail": [
      0.047,
      0.037722369470981704,
      0.0562776305290183
    ]
  },
  "NegSide": {
    "canonical": [
      0,
      0,
      0
    ],
    "twotailed": [
      0.025,
      0.018155936880975,
      0.031844063119025004
    ],
    "combined": [
      0.025,
      0.018155936880975,
      0.031844063119025004
    ],
    "twice": [
      0.05,
      0.040445928243149243,
      0.059554071756850763
    ],
    "sidaktwice": [
      0.0235,
      0.016859332295614239,
      0.030140667704385761
    ],
    "split1tail": [
      0.0955,
      0.082616090506164308,
      0.1083839094938357
    ],
    "split2tail": [
      0.049,
      0.039536974890931012,
      0.058463025109068992
    ]
  },
  "elapsed": 7.373576458
}