{
  "fracPos": 0.25,
  "fracNeg": 0.25,
  "rho": 0,
  "FDRmethod": "BH1995",
  "numTests": 1000,
  "numRealizations": 1000,
  "effectSize": 3,
  "CImethod": "Wald",
  "q": 0.05,
  "alpha": 0.05,
  "seed": "shuffle",
  "BothSides": {
    "canonical": [
      0.024953456870853666,
      0.024276008661203288,
      0.025630905080504043
    ],
    "twotailed": [
      0.027265676086210697,
      0.026774521058461176,
      0.027756831113960219
    ],
    "combined": [
      0.027265676086210697,
      0.026774521058461176,
      0.027756831113960219
    ],
    "twice": [
      0.027243928752403147,
      0.026752060724135121,
      0.027735796780671174
    ],
    "sidaktwice": [
      0.014800984555516086,
      0.01441225301116494,
      0.015189716099867231
    ],
    "split1tail": [
      0.052221612526815855,
      0.051573879460408659,
      0.052869345593223052
    ],
    "split2tail": [
      0.02724835943030789,
      0.026757987457166753,
      0.027738731403449027
    ]
  },
  "PosSide": {
    "canonical": [
      0.024953456870853666,
      0.024276008661203288,
      0.025630905080504043
    ],
    "twotailed": [
      0.02504961568600075,
      0.024374869006472056,
      0.025724362365529444
    ],
    "combined": [
      0.02504961568600075,
      0.024374869006472056,
      0.025724362365529444
    ],
    "twice": [
      0.024953456870853666,
      0.024276008661203288,
      0.025630905080504043
    ],
    "sidaktwice": [
      0.01246827806746564,
      0.011919839837508021,
      0.013016716297423259
    ],
    "split1tail": [
      0.049986293180903869,
      0.049098449269689474,
      0.050874137092118264
    ],
    "split2tail": [
      0.024973002738364034,
      0.0242923027508109,
      0.025653702725917167
    ]
  },
  "NegSide": {
    "canonical": [
      0,
      0,
      0
    ],
    "twotailed": [
      0.029388378644580406,
      0.028687801236802139,
      0.030088956052358673
    ],
    "combined": [
      0.029388378644580406,
      0.028687801236802139,
      0.030088956052358673
    ],
    "twice": [
      0.029379069035749248,
      0.028671162385803643,
      0.030086975685694854
    ],
    "sidaktwice": [
      0.017007314135645397,
      0.016442092510186267,
      0.017572535761104527
    ],
    "split1tail": [
      0.0542409183434213,
      0.053353062183113323,
      0.055128774503729272
    ],
    "split2tail": [
      0.029376172462679376,
      0.028670045345044942,
      0.030082299580313811
    ]
  }
}