{
  "scenario": 5,
  "fracPos": 0.1,
  "fracNeg": 0.4,
  "rho_sign": 0,
  "FDRmethod": "BH1995",
  "numTests": 20,
  "numRealizations": 20000,
  "effectSize": 3,
  "CImethod": "Wald",
  "q": 0.05,
  "alpha": 0.05,
  "seed": "shuffle",
  "BothSides": {
    "canonical": [
      0.11764743131868032,
      0.1167409656156153,
      0.11855389702174533
    ],
    "combined": [
      0.11101137029636975,
      0.11003188468828239,
      0.11199085590445711
    ],
    "twotailed": [
      0.11101137029636975,
      0.11003188468828239,
      0.11199085590445711
    ],
    "split2tail": [
      0.11314325702075628,
      0.1122031955438971,
      0.11408331849761547
    ]
  },
  "PosSide": {
    "canonical": [
      0.021710833333333283,
      0.020336229815835011,
      0.023085436850831555
    ],
    "combined": [
      0.043542500000000171,
      0.041635685142031961,
      0.045449314857968381
    ],
    "twotailed": [
      0.043542500000000171,
      0.041635685142031961,
      0.045449314857968381
    ],
    "split2tail": [
      0.032540833333333359,
      0.030940477946398585,
      0.034141188720268133
    ]
  },
  "NegSide": {
    "canonical": [
      0.13098225108224854,
      0.12998479591619991,
      0.13197970624829716
    ],
    "combined": [
      0.12302512265512175,
      0.12192638553039112,
      0.12412385977985238
    ],
    "twotailed": [
      0.12302512265512175,
      0.12192638553039112,
      0.12412385977985238
    ],
    "split2tail": [
      0.12555906024530872,
      0.12450177241880526,
      0.12661634807181218
    ]
  },
  "elapsed": 3.175928083
}