{
  "fracPos": 0.1,
  "fracNeg": 0.4,
  "rho": 0,
  "FDRmethod": "BH1995",
  "numTests": 1000,
  "numRealizations": 1000,
  "effectSize": 2,
  "CImethod": "Wald",
  "q": 0.05,
  "alpha": 0.05,
  "seed": "shuffle",
  "BothSides": {
    "canonical": [
      0.023045151059026069,
      0.019855080359721042,
      0.026235221758331095
    ],
    "twotailed": [
      0.026230170417345797,
      0.025301641256281114,
      0.027158699578410481
    ],
    "combined": [
      0.026230170417345797,
      0.025301641256281114,
      0.027158699578410481
    ],
    "twice": [
      0.027296909559879404,
      0.026468554644921004,
      0.028125264474837805
    ],
    "split1tail": [
      0.0454624574095626,
      0.044517847439464804,
      0.04640706737966039
    ],
    "split2tail": [
      0.023617663476645939,
      0.022783560770081882,
      0.024451766183209996
    ]
  },
  "PosSide": {
    "canonical": [
      0.023045151059026069,
      0.019855080359721042,
      0.026235221758331095
    ],
    "twotailed": [
      0.056639224928102638,
      0.0535776055831009,
      0.059700844273104375
    ],
    "combined": [
      0.056639224928102638,
      0.0535776055831009,
      0.059700844273104375
    ],
    "twice": [
      0.023045151059026069,
      0.019855080359721042,
      0.026235221758331095
    ],
    "split1tail": [
      0.066589762238795286,
      0.063461301007364912,
      0.06971822347022566
    ],
    "split2tail": [
      0.031851487091643406,
      0.028831226778612964,
      0.034871747404673845
    ]
  },
  "NegSide": {
    "canonical": [
      0,
      0,
      0
    ],
    "twotailed": [
      0.018156768131282482,
      0.017311841209080969,
      0.019001695053483994
    ],
    "combined": [
      0.018156768131282482,
      0.017311841209080969,
      0.019001695053483994
    ],
    "twice": [
      0.027412429541362564,
      0.026547476203449757,
      0.028277382879275371
    ],
    "split1tail": [
      0.041461583583687053,
      0.040514268228440453,
      0.042408898938933653
    ],
    "split2tail": [
      0.021937569136849824,
      0.021087803250810531,
      0.022787335022889117
    ]
  }
}