{
  "scenario": 13,
  "fracPos": 0,
  "fracNeg": 0.25,
  "rho_sign": -1,
  "FDRmethod": "BH1995",
  "numTests": 20,
  "numRealizations": 20000,
  "effectSize": 3,
  "CImethod": "Wald",
  "q": 0.05,
  "alpha": 0.05,
  "seed": "shuffle",
  "BothSides": {
    "canonical": [
      0.20033202380952753,
      0.19863748198051875,
      0.2020265656385363
    ],
    "combined": [
      0.19550650793651184,
      0.19340166679586604,
      0.19761134907715763
    ],
    "twotailed": [
      0.19550650793651184,
      0.19340166679586604,
      0.19761134907715763
    ],
    "split2tail": [
      0.19775827380952746,
      0.19587837063847977,
      0.19963817698057515
    ]
  },
  "PosSide": {
    "canonical": [
      0.03495,
      0.032404679657825244,
      0.037495320342174759
    ],
    "combined": [
      0.0975,
      0.093388788079124832,
      0.10161121192087517
    ],
    "twotailed": [
      0.0975,
      0.093388788079124832,
      0.10161121192087517
    ],
    "split2tail": [
      0.0533,
      0.05018675181275141,
      0.056413248187248591
    ]
  },
  "NegSide": {
    "canonical": [
      0.19561386904762249,
      0.19395765478084676,
      0.19727008331439821
    ],
    "combined": [
      0.18121111111111426,
      0.17919515660160257,
      0.18322706562062596
    ],
    "twotailed": [
      0.18121111111111426,
      0.17919515660160257,
      0.18322706562062596
    ],
    "split2tail": [
      0.18950759920635243,
      0.18768715132387984,
      0.19132804708882503
    ]
  },
  "elapsed": 3.193252334
}