{
  "scenario": 12,
  "fracPos": 0.25,
  "fracNeg": 0,
  "rho_sign": -1,
  "FDRmethod": "BH1995",
  "numTests": 20,
  "numRealizations": 20000,
  "effectSize": 3,
  "CImethod": "Wald",
  "q": 0.05,
  "alpha": 0.05,
  "seed": "shuffle",
  "BothSides": {
    "canonical": [
      0.044486230158729788,
      0.043150248361809071,
      0.045822211955650505
    ],
    "combined": [
      0.037244464285714186,
      0.035932623800490879,
      0.038556304770937494
    ],
    "twotailed": [
      0.037244464285714186,
      0.035932623800490879,
      0.038556304770937494
    ],
    "split2tail": [
      0.042007857142856868,
      0.040666412775103945,
      0.04334930151060979
    ]
  },
  "PosSide": {
    "canonical": [
      0.036707738095237939,
      0.03548603997195917,
      0.037929436218516709
    ],
    "combined": [
      0.019116190476190526,
      0.01812898842370831,
      0.020103392528672742
    ],
    "twotailed": [
      0.019116190476190526,
      0.01812898842370831,
      0.020103392528672742
    ],
    "split2tail": [
      0.030148988095238111,
      0.029011703406391292,
      0.031286272784084926
    ]
  },
  "NegSide": {
    "canonical": [
      0.0393,
      0.036607013840606072,
      0.041992986159393932
    ],
    "combined": [
      0.0877,
      0.0837797606384397,
      0.0916202393615603
    ],
    "twotailed": [
      0.0877,
      0.0837797606384397,
      0.0916202393615603
    ],
    "split2tail": [
      0.0541,
      0.050964800392438094,
      0.057235199607561911
    ]
  },
  "elapsed": 3.208995042
}