{
  "scenario": 12,
  "fracPos": 0.25,
  "fracNeg": 0,
  "rho_sign": -1,
  "FDRmethod": "BH1995",
  "numTests": 2000,
  "numRealizations": 2000,
  "effectSize": 3,
  "CImethod": "Wald",
  "q": 0.05,
  "alpha": 0.05,
  "seed": "shuffle",
  "BothSides": {
    "canonical": [
      0.03764366102189675,
      0.03723430154368839,
      0.03805302050010511
    ],
    "combined": [
      0.037692095367058455,
      0.037230385779203394,
      0.038153804954913516
    ],
    "twotailed": [
      0.037692095367058455,
      0.037230385779203394,
      0.038153804954913516
    ],
    "split2tail": [
      0.030242491588589361,
      0.029861503964567406,
      0.030623479212611316
    ]
  },
  "PosSide": {
    "canonical": [
      0.03754875690446504,
      0.037139736918146753,
      0.037957776890783328
    ],
    "combined": [
      0.019523885917439105,
      0.019198217372592509,
      0.0198495544622857
    ],
    "twotailed": [
      0.019523885917439105,
      0.019198217372592509,
      0.0198495544622857
    ],
    "split2tail": [
      0.030101843857415822,
      0.029721003081540461,
      0.030482684633291183
    ]
  },
  "NegSide": {
    "canonical": [
      0.037,
      0.028725234414630034,
      0.045274765585369962
    ],
    "combined": [
      0.999,
      0.9976144428682947,
      1.0003855571317053
    ],
    "twotailed": [
      0.999,
      0.9976144428682947,
      1.0003855571317053
    ],
    "split2tail": [
      0.0495,
      0.039991317331116508,
      0.0590086826688835
    ]
  },
  "elapsed": 4.0673145833333333
}