{
  "scenario": 13,
  "fracPos": 0,
  "fracNeg": 0.25,
  "rho_sign": -1,
  "FDRmethod": "BH1995",
  "numTests": 2000,
  "numRealizations": 2000,
  "effectSize": 3,
  "CImethod": "Wald",
  "q": 0.05,
  "alpha": 0.05,
  "seed": "shuffle",
  "BothSides": {
    "canonical": [
      0.039380692265919913,
      0.038966642719689346,
      0.03979474181215048
    ],
    "combined": [
      0.039694676809123287,
      0.039236456073141551,
      0.040152897545105024
    ],
    "twotailed": [
      0.039694676809123287,
      0.039236456073141551,
      0.040152897545105024
    ],
    "split2tail": [
      0.032157716098500343,
      0.031775061331062289,
      0.032540370865938396
    ],
    "reviewer1": [
      0.017378727751692021,
      0.017074558035013825,
      0.017682897468370217
    ],
    "reviewer2": [
      0.021288187564169982,
      0.020954991612804636,
      0.021621383515535327
    ]
  },
  "PosSide": {
    "canonical": [
      0.04,
      0.031409720271712217,
      0.048590279728287784
    ],
    "combined": [
      0.9985,
      0.99680347072523423,
      1.0001965292747659
    ],
    "twotailed": [
      0.9985,
      0.99680347072523423,
      1.0001965292747659
    ],
    "split2tail": [
      0.049,
      0.039536974890931012,
      0.058463025109068992
    ],
    "reviewer1": [
      0.027,
      0.019894739645756943,
      0.034105260354243057
    ],
    "reviewer2": [
      0.022,
      0.015569829898300042,
      0.028430170101699955
    ]
  },
  "NegSide": {
    "canonical": [
      0.039269199098818749,
      0.038856129301439557,
      0.039682268896197942
    ],
    "combined": [
      0.021342355258889792,
      0.021009507381448234,
      0.02167520313633135
    ],
    "twotailed": [
      0.021342355258889792,
      0.021009507381448234,
      0.02167520313633135
    ],
    "split2tail": [
      0.032005850713619263,
      0.0316237899307823,
      0.032387911496456229
    ],
    "reviewer1": [
      0.01728645998753835,
      0.016983347724658766,
      0.017589572250417934
    ],
    "reviewer2": [
      0.021219116431970095,
      0.020886515499589895,
      0.021551717364350294
    ]
  },
  "elapsed": 4.138851375
}