{
  "scenario": 15,
  "fracPos": 0.1,
  "fracNeg": 0.4,
  "rho_sign": -1,
  "FDRmethod": "BH1995",
  "numTests": 2000,
  "numRealizations": 2000,
  "effectSize": 3,
  "CImethod": "Wald",
  "q": 0.05,
  "alpha": 0.05,
  "seed": "shuffle",
  "BothSides": {
    "canonical": [
      0.025717952695786781,
      0.025482520393520263,
      0.0259533849980533
    ],
    "combined": [
      0.025845813126288478,
      0.025597660944943368,
      0.026093965307633589
    ],
    "twotailed": [
      0.025845813126288478,
      0.025597660944943368,
      0.026093965307633589
    ],
    "split2tail": [
      0.022908789246709083,
      0.0226820002465469,
      0.023135578246871263
    ]
  },
  "PosSide": {
    "canonical": [
      0.0242736499750324,
      0.023662700471368151,
      0.024884599478696649
    ],
    "combined": [
      0.059984548701357748,
      0.059177852421322882,
      0.060791244981392614
    ],
    "twotailed": [
      0.059984548701357748,
      0.059177852421322882,
      0.060791244981392614
    ],
    "split2tail": [
      0.035015786875348669,
      0.03433540254552029,
      0.035696171205177048
    ]
  },
  "NegSide": {
    "canonical": [
      0.025953328929282121,
      0.025699830497892408,
      0.026206827360671835
    ],
    "combined": [
      0.016890331819949839,
      0.016679395575255829,
      0.017101268064643849
    ],
    "twotailed": [
      0.016890331819949839,
      0.016679395575255829,
      0.017101268064643849
    ],
    "split2tail": [
      0.0202314919961258,
      0.020004454192569372,
      0.02045852979968223
    ]
  },
  "elapsed": 4.3342947916666663
}