{
  "scenario": 6,
  "effectSize": 3,
  "fracPos": 0,
  "fracNeg": 0,
  "rho_sign": -1,
  "FDRmethod": "BH1995",
  "numTests": 20,
  "numRealizations": 100000,
  "CImethod": "Wald",
  "q": 0.05,
  "alpha": 0.05,
  "seed": "shuffle",
  "BothSides": {
    "canonical": [
      0.09515,
      0.093331375848843781,
      0.096968624151156216
    ],
    "combined": [
      0.04965,
      0.048303669518723176,
      0.050996330481276823
    ],
    "twotailed": [
      0.04965,
      0.048303669518723176,
      0.050996330481276823
    ],
    "split2tail": [
      0.10377,
      0.10187985157181588,
      0.10566014842818412
    ]
  },
  "PosSide": {
    "canonical": [
      0.04991,
      0.048560333647518973,
      0.051259666352481033
    ],
    "combined": [
      0.02687,
      0.025867765089278721,
      0.027872234910721282
    ],
    "twotailed": [
      0.02687,
      0.025867765089278721,
      0.027872234910721282
    ],
    "split2tail": [
      0.05436,
      0.052954752233515152,
      0.055765247766484845
    ]
  },
  "NegSide": {
    "canonical": [
      0.04884,
      0.047504127901101909,
      0.050175872098898094
    ],
    "combined": [
      0.02643,
      0.025435780136809128,
      0.027424219863190869
    ],
    "twotailed": [
      0.02643,
      0.025435780136809128,
      0.027424219863190869
    ],
    "split2tail": [
      0.05306,
      0.051670702940917,
      0.054449297059083
    ]
  },
  "elapsed": 17.890064584
}