{
  "scenario": 15,
  "fracPos": 0.1,
  "fracNeg": 0.4,
  "rho_sign": -1,
  "FDRmethod": "BH1995",
  "numTests": 20,
  "numRealizations": 20000,
  "effectSize": 3,
  "CImethod": "Wald",
  "q": 0.05,
  "alpha": 0.05,
  "seed": "shuffle",
  "BothSides": {
    "canonical": [
      0.11781115342990266,
      0.11691730634787202,
      0.11870500051193329
    ],
    "combined": [
      0.1125223809523804,
      0.11153823924838149,
      0.11350652265637931
    ],
    "twotailed": [
      0.1125223809523804,
      0.11153823924838149,
      0.11350652265637931
    ],
    "split2tail": [
      0.11426398518148462,
      0.11332651880449193,
      0.1152014515584773
    ]
  },
  "PosSide": {
    "canonical": [
      0.023083333333333296,
      0.02160641129063598,
      0.024560255376030612
    ],
    "combined": [
      0.049068333333333547,
      0.047016234484876962,
      0.051120432181790132
    ],
    "twotailed": [
      0.049068333333333547,
      0.047016234484876962,
      0.051120432181790132
    ],
    "split2tail": [
      0.036495000000000083,
      0.034750182999968585,
      0.038239817000031581
    ]
  },
  "NegSide": {
    "canonical": [
      0.13152204184703961,
      0.13054356426176775,
      0.13250051943231148
    ],
    "combined": [
      0.12387575757575728,
      0.12280629430874739,
      0.12494522084276717
    ],
    "twotailed": [
      0.12387575757575728,
      0.12280629430874739,
      0.12494522084276717
    ],
    "split2tail": [
      0.12635927669552563,
      0.12532826142389028,
      0.12739029196716098
    ]
  },
  "elapsed": 3.173628
}