{
  "scenario": 14,
  "fracPos": 0.25,
  "fracNeg": 0.25,
  "rho_sign": -1,
  "FDRmethod": "BH1995",
  "numTests": 2000,
  "numRealizations": 2000,
  "effectSize": 3,
  "CImethod": "Wald",
  "q": 0.05,
  "alpha": 0.05,
  "seed": "shuffle",
  "BothSides": {
    "canonical": [
      0.025968304081249956,
      0.025716481318252542,
      0.02622012684424737
    ],
    "combined": [
      0.025938993181809426,
      0.0256880406274597,
      0.02618994573615915
    ],
    "twotailed": [
      0.025938993181809426,
      0.0256880406274597,
      0.02618994573615915
    ],
    "split2tail": [
      0.0259866893771664,
      0.02573575417807869,
      0.026237624576254108
    ]
  },
  "PosSide": {
    "canonical": [
      0.024969633339832153,
      0.024620336746033526,
      0.025318929933630781
    ],
    "combined": [
      0.024961135878930153,
      0.024614232421716793,
      0.025308039336143513
    ],
    "twotailed": [
      0.024961135878930153,
      0.024614232421716793,
      0.025308039336143513
    ],
    "split2tail": [
      0.025046986010626066,
      0.0246973958225273,
      0.025396576198724832
    ]
  },
  "NegSide": {
    "canonical": [
      0.026927495275341128,
      0.026573999676031121,
      0.027280990874651134
    ],
    "combined": [
      0.026896736074389197,
      0.026546760513161235,
      0.027246711635617159
    ],
    "twotailed": [
      0.026896736074389197,
      0.026546760513161235,
      0.027246711635617159
    ],
    "split2tail": [
      0.026879810171487259,
      0.026527199226738733,
      0.027232421116235785
    ]
  },
  "elapsed": 4.202004625
}