{
  "scenario": 15,
  "fracPos": 0.1,
  "fracNeg": 0.4,
  "rho_sign": -1,
  "FDRmethod": "BH1995",
  "numTests": 2000,
  "numRealizations": 2000,
  "effectSize": 3,
  "CImethod": "Wald",
  "q": 0.05,
  "alpha": 0.05,
  "seed": "shuffle",
  "BothSides": {
    "canonical": [
      0.025779752138482517,
      0.025532813664222109,
      0.026026690612742924
    ],
    "combined": [
      0.025621826956606159,
      0.025368686371208055,
      0.025874967542004263
    ],
    "twotailed": [
      0.025621826956606159,
      0.025368686371208055,
      0.025874967542004263
    ],
    "split2tail": [
      0.022964035242449839,
      0.022727727046313373,
      0.023200343438586304
    ],
    "reviewer1": [
      0.012027094416436667,
      0.011840515858480541,
      0.012213672974392792
    ],
    "reviewer2": [
      0.013511397038555707,
      0.01331907666835643,
      0.013703717408754984
    ]
  },
  "PosSide": {
    "canonical": [
      0.024141523069573425,
      0.023521031908359889,
      0.024762014230786961
    ],
    "combined": [
      0.059249336160037386,
      0.05842149451307678,
      0.060077177806997992
    ],
    "twotailed": [
      0.059249336160037386,
      0.05842149451307678,
      0.060077177806997992
    ],
    "split2tail": [
      0.035139894346250283,
      0.034434086264206069,
      0.0358457024282945
    ],
    "reviewer1": [
      0.01747157636174226,
      0.016928571167555122,
      0.018014581555929398
    ],
    "reviewer2": [
      0.012387901811580462,
      0.011905844869325173,
      0.012869958753835752
    ]
  },
  "NegSide": {
    "canonical": [
      0.026047922950167796,
      0.02578089444800008,
      0.026314951452335512
    ],
    "combined": [
      0.016786259955086917,
      0.016560787250757141,
      0.017011732659416693
    ],
    "twotailed": [
      0.016786259955086917,
      0.016560787250757141,
      0.017011732659416693
    ],
    "split2tail": [
      0.020262520506740506,
      0.020020243377168234,
      0.020504797636312778
    ],
    "reviewer1": [
      0.010869425553980155,
      0.010676139775515715,
      0.011062711332444596
    ],
    "reviewer2": [
      0.013685413305070303,
      0.013475757670265662,
      0.013895068939874944
    ]
  },
  "elapsed": 3.99849625
}