{
  "scenario": 7,
  "fracPos": 0.25,
  "fracNeg": 0,
  "rho_sign": -1,
  "FDRmethod": "BH1995",
  "numTests": 20,
  "numRealizations": 100000,
  "effectSize": 3,
  "CImethod": "Wald",
  "q": 0.05,
  "alpha": 0.05,
  "seed": "shuffle",
  "BothSides": {
    "canonical": [
      0.045219287878787894,
      0.044618246937262671,
      0.045820328820313116
    ],
    "combined": [
      0.037388827561327553,
      0.036805707330204274,
      0.037971947792450833
    ],
    "twotailed": [
      0.037388827561327553,
      0.036805707330204274,
      0.037971947792450833
    ],
    "split2tail": [
      0.042938613275613283,
      0.042330215293235079,
      0.043547011257991486
    ]
  },
  "PosSide": {
    "canonical": [
      0.038072035714285711,
      0.037518664211442926,
      0.038625407217128496
    ],
    "combined": [
      0.019557940476190465,
      0.019118882841730668,
      0.019996998110650262
    ],
    "twotailed": [
      0.019557940476190465,
      0.019118882841730668,
      0.019996998110650262
    ],
    "split2tail": [
      0.031226738095238085,
      0.030711357533535821,
      0.031742118656940349
    ]
  },
  "NegSide": {
    "canonical": [
      0.03676,
      0.03559371344692594,
      0.037926286553074062
    ],
    "combined": [
      0.08716,
      0.085411739261841771,
      0.088908260738158232
    ],
    "twotailed": [
      0.08716,
      0.085411739261841771,
      0.088908260738158232
    ],
    "split2tail": [
      0.05325,
      0.051858357365219314,
      0.054641642634780684
    ]
  },
  "elapsed": 16.550973167
}