{
  "scenario": 10,
  "fracPos": 0.1,
  "fracNeg": 0.4,
  "rho_sign": -1,
  "FDRmethod": "BH1995",
  "numTests": 20,
  "numRealizations": 100000,
  "effectSize": 3,
  "CImethod": "Wald",
  "q": 0.05,
  "alpha": 0.05,
  "seed": "shuffle",
  "BothSides": {
    "canonical": [
      0.11760135359085405,
      0.11720383129561962,
      0.11799887588608848
    ],
    "combined": [
      0.11191894363969404,
      0.11148283910979098,
      0.1123550481695971
    ],
    "twotailed": [
      0.11191894363969404,
      0.11148283910979098,
      0.1123550481695971
    ],
    "split2tail": [
      0.11396379995005036,
      0.11354386000816845,
      0.11438373989193228
    ]
  },
  "PosSide": {
    "canonical": [
      0.022282166666666662,
      0.0216446833044906,
      0.022919650028842723
    ],
    "combined": [
      0.046886500000000025,
      0.045989403895327116,
      0.047783596104672935
    ],
    "twotailed": [
      0.046886500000000025,
      0.045989403895327116,
      0.047783596104672935
    ],
    "split2tail": [
      0.035387999999999996,
      0.034622723152368577,
      0.036153276847631415
    ]
  },
  "NegSide": {
    "canonical": [
      0.13136774711399751,
      0.13093190359174542,
      0.13180359063624961
    ],
    "combined": [
      0.12368129292929327,
      0.12320467536377694,
      0.12415791049480959
    ],
    "twotailed": [
      0.12368129292929327,
      0.12320467536377694,
      0.12415791049480959
    ],
    "split2tail": [
      0.12609211688311728,
      0.12563058920464573,
      0.12655364456158882
    ]
  },
  "elapsed": 15.661879916
}