{
  "scenario": 13,
  "fracPos": 0,
  "fracNeg": 0.25,
  "rho_sign": -1,
  "FDRmethod": "BH1995",
  "numTests": 2000,
  "numRealizations": 2000,
  "effectSize": 3,
  "CImethod": "Wald",
  "q": 0.05,
  "alpha": 0.05,
  "seed": "shuffle",
  "BothSides": {
    "canonical": [
      0.039737101731876653,
      0.039309696482623765,
      0.040164506981129541
    ],
    "combined": [
      0.039607721125784548,
      0.039141930883524863,
      0.040073511368044233
    ],
    "twotailed": [
      0.039607721125784548,
      0.039141930883524863,
      0.040073511368044233
    ],
    "split2tail": [
      0.032203885350019175,
      0.031809688634542227,
      0.032598082065496123
    ]
  },
  "PosSide": {
    "canonical": [
      0.0335,
      0.025612034060088787,
      0.041387965939911217
    ],
    "combined": [
      0.9985,
      0.99680347072523423,
      1.0001965292747659
    ],
    "twotailed": [
      0.9985,
      0.99680347072523423,
      1.0001965292747659
    ],
    "split2tail": [
      0.0495,
      0.039991317331116515,
      0.05900868266888349
    ]
  },
  "NegSide": {
    "canonical": [
      0.039646926136546926,
      0.039219171379645111,
      0.04007468089344874
    ],
    "combined": [
      0.021160413226612905,
      0.020819589932480335,
      0.021501236520745474
    ],
    "twotailed": [
      0.021160413226612905,
      0.020819589932480335,
      0.021501236520745474
    ],
    "split2tail": [
      0.032054338633691982,
      0.031661024788878146,
      0.032447652478505819
    ]
  },
  "elapsed": 4.287506416666667
}