{
  "scenario": 9,
  "fracPos": 0.25,
  "fracNeg": 0.25,
  "rho_sign": -1,
  "FDRmethod": "BH1995",
  "numTests": 20,
  "numRealizations": 100000,
  "effectSize": 3,
  "CImethod": "Wald",
  "q": 0.05,
  "alpha": 0.05,
  "seed": "shuffle",
  "BothSides": {
    "canonical": [
      0.11403866472416514,
      0.11360180441126683,
      0.11447552503706346
    ],
    "combined": [
      0.11110074181374224,
      0.11065772304052394,
      0.11154376058696054
    ],
    "twotailed": [
      0.11110074181374224,
      0.11065772304052394,
      0.11154376058696054
    ],
    "split2tail": [
      0.1133523810633815,
      0.11291275795544592,
      0.11379200417131707
    ]
  },
  "PosSide": {
    "canonical": [
      0.022276452380952369,
      0.021844560716521806,
      0.022708344045382932
    ],
    "combined": [
      0.023357845238095223,
      0.022910625425412962,
      0.023805065050777483
    ],
    "twotailed": [
      0.023357845238095223,
      0.022910625425412962,
      0.023805065050777483
    ],
    "split2tail": [
      0.023643833333333322,
      0.02320417732496052,
      0.024083489341706125
    ]
  },
  "NegSide": {
    "canonical": [
      0.18525705555555497,
      0.18454121480738439,
      0.18597289630372554
    ],
    "combined": [
      0.18308246031745981,
      0.1823484654617398,
      0.18381645517317982
    ],
    "twotailed": [
      0.18308246031745981,
      0.1823484654617398,
      0.18381645517317982
    ],
    "split2tail": [
      0.18417832936507883,
      0.18344440164464326,
      0.1849122570855144
    ]
  },
  "elapsed": 16.233979709
}