{
  "scenario": 8,
  "fracPos": 0,
  "fracNeg": 0.25,
  "rho_sign": -1,
  "FDRmethod": "BH1995",
  "numTests": 20,
  "numRealizations": 100000,
  "effectSize": 3,
  "CImethod": "Wald",
  "q": 0.05,
  "alpha": 0.05,
  "seed": "shuffle",
  "BothSides": {
    "canonical": [
      0.20078950396825329,
      0.20003449178798038,
      0.2015445161485262
    ],
    "combined": [
      0.19491319083694059,
      0.19398138981002977,
      0.1958449918638514
    ],
    "twotailed": [
      0.19491319083694059,
      0.19398138981002977,
      0.1958449918638514
    ],
    "split2tail": [
      0.19733535930735877,
      0.19651034519964852,
      0.198160373415069
    ]
  },
  "PosSide": {
    "canonical": [
      0.03518,
      0.034038117732393687,
      0.036321882267606319
    ],
    "combined": [
      0.09568,
      0.093856852048775238,
      0.097503147951224764
    ],
    "twotailed": [
      0.09568,
      0.093856852048775238,
      0.097503147951224764
    ],
    "split2tail": [
      0.0539,
      0.052500370246035065,
      0.055299629753964942
    ]
  },
  "NegSide": {
    "canonical": [
      0.19596743253968191,
      0.19522757926150336,
      0.19670728581786046
    ],
    "combined": [
      0.18078966666666638,
      0.17989654407211172,
      0.18168278926122103
    ],
    "twotailed": [
      0.18078966666666638,
      0.17989654407211172,
      0.18168278926122103
    ],
    "split2tail": [
      0.18895286111111062,
      0.18815412348771687,
      0.18975159873450437
    ]
  },
  "elapsed": 17.194215958
}