{
  "scenario": 11,
  "effectSize": 3,
  "fracPos": 0,
  "fracNeg": 0,
  "rho_sign": -1,
  "FDRmethod": "BH1995",
  "numTests": 20,
  "numRealizations": 20000,
  "CImethod": "Wald",
  "q": 0.05,
  "alpha": 0.05,
  "seed": "shuffle",
  "BothSides": {
    "canonical": [
      0.0975,
      0.093388788079124818,
      0.10161121192087519
    ],
    "combined": [
      0.0503,
      0.047270847330530011,
      0.053329152669469984
    ],
    "twotailed": [
      0.0503,
      0.047270847330530011,
      0.053329152669469984
    ],
    "split2tail": [
      0.1045,
      0.10026030230374589,
      0.10873969769625411
    ]
  },
  "PosSide": {
    "canonical": [
      0.05085,
      0.047805213429055769,
      0.053894786570944229
    ],
    "combined": [
      0.02635,
      0.024130088327871047,
      0.02856991167212895
    ],
    "twotailed": [
      0.02635,
      0.024130088327871047,
      0.02856991167212895
    ],
    "split2tail": [
      0.05405,
      0.050916166702206236,
      0.057183833297793765
    ]
  },
  "NegSide": {
    "canonical": [
      0.05015,
      0.047125128479268294,
      0.053174871520731706
    ],
    "combined": [
      0.02745,
      0.025185506417162929,
      0.029714493582837068
    ],
    "twotailed": [
      0.02745,
      0.025185506417162929,
      0.029714493582837068
    ],
    "split2tail": [
      0.0537,
      0.050575751904771343,
      0.056824248095228652
    ]
  },
  "elapsed": 3.283923459
}