{
  "scenario": 12,
  "fracPos": 0.25,
  "fracNeg": 0,
  "rho_sign": -1,
  "FDRmethod": "BH1995",
  "numTests": 2000,
  "numRealizations": 2000,
  "effectSize": 3,
  "CImethod": "Wald",
  "q": 0.05,
  "alpha": 0.05,
  "seed": "shuffle",
  "BothSides": {
    "canonical": [
      0.037264433106254859,
      0.0368532552495491,
      0.037675610962960619
    ],
    "combined": [
      0.037462026296270011,
      0.036994364493781906,
      0.037929688098758116
    ],
    "twotailed": [
      0.037462026296270011,
      0.036994364493781906,
      0.037929688098758116
    ],
    "split2tail": [
      0.029881102708409612,
      0.029498042029131546,
      0.030264163387687677
    ],
    "reviewer1": [
      0.015194564141672331,
      0.014891480133457126,
      0.015497648149887536
    ],
    "reviewer2": [
      0.018974017655203439,
      0.018647939599755414,
      0.019300095710651465
    ]
  },
  "PosSide": {
    "canonical": [
      0.037175290984787314,
      0.036764411146124533,
      0.037586170823450095
    ],
    "combined": [
      0.019019460505755363,
      0.018692586007662233,
      0.019346335003848494
    ],
    "twotailed": [
      0.019019460505755363,
      0.018692586007662233,
      0.019346335003848494
    ],
    "split2tail": [
      0.029722995500879194,
      0.029341399689282628,
      0.030104591312475761
    ],
    "reviewer1": [
      0.015124144881494805,
      0.014821731058003369,
      0.015426558704986241
    ],
    "reviewer2": [
      0.018925949067823345,
      0.018600242088651547,
      0.019251656046995143
    ]
  },
  "NegSide": {
    "canonical": [
      0.034,
      0.026055442444615658,
      0.041944557555384343
    ],
    "combined": [
      0.998,
      0.99604150727600849,
      0.99995849272399151
    ],
    "twotailed": [
      0.998,
      0.99604150727600849,
      0.99995849272399151
    ],
    "split2tail": [
      0.0525,
      0.042722879787699515,
      0.062277120212300481
    ],
    "reviewer1": [
      0.022,
      0.015569829898300044,
      0.028430170101699952
    ],
    "reviewer2": [
      0.016,
      0.01049953716654722,
      0.02150046283345278
    ]
  },
  "elapsed": 3.9985475833333335
}