{
  "scenario": 11,
  "effectSize": 3,
  "fracPos": 0,
  "fracNeg": 0,
  "rho_sign": -1,
  "FDRmethod": "BH1995",
  "numTests": 2000,
  "numRealizations": 2000,
  "CImethod": "Wald",
  "q": 0.05,
  "alpha": 0.05,
  "seed": "shuffle",
  "BothSides": {
    "canonical": [
      0.101,
      0.087790626301491176,
      0.11420937369850884
    ],
    "combined": [
      0.057,
      0.046836694783584119,
      0.067163305216415878
    ],
    "twotailed": [
      0.057,
      0.046836694783584119,
      0.067163305216415878
    ],
    "split2tail": [
      0.1015,
      0.088261653143378235,
      0.11473834685662178
    ],
    "reviewer1": [
      0.0555,
      0.04546334105543956,
      0.065536658944560441
    ],
    "reviewer2": [
      0.0555,
      0.04546334105543956,
      0.065536658944560441
    ]
  },
  "PosSide": {
    "canonical": [
      0.0515,
      0.041811334190051258,
      0.061188665809948736
    ],
    "combined": [
      0.0305,
      0.022961837065184537,
      0.038038162934815462
    ],
    "twotailed": [
      0.0305,
      0.022961837065184537,
      0.038038162934815462
    ],
    "split2tail": [
      0.0515,
      0.041811334190051258,
      0.061188665809948736
    ],
    "reviewer1": [
      0.0275,
      0.020331094660280817,
      0.034668905339719183
    ],
    "reviewer2": [
      0.0275,
      0.020331094660280817,
      0.034668905339719183
    ]
  },
  "NegSide": {
    "canonical": [
      0.0545,
      0.044548908680850464,
      0.064451091319149528
    ],
    "combined": [
      0.0315,
      0.023843209164965965,
      0.039156790835034032
    ],
    "twotailed": [
      0.0315,
      0.023843209164965965,
      0.039156790835034032
    ],
    "split2tail": [
      0.055,
      0.045006009254141617,
      0.06499399074585839
    ],
    "reviewer1": [
      0.029,
      0.021643854548480244,
      0.036356145451519759
    ],
    "reviewer2": [
      0.029,
      0.021643854548480244,
      0.036356145451519759
    ]
  },
  "elapsed": 4.043678625
}