{
  "scenario": 14,
  "fracPos": 0.25,
  "fracNeg": 0.25,
  "rho_sign": -1,
  "FDRmethod": "BH1995",
  "numTests": 20,
  "numRealizations": 20000,
  "effectSize": 3,
  "CImethod": "Wald",
  "q": 0.05,
  "alpha": 0.05,
  "seed": "shuffle",
  "BothSides": {
    "canonical": [
      0.11491398046397981,
      0.11394028191564745,
      0.11588767901231217
    ],
    "combined": [
      0.11198981116106063,
      0.11100609539149736,
      0.1129735269306239
    ],
    "twotailed": [
      0.11198981116106063,
      0.11100609539149736,
      0.1129735269306239
    ],
    "split2tail": [
      0.11413611457986399,
      0.11315731291256013,
      0.11511491624716784
    ]
  },
  "PosSide": {
    "canonical": [
      0.023386071428571548,
      0.022394696235838656,
      0.024377446621304439
    ],
    "combined": [
      0.024162857142857264,
      0.023149030127547841,
      0.025176684158166686
    ],
    "twotailed": [
      0.024162857142857264,
      0.023149030127547841,
      0.025176684158166686
    ],
    "split2tail": [
      0.024749940476190609,
      0.023741305444044968,
      0.02575857550833625
    ]
  },
  "NegSide": {
    "canonical": [
      0.18575398809524155,
      0.18416889530183098,
      0.18733908088865212
    ],
    "combined": [
      0.18355321428571769,
      0.18193381148897558,
      0.1851726170824598
    ],
    "twotailed": [
      0.18355321428571769,
      0.18193381148897558,
      0.1851726170824598
    ],
    "split2tail": [
      0.18440005952381278,
      0.18278490190977498,
      0.18601521713785057
    ]
  },
  "elapsed": 3.12573575
}