{
  "scenario": 11,
  "effectSize": 3,
  "fracPos": 0,
  "fracNeg": 0,
  "rho_sign": -1,
  "FDRmethod": "BH1995",
  "numTests": 2000,
  "numRealizations": 2000,
  "CImethod": "Wald",
  "q": 0.05,
  "alpha": 0.05,
  "seed": "shuffle",
  "BothSides": {
    "canonical": [
      0.1075,
      0.093921554969411611,
      0.12107844503058839
    ],
    "combined": [
      0.049,
      0.039536974890931012,
      0.058463025109068992
    ],
    "twotailed": [
      0.049,
      0.039536974890931012,
      0.058463025109068992
    ],
    "split2tail": [
      0.107,
      0.093449375453475522,
      0.12055062454652447
    ]
  },
  "PosSide": {
    "canonical": [
      0.055,
      0.045006009254141617,
      0.06499399074585839
    ],
    "combined": [
      0.026,
      0.019023977922222129,
      0.032976022077777868
    ],
    "twotailed": [
      0.026,
      0.019023977922222129,
      0.032976022077777868
    ],
    "split2tail": [
      0.0545,
      0.044548908680850464,
      0.064451091319149542
    ]
  },
  "NegSide": {
    "canonical": [
      0.0555,
      0.04546334105543956,
      0.065536658944560441
    ],
    "combined": [
      0.026,
      0.019023977922222147,
      0.032976022077777847
    ],
    "twotailed": [
      0.026,
      0.019023977922222147,
      0.032976022077777847
    ],
    "split2tail": [
      0.0555,
      0.04546334105543956,
      0.065536658944560441
    ]
  },
  "elapsed": 4.0842246666666666
}