{
  "scenario": 14,
  "fracPos": 0.25,
  "fracNeg": 0.25,
  "rho_sign": -1,
  "FDRmethod": "BH1995",
  "numTests": 2000,
  "numRealizations": 2000,
  "effectSize": 3,
  "CImethod": "Wald",
  "q": 0.05,
  "alpha": 0.05,
  "seed": "shuffle",
  "BothSides": {
    "canonical": [
      0.026090765597308222,
      0.025834784275741155,
      0.026346746918875289
    ],
    "combined": [
      0.026073286489039629,
      0.025817378675065679,
      0.02632919430301358
    ],
    "twotailed": [
      0.026073286489039629,
      0.025817378675065679,
      0.02632919430301358
    ],
    "split2tail": [
      0.026109110262223342,
      0.025853916125299841,
      0.026364304399146842
    ],
    "reviewer1": [
      0.013711831854389385,
      0.013513981908551036,
      0.013909681800227733
    ],
    "reviewer2": [
      0.013699251224271406,
      0.013502058967522013,
      0.0138964434810208
    ]
  },
  "PosSide": {
    "canonical": [
      0.02532383760150745,
      0.024973059222586115,
      0.025674615980428785
    ],
    "combined": [
      0.025359175086267633,
      0.025009384068170756,
      0.02570896610436451
    ],
    "twotailed": [
      0.025359175086267633,
      0.025009384068170756,
      0.02570896610436451
    ],
    "split2tail": [
      0.025351759196304335,
      0.025001164060550293,
      0.025702354332058377
    ],
    "reviewer1": [
      0.012680428335608802,
      0.012407512544545337,
      0.012953344126672267
    ],
    "reviewer2": [
      0.012649440540179057,
      0.01237881251745711,
      0.012920068562901005
    ]
  },
  "NegSide": {
    "canonical": [
      0.026814362737323533,
      0.026462812871220136,
      0.02716591260342693
    ],
    "combined": [
      0.026765587854823331,
      0.026417193566411718,
      0.027113982143234943
    ],
    "twotailed": [
      0.026765587854823331,
      0.026417193566411718,
      0.027113982143234943
    ],
    "split2tail": [
      0.026815146609107578,
      0.026463636415307173,
      0.027166656802907984
    ],
    "reviewer1": [
      0.014706737547668013,
      0.014428347324187268,
      0.014985127771148757
    ],
    "reviewer2": [
      0.014719044594282049,
      0.014440659854352786,
      0.014997429334211313
    ]
  },
  "elapsed": 4.0530112083333334
}