{
  "scenario": 7,
  "fracPos": 0.25,
  "fracNeg": 0,
  "rho_sign": 1,
  "FDRmethod": "BH1995",
  "numTests": 2000,
  "numRealizations": 2000,
  "effectSize": 3,
  "CImethod": "Wald",
  "q": 0.05,
  "alpha": 0.05,
  "seed": "shuffle",
  "BothSides": {
    "canonical": [
      0.037653823864000215,
      0.037213125028300424,
      0.038094522699700005
    ],
    "combined": [
      0.037430877624010837,
      0.036973403864756164,
      0.03788835138326551
    ],
    "twotailed": [
      0.037430877624010837,
      0.036973403864756164,
      0.03788835138326551
    ],
    "split2tail": [
      0.030270841556462567,
      0.02987752727856996,
      0.030664155834355174
    ]
  },
  "PosSide": {
    "canonical": [
      0.037536295566238068,
      0.037095729179362207,
      0.037976861953113929
    ],
    "combined": [
      0.019175706948341462,
      0.018840531733430577,
      0.019510882163252346
    ],
    "twotailed": [
      0.019175706948341462,
      0.018840531733430577,
      0.019510882163252346
    ],
    "split2tail": [
      0.030121003307499485,
      0.029728245633413329,
      0.03051376098158564
    ]
  },
  "NegSide": {
    "canonical": [
      0.044,
      0.03500922812511114,
      0.052990771874888855
    ],
    "combined": [
      0.9975,
      0.99531088714895966,
      0.99968911285104045
    ],
    "twotailed": [
      0.9975,
      0.99531088714895966,
      0.99968911285104045
    ],
    "split2tail": [
      0.053,
      0.043179024711744007,
      0.06282097528825599
    ]
  },
  "elapsed": 4.0978765416666665
}