{
  "scenario": 7,
  "fracPos": 0.25,
  "fracNeg": 0,
  "rho": 0.25,
  "FDRmethod": "BH1995",
  "numTests": 2000,
  "numRealizations": 2000,
  "effectSize": 3,
  "CImethod": "Wald",
  "q": 0.05,
  "alpha": 0.05,
  "seed": "shuffle",
  "BothSides": {
    "canonical": [
      0.043190403262184512,
      0.039555625711692272,
      0.046825180812676753
    ],
    "combined": [
      0.038799575268598688,
      0.036058159238438518,
      0.041540991298758857
    ],
    "twotailed": [
      0.038799575268598688,
      0.036058159238438518,
      0.041540991298758857
    ],
    "split2tail": [
      0.027228704980138289,
      0.024898116688781634,
      0.029559293271494945
    ],
    "canonicalbb": [
      0.024064304454441209,
      0.021105398317356527,
      0.02702321059152589
    ],
    "split2tailbb": [
      0.014449462848734398,
      0.01259084648547628,
      0.016308079211992517
    ]
  },
  "PosSide": {
    "canonical": [
      0.038839017411822996,
      0.036073473534141642,
      0.041604561289504349
    ],
    "combined": [
      0.019715462948670635,
      0.018020749503070078,
      0.021410176394271192
    ],
    "twotailed": [
      0.019715462948670635,
      0.018020749503070078,
      0.021410176394271192
    ],
    "split2tail": [
      0.025096091467735889,
      0.023300485694739567,
      0.026891697240732211
    ],
    "canonicalbb": [
      0.019712918604079695,
      0.018018254877681838,
      0.021407582330477553
    ],
    "split2tailbb": [
      0.012316849336331995,
      0.011248079606215987,
      0.013385619066448003
    ]
  },
  "NegSide": {
    "canonical": [
      0.026,
      0.019023977922222136,
      0.032976022077777861
    ],
    "combined": [
      0.686,
      0.66565449023026724,
      0.70634550976973287
    ],
    "twotailed": [
      0.686,
      0.66565449023026724,
      0.70634550976973287
    ],
    "split2tail": [
      0.0225,
      0.015998832792771034,
      0.029001167207228964
    ],
    "canonicalbb": [
      0.026,
      0.019023977922222136,
      0.032976022077777861
    ],
    "split2tailbb": [
      0.0225,
      0.015998832792771034,
      0.029001167207228964
    ]
  },
  "elapsed": 3.944624125
}