{
  "scenario": 8,
  "fracPos": 0,
  "fracNeg": 0.25,
  "rho": 0.25,
  "FDRmethod": "BH1995",
  "numTests": 2000,
  "numRealizations": 2000,
  "effectSize": 3,
  "CImethod": "Wald",
  "q": 0.05,
  "alpha": 0.05,
  "seed": "shuffle",
  "BothSides": {
    "canonical": [
      0.044778663311185171,
      0.04085601192295174,
      0.0487013146994186
    ],
    "combined": [
      0.041878772305587911,
      0.038828486072821439,
      0.044929058538354383
    ],
    "twotailed": [
      0.041878772305587911,
      0.038828486072821439,
      0.044929058538354383
    ],
    "split2tail": [
      0.028640152690145634,
      0.02614096413422869,
      0.031139341246062578
    ],
    "canonicalbb": [
      0.026740141708000594,
      0.023370618671256806,
      0.030109664744744382
    ],
    "split2tailbb": [
      0.016462879839853502,
      0.014368618337548295,
      0.01855714134215871
    ]
  },
  "PosSide": {
    "canonical": [
      0.027,
      0.019894739645756943,
      0.034105260354243057
    ],
    "combined": [
      0.6965,
      0.67634505571077552,
      0.71665494428922449
    ],
    "twotailed": [
      0.6965,
      0.67634505571077552,
      0.71665494428922449
    ],
    "split2tail": [
      0.0215,
      0.015141695259574688,
      0.027858304740425308
    ],
    "canonicalbb": [
      0.027,
      0.019894739645756943,
      0.034105260354243057
    ],
    "split2tailbb": [
      0.0215,
      0.015141695259574688,
      0.027858304740425308
    ]
  },
  "NegSide": {
    "canonical": [
      0.038864638781242647,
      0.036137006229250035,
      0.041592271333235259
    ],
    "combined": [
      0.020854943132900833,
      0.019124159003893724,
      0.022585727261907943
    ],
    "twotailed": [
      0.020854943132900833,
      0.019124159003893724,
      0.022585727261907943
    ],
    "split2tail": [
      0.026006175959079406,
      0.024192222642395327,
      0.027820129275763484
    ],
    "canonicalbb": [
      0.020826117178058063,
      0.019095089133530377,
      0.022557145222585749
    ],
    "split2tailbb": [
      0.013828903108787285,
      0.012685601162844997,
      0.014972205054729572
    ]
  },
  "elapsed": 3.9553045833333331
}