{
  "scenario": 10,
  "fracPos": 0.1,
  "fracNeg": 0.4,
  "rho_sign": 1,
  "FDRmethod": "BH1995",
  "numTests": 2000,
  "numRealizations": 2000,
  "effectSize": 3,
  "CImethod": "Wald",
  "q": 0.05,
  "alpha": 0.05,
  "seed": "shuffle",
  "BothSides": {
    "canonical": [
      0.025947674326281783,
      0.025700472052096017,
      0.02619487660046755
    ],
    "combined": [
      0.025824085452515314,
      0.025579095804961472,
      0.026069075100069155
    ],
    "twotailed": [
      0.025824085452515314,
      0.025579095804961472,
      0.026069075100069155
    ],
    "split2tail": [
      0.023084969985344969,
      0.022855601823070493,
      0.023314338147619445
    ]
  },
  "PosSide": {
    "canonical": [
      0.024815077698329916,
      0.024204923756635049,
      0.025425231640024783
    ],
    "combined": [
      0.059790896405228521,
      0.058984415906097654,
      0.060597376904359387
    ],
    "twotailed": [
      0.059790896405228521,
      0.058984415906097654,
      0.060597376904359387
    ],
    "split2tail": [
      0.035399952148307989,
      0.034728796558767254,
      0.036071107737848725
    ]
  },
  "NegSide": {
    "canonical": [
      0.026101056554932146,
      0.025825176238978519,
      0.026376936870885773
    ],
    "combined": [
      0.016867262402452638,
      0.016638058881463469,
      0.017096465923441807
    ],
    "twotailed": [
      0.016867262402452638,
      0.016638058881463469,
      0.017096465923441807
    ],
    "split2tail": [
      0.020338851482361378,
      0.020095224182106415,
      0.020582478782616341
    ]
  },
  "elapsed": 4.3663194583333329
}