{
  "scenario": 7,
  "fracPos": 0.25,
  "fracNeg": 0,
  "rho": 0.25,
  "FDRmethod": "BH1995",
  "numTests": 2000,
  "numRealizations": 2000,
  "effectSize": 3,
  "CImethod": "Wald",
  "q": 0.05,
  "alpha": 0.05,
  "seed": "shuffle",
  "BothSides": {
    "canonical": [
      0.039495016932236025,
      0.03617808989197617,
      0.042811943972495881
    ],
    "combined": [
      0.037888846846053321,
      0.034943635642432927,
      0.040834058049673716
    ],
    "twotailed": [
      0.037888846846053321,
      0.034943635642432927,
      0.040834058049673716
    ],
    "split2tail": [
      0.024979583956730791,
      0.022754715693639727,
      0.027204452219821856
    ]
  },
  "PosSide": {
    "canonical": [
      0.035901518946490761,
      0.033299726839705751,
      0.038503311053275771
    ],
    "combined": [
      0.018172938797953019,
      0.01656966378570492,
      0.019776213810201119
    ],
    "twotailed": [
      0.018172938797953019,
      0.01656966378570492,
      0.019776213810201119
    ],
    "split2tail": [
      0.023206941744461279,
      0.02151297371862983,
      0.024900909770292728
    ]
  },
  "NegSide": {
    "canonical": [
      0.028,
      0.020768076190044449,
      0.035231923809955552
    ],
    "combined": [
      0.704,
      0.68398876560037192,
      0.724011234399628
    ],
    "twotailed": [
      0.704,
      0.68398876560037192,
      0.724011234399628
    ],
    "split2tail": [
      0.0235,
      0.01685933229561425,
      0.030140667704385751
    ]
  },
  "elapsed": 2.1938540833333335
}