{
  "scenario": 8,
  "fracPos": 0,
  "fracNeg": 0.25,
  "rho_sign": 1,
  "FDRmethod": "BH1995",
  "numTests": 2000,
  "numRealizations": 2000,
  "effectSize": 3,
  "CImethod": "Wald",
  "q": 0.05,
  "alpha": 0.05,
  "seed": "shuffle",
  "BothSides": {
    "canonical": [
      0.039279150715743942,
      0.038831414845091811,
      0.039726886586396074
    ],
    "combined": [
      0.039126543594828353,
      0.038670507176664426,
      0.03958258001299228
    ],
    "twotailed": [
      0.039126543594828353,
      0.038670507176664426,
      0.03958258001299228
    ],
    "split2tail": [
      0.031916819922123807,
      0.031508906501902904,
      0.032324733342344709
    ],
    "reviewer1": [
      0.016993977974983088,
      0.016677321197853812,
      0.017310634752112364
    ],
    "reviewer2": [
      0.020800526061311018,
      0.020459497535242628,
      0.021141554587379409
    ]
  },
  "PosSide": {
    "canonical": [
      0.037,
      0.028725234414630034,
      0.045274765585369962
    ],
    "combined": [
      0.998,
      0.99604150727600849,
      0.99995849272399151
    ],
    "twotailed": [
      0.998,
      0.99604150727600849,
      0.99995849272399151
    ],
    "split2tail": [
      0.046,
      0.036816784050712079,
      0.05518321594928792
    ],
    "reviewer1": [
      0.024,
      0.017290777053619266,
      0.030709222946380735
    ],
    "reviewer2": [
      0.018,
      0.012171810147586764,
      0.023828189852413233
    ]
  },
  "NegSide": {
    "canonical": [
      0.039178626157928477,
      0.03873052108893716,
      0.039626731226919794
    ],
    "combined": [
      0.020837970024359758,
      0.020497188597631066,
      0.02117875145108845
    ],
    "twotailed": [
      0.020837970024359758,
      0.020497188597631066,
      0.02117875145108845
    ],
    "split2tail": [
      0.031782616862279969,
      0.031374710076066986,
      0.032190523648492952
    ],
    "reviewer1": [
      0.016914729564524441,
      0.016598377073249806,
      0.017231082055799075
    ],
    "reviewer2": [
      0.020745786492838689,
      0.020405075767189879,
      0.021086497218487498
    ]
  },
  "elapsed": 4.0155942916666669
}