{
  "scenario": 7,
  "fracPos": 0.25,
  "fracNeg": 0,
  "rho_sign": 1,
  "FDRmethod": "BH1995",
  "numTests": 20,
  "numRealizations": 100000,
  "effectSize": 3,
  "CImethod": "Wald",
  "q": 0.05,
  "alpha": 0.05,
  "seed": "shuffle",
  "BothSides": {
    "canonical": [
      0.04688675468975468,
      0.046249204746182153,
      0.047524304633327207
    ],
    "combined": [
      0.037311075396825391,
      0.0367147454973559,
      0.037907405296294883
    ],
    "twotailed": [
      0.037311075396825391,
      0.0367147454973559,
      0.037907405296294883
    ],
    "split2tail": [
      0.040398496031746028,
      0.03978434298358749,
      0.041012649079904567
    ]
  },
  "PosSide": {
    "canonical": [
      0.037002834054834038,
      0.036460094226562344,
      0.037545573883105733
    ],
    "combined": [
      0.018773964285714279,
      0.01836343030689631,
      0.019184498264532248
    ],
    "twotailed": [
      0.018773964285714279,
      0.01836343030689631,
      0.019184498264532248
    ],
    "split2tail": [
      0.028180206349206337,
      0.027697030950091479,
      0.028663381748321195
    ]
  },
  "NegSide": {
    "canonical": [
      0.03722,
      0.036046719164511687,
      0.038393280835488319
    ],
    "combined": [
      0.07499,
      0.0733576053859017,
      0.0766223946140983
    ],
    "twotailed": [
      0.07499,
      0.0733576053859017,
      0.0766223946140983
    ],
    "split2tail": [
      0.04592,
      0.044622690500515746,
      0.047217309499484258
    ]
  },
  "elapsed": 16.119100208
}