{
  "scenario": 6,
  "effectSize": 3,
  "fracPos": 0,
  "fracNeg": 0,
  "rho": 0.25,
  "FDRmethod": "BH1995",
  "numTests": 2000,
  "numRealizations": 2000,
  "CImethod": "Wald",
  "q": 0.05,
  "alpha": 0.05,
  "seed": "shuffle",
  "BothSides": {
    "canonical": [
      0.089,
      0.0765176635110392,
      0.10148233648896079
    ],
    "combined": [
      0.043,
      0.034107335848968343,
      0.051892664151031651
    ],
    "twotailed": [
      0.043,
      0.034107335848968343,
      0.051892664151031651
    ],
    "split2tail": [
      0.0505,
      0.040900803818680845,
      0.060099196181319162
    ],
    "canonicalbb": [
      0.043,
      0.034107335848968343,
      0.051892664151031651
    ],
    "split2tailbb": [
      0.026,
      0.019023977922222136,
      0.032976022077777861
    ]
  },
  "PosSide": {
    "canonical": [
      0.044,
      0.035009228125111133,
      0.052990771874888862
    ],
    "combined": [
      0.0215,
      0.015141695259574688,
      0.027858304740425308
    ],
    "twotailed": [
      0.0215,
      0.015141695259574688,
      0.027858304740425308
    ],
    "split2tail": [
      0.0255,
      0.018589607650358452,
      0.032410392349641548
    ],
    "canonicalbb": [
      0.0215,
      0.015141695259574688,
      0.027858304740425308
    ],
    "split2tailbb": [
      0.016,
      0.010499537166547224,
      0.021500462833452777
    ]
  },
  "NegSide": {
    "canonical": [
      0.045,
      0.03591239092340405,
      0.054087609076595947
    ],
    "combined": [
      0.0215,
      0.015141695259574688,
      0.027858304740425308
    ],
    "twotailed": [
      0.0215,
      0.015141695259574688,
      0.027858304740425308
    ],
    "split2tail": [
      0.025,
      0.018155936880975009,
      0.03184406311902499
    ],
    "canonicalbb": [
      0.0215,
      0.015141695259574688,
      0.027858304740425308
    ],
    "split2tailbb": [
      0.01,
      0.0056382648488015035,
      0.014361735151198497
    ]
  },
  "elapsed": 3.5081180833333332
}