{
  "scenario": 10,
  "fracPos": 0.1,
  "fracNeg": 0.4,
  "rho": 0.25,
  "FDRmethod": "BH1995",
  "numTests": 2000,
  "numRealizations": 2000,
  "effectSize": 3,
  "CImethod": "Wald",
  "q": 0.05,
  "alpha": 0.05,
  "seed": "shuffle",
  "BothSides": {
    "canonical": [
      0.78126599999999979,
      0.77633579157581978,
      0.78619620842417981
    ],
    "combined": [
      0.76524349999999985,
      0.75980939314882578,
      0.77067760685117392
    ],
    "twotailed": [
      0.76524349999999985,
      0.75980939314882578,
      0.77067760685117392
    ],
    "split2tail": [
      0.7694479999999998,
      0.76469845328341524,
      0.77419754671658436
    ],
    "canonicalbb": [
      0.78126599999999979,
      0.77633579157581978,
      0.78619620842417981
    ],
    "split2tailbb": [
      0.7694479999999998,
      0.76469845328341524,
      0.77419754671658436
    ]
  },
  "PosSide": {
    "canonical": [
      0.5880755801022719,
      0.575392374018341,
      0.60075878618620282
    ],
    "combined": [
      0.77337714275858593,
      0.76497775902999932,
      0.78177652648717255
    ],
    "twotailed": [
      0.77337714275858593,
      0.76497775902999932,
      0.78177652648717255
    ],
    "split2tail": [
      0.66884025292339533,
      0.658593530476586,
      0.67908697537020468
    ],
    "canonicalbb": [
      0.5880755801022719,
      0.575392374018341,
      0.60075878618620282
    ],
    "split2tailbb": [
      0.66884025292339533,
      0.658593530476586,
      0.67908697537020468
    ]
  },
  "NegSide": {
    "canonical": [
      0.83014504405533762,
      0.82110667450705155,
      0.8391834136036237
    ],
    "combined": [
      0.76386762555860432,
      0.755143424478804,
      0.77259182663840464
    ],
    "twotailed": [
      0.76386762555860432,
      0.755143424478804,
      0.77259182663840464
    ],
    "split2tail": [
      0.79522506125614645,
      0.78696228500888121,
      0.80348783750341168
    ],
    "canonicalbb": [
      0.83014504405533762,
      0.82110667450705155,
      0.8391834136036237
    ],
    "split2tailbb": [
      0.79522506125614645,
      0.78696228500888121,
      0.80348783750341168
    ]
  },
  "elapsed": 4.116627583333333
}