{
  "scenario": 10,
  "fracPos": 0.1,
  "fracNeg": 0.4,
  "rho_sign": 1,
  "FDRmethod": "BH1995",
  "numTests": 2000,
  "numRealizations": 2000,
  "effectSize": 3,
  "CImethod": "Wald",
  "q": 0.05,
  "alpha": 0.05,
  "seed": "shuffle",
  "BothSides": {
    "canonical": [
      0.026031402959296127,
      0.025782588432245842,
      0.026280217486346413
    ],
    "combined": [
      0.025928984462188016,
      0.025684643469506319,
      0.026173325454869712
    ],
    "twotailed": [
      0.025928984462188016,
      0.025684643469506319,
      0.026173325454869712
    ],
    "split2tail": [
      0.023179399676717147,
      0.022946046211088637,
      0.023412753142345658
    ],
    "reviewer1": [
      0.012097589870454915,
      0.011915165130321008,
      0.012280014610588823
    ],
    "reviewer2": [
      0.013606360555458536,
      0.013420891743299572,
      0.013791829367617501
    ]
  },
  "PosSide": {
    "canonical": [
      0.024529618172503646,
      0.023928868202474723,
      0.025130368142532569
    ],
    "combined": [
      0.059629860778865028,
      0.058845107102630266,
      0.06041461445509979
    ],
    "twotailed": [
      0.059629860778865028,
      0.058845107102630266,
      0.06041461445509979
    ],
    "split2tail": [
      0.035320741765091167,
      0.034639516894190751,
      0.036001966635991582
    ],
    "reviewer1": [
      0.017542799573441098,
      0.017011593453744631,
      0.018074005693137565
    ],
    "reviewer2": [
      0.012179273558944322,
      0.011707607183557255,
      0.01265093993433139
    ]
  },
  "NegSide": {
    "canonical": [
      0.026245749039265871,
      0.02597233294355368,
      0.026519165134978061
    ],
    "combined": [
      0.0170489971881892,
      0.0168248764227352,
      0.0172731179536432
    ],
    "twotailed": [
      0.0170489971881892,
      0.0168248764227352,
      0.0172731179536432
    ],
    "split2tail": [
      0.020463380172045534,
      0.020220893891605387,
      0.020705866452485681
    ],
    "reviewer1": [
      0.010924387852180681,
      0.010735894112268532,
      0.011112881592092829
    ],
    "reviewer2": [
      0.013812615400025485,
      0.013609856728343398,
      0.014015374071707573
    ]
  },
  "elapsed": 4.0161774166666664
}