{
  "scenario": 9,
  "fracPos": 0.25,
  "fracNeg": 0.25,
  "rho_sign": 1,
  "FDRmethod": "BH1995",
  "numTests": 20,
  "numRealizations": 100000,
  "effectSize": 3,
  "CImethod": "Wald",
  "q": 0.05,
  "alpha": 0.05,
  "seed": "shuffle",
  "BothSides": {
    "canonical": [
      0.11637921537286287,
      0.11592600526686894,
      0.11683242547885681
    ],
    "combined": [
      0.11118146907259448,
      0.11074137621949348,
      0.11162156192569547
    ],
    "twotailed": [
      0.11118146907259448,
      0.11074137621949348,
      0.11162156192569547
    ],
    "split2tail": [
      0.11376681611444156,
      0.11332459532421819,
      0.11420903690466493
    ]
  },
  "PosSide": {
    "canonical": [
      0.022372702380952375,
      0.021949394113436698,
      0.022796010648468052
    ],
    "combined": [
      0.021590339466089459,
      0.02116986239109548,
      0.022010816541083437
    ],
    "twotailed": [
      0.021590339466089459,
      0.02116986239109548,
      0.022010816541083437
    ],
    "split2tail": [
      0.022294883116883105,
      0.021873378722745088,
      0.022716387511021122
    ]
  },
  "NegSide": {
    "canonical": [
      0.1839065656565651,
      0.183142846391534,
      0.18467028492159621
    ],
    "combined": [
      0.18159765692640642,
      0.18083661090007147,
      0.18235870295274137
    ],
    "twotailed": [
      0.18159765692640642,
      0.18083661090007147,
      0.18235870295274137
    ],
    "split2tail": [
      0.18213151803751745,
      0.18137345272878913,
      0.18288958334624578
    ]
  },
  "elapsed": 15.634683083
}