{
  "scenario": 9,
  "fracPos": 0.25,
  "fracNeg": 0.25,
  "rho": 0.25,
  "FDRmethod": "BH1995",
  "numTests": 2000,
  "numRealizations": 2000,
  "effectSize": 3,
  "CImethod": "Wald",
  "q": 0.05,
  "alpha": 0.05,
  "seed": "shuffle",
  "BothSides": {
    "canonical": [
      0.036655779745946492,
      0.034535486477419136,
      0.038776073014473847
    ],
    "combined": [
      0.026606163341137065,
      0.025286184338868117,
      0.027926142343406013
    ],
    "twotailed": [
      0.026606163341137065,
      0.025286184338868117,
      0.027926142343406013
    ],
    "split2tail": [
      0.028782153728850717,
      0.027195274298815273,
      0.030369033158886161
    ]
  },
  "PosSide": {
    "canonical": [
      0.023785813349719267,
      0.022091519830050688,
      0.025480106869387845
    ],
    "combined": [
      0.01920908197727211,
      0.017986800924753986,
      0.020431363029790234
    ],
    "twotailed": [
      0.01920908197727211,
      0.017986800924753986,
      0.020431363029790234
    ],
    "split2tail": [
      0.019925340902078852,
      0.018595277421683723,
      0.021255404382473982
    ]
  },
  "NegSide": {
    "canonical": [
      0.026971179772650216,
      0.024986445907315823,
      0.028955913637984609
    ],
    "combined": [
      0.021929472689583611,
      0.020488350182236409,
      0.023370595196930813
    ],
    "twotailed": [
      0.021929472689583611,
      0.020488350182236409,
      0.023370595196930813
    ],
    "split2tail": [
      0.022802376298904782,
      0.021231327592359645,
      0.024373425005449919
    ]
  },
  "elapsed": 2.176407625
}