{
  "scenario": 8,
  "fracPos": 0,
  "fracNeg": 0.25,
  "rho": 0.25,
  "FDRmethod": "BH1995",
  "numTests": 2000,
  "numRealizations": 2000,
  "effectSize": 3,
  "CImethod": "Wald",
  "q": 0.05,
  "alpha": 0.05,
  "seed": "shuffle",
  "BothSides": {
    "canonical": [
      0.76525399999999988,
      0.75351555586552732,
      0.77699244413447244
    ],
    "combined": [
      0.6429680000000001,
      0.63140569384897394,
      0.65453030615102625
    ],
    "twotailed": [
      0.6429680000000001,
      0.63140569384897394,
      0.65453030615102625
    ],
    "split2tail": [
      0.7331620000000002,
      0.72367724074505091,
      0.7426467592549495
    ],
    "canonicalbb": [
      0.76519399999999982,
      0.7534482482925775,
      0.77693975170742213
    ],
    "split2tailbb": [
      0.73311800000000016,
      0.72362702024859737,
      0.74260897975140294
    ]
  },
  "PosSide": {
    "canonical": [
      null,
      null,
      null
    ],
    "combined": [
      null,
      null,
      null
    ],
    "twotailed": [
      null,
      null,
      null
    ],
    "split2tail": [
      null,
      null,
      null
    ],
    "canonicalbb": [
      null,
      null,
      null
    ],
    "split2tailbb": [
      null,
      null,
      null
    ]
  },
  "NegSide": {
    "canonical": [
      0.76413879765210868,
      0.75231651787956921,
      0.77596107742464815
    ],
    "combined": [
      0.63785005543299267,
      0.62609627846623994,
      0.6496038323997454
    ],
    "twotailed": [
      0.63785005543299267,
      0.62609627846623994,
      0.6496038323997454
    ],
    "split2tail": [
      0.73282410615130977,
      0.72328486244807011,
      0.74236334985454944
    ],
    "canonicalbb": [
      0.764088905490847,
      0.75226062257844029,
      0.77591718840325363
    ],
    "split2tailbb": [
      0.73277898184566026,
      0.72323340586748419,
      0.74232455782383633
    ]
  },
  "elapsed": 3.7551267916666666
}