{
  "scenario": 8,
  "fracPos": 0,
  "fracNeg": 0.25,
  "rho_sign": 1,
  "FDRmethod": "BH1995",
  "numTests": 2000,
  "numRealizations": 2000,
  "effectSize": 3,
  "CImethod": "Wald",
  "q": 0.05,
  "alpha": 0.05,
  "seed": "shuffle",
  "BothSides": {
    "canonical": [
      0.039073339749809838,
      0.038633204832366062,
      0.039513474667253613
    ],
    "combined": [
      0.039365711182429118,
      0.038888816792248947,
      0.03984260557260929
    ],
    "twotailed": [
      0.039365711182429118,
      0.038888816792248947,
      0.03984260557260929
    ],
    "split2tail": [
      0.031779080008200004,
      0.031377896980360087,
      0.032180263036039922
    ]
  },
  "PosSide": {
    "canonical": [
      0.032,
      0.0242846725699043,
      0.039715327430095704
    ],
    "combined": [
      0.9975,
      0.99531088714895966,
      0.99968911285104045
    ],
    "twotailed": [
      0.9975,
      0.99531088714895966,
      0.99968911285104045
    ],
    "split2tail": [
      0.049,
      0.039536974890931012,
      0.058463025109068992
    ]
  },
  "NegSide": {
    "canonical": [
      0.038986611424073718,
      0.0385468844003853,
      0.039426338447762138
    ],
    "combined": [
      0.021032087784395029,
      0.0206901781239882,
      0.021373997444801857
    ],
    "twotailed": [
      0.021032087784395029,
      0.0206901781239882,
      0.021373997444801857
    ],
    "split2tail": [
      0.03163644183793788,
      0.031236734953317084,
      0.03203614872255868
    ]
  },
  "elapsed": 4.326399125
}