{
  "scenario": 10,
  "fracPos": 0.1,
  "fracNeg": 0.4,
  "rho": 0.25,
  "FDRmethod": "BH1995",
  "numTests": 2000,
  "numRealizations": 2000,
  "effectSize": 3,
  "CImethod": "Wald",
  "q": 0.05,
  "alpha": 0.05,
  "seed": "shuffle",
  "BothSides": {
    "canonical": [
      0.033891703949513581,
      0.031933626299872613,
      0.03584978159915455
    ],
    "combined": [
      0.026036072458520854,
      0.024762778597550703,
      0.027309366319491005
    ],
    "twotailed": [
      0.026036072458520854,
      0.024762778597550703,
      0.027309366319491005
    ],
    "split2tail": [
      0.025275859815924395,
      0.023800100302274668,
      0.026751619329574122
    ],
    "canonicalbb": [
      0.033891703949513581,
      0.031933626299872613,
      0.03584978159915455
    ],
    "split2tailbb": [
      0.025275859815924395,
      0.023800100302274668,
      0.026751619329574122
    ]
  },
  "PosSide": {
    "canonical": [
      0.02082090626549133,
      0.018933122195986033,
      0.022708690334996628
    ],
    "combined": [
      0.034582244195761988,
      0.032700403656442827,
      0.03646408473508115
    ],
    "twotailed": [
      0.034582244195761988,
      0.032700403656442827,
      0.03646408473508115
    ],
    "split2tail": [
      0.023193888588442846,
      0.021416213728105579,
      0.024971563448780112
    ],
    "canonicalbb": [
      0.02082090626549133,
      0.018933122195986033,
      0.022708690334996628
    ],
    "split2tailbb": [
      0.023193888588442846,
      0.021416213728105579,
      0.024971563448780112
    ]
  },
  "NegSide": {
    "canonical": [
      0.027774996928909088,
      0.026024457159041375,
      0.029525536698776802
    ],
    "combined": [
      0.016720032762121358,
      0.015585767342898647,
      0.017854298181344069
    ],
    "twotailed": [
      0.016720032762121358,
      0.015585767342898647,
      0.017854298181344069
    ],
    "split2tail": [
      0.0190141271776308,
      0.017804464468988514,
      0.020223789886273089
    ],
    "canonicalbb": [
      0.027774996928909088,
      0.026024457159041375,
      0.029525536698776802
    ],
    "split2tailbb": [
      0.0190141271776308,
      0.017804464468988514,
      0.020223789886273089
    ]
  },
  "elapsed": 4.1159315
}