{
  "scenario": 6,
  "effectSize": 3,
  "fracPos": 0,
  "fracNeg": 0,
  "rho_sign": 1,
  "FDRmethod": "BH1995",
  "numTests": 20,
  "numRealizations": 20000,
  "CImethod": "Wald",
  "q": 0.05,
  "alpha": 0.05,
  "seed": "shuffle",
  "BothSides": {
    "canonical": [
      0.0999,
      0.095744033140154061,
      0.10405596685984594
    ],
    "combined": [
      0.05115,
      0.048096727607914863,
      0.054203272392085139
    ],
    "twotailed": [
      0.05115,
      0.048096727607914863,
      0.054203272392085139
    ],
    "split2tail": [
      0.0932,
      0.089170903560101128,
      0.097229096439898882
    ]
  },
  "PosSide": {
    "canonical": [
      0.0494,
      0.046396647344867731,
      0.052403352655132268
    ],
    "combined": [
      0.0252,
      0.023027789135787624,
      0.027372210864212376
    ],
    "twotailed": [
      0.0252,
      0.023027789135787624,
      0.027372210864212376
    ],
    "split2tail": [
      0.0458,
      0.0429026804562866,
      0.048697319543713403
    ]
  },
  "NegSide": {
    "canonical": [
      0.05225,
      0.049165860633618781,
      0.055334139366381214
    ],
    "combined": [
      0.0279,
      0.02561754867827612,
      0.030182451321723883
    ],
    "twotailed": [
      0.0279,
      0.02561754867827612,
      0.030182451321723883
    ],
    "split2tail": [
      0.049,
      0.046008202125476717,
      0.051991797874523286
    ]
  },
  "elapsed": 3.307148333
}