{
  "scenario": 9,
  "fracPos": 0.25,
  "fracNeg": 0.25,
  "rho": 0.25,
  "FDRmethod": "BH1995",
  "numTests": 2000,
  "numRealizations": 2000,
  "effectSize": 3,
  "CImethod": "Wald",
  "q": 0.05,
  "alpha": 0.05,
  "seed": "shuffle",
  "BothSides": {
    "canonical": [
      0.74602200000000007,
      0.74399345302945641,
      0.74805054697054374
    ],
    "combined": [
      0.76280599999999943,
      0.76149993919749515,
      0.76411206080250371
    ],
    "twotailed": [
      0.76280599999999943,
      0.76149993919749515,
      0.76411206080250371
    ],
    "split2tail": [
      0.75775899999999952,
      0.75609631761937923,
      0.7594216823806198
    ],
    "canonicalbb": [
      0.7455325,
      0.74352315692612836,
      0.74754184307387173
    ],
    "split2tailbb": [
      0.75747699999999962,
      0.75581133575769943,
      0.75914266424229981
    ]
  },
  "PosSide": {
    "canonical": [
      0.74167415871153908,
      0.7304853475705293,
      0.75286296985254886
    ],
    "combined": [
      0.76005794860468634,
      0.75150937983749155,
      0.76860651737188113
    ],
    "twotailed": [
      0.76005794860468634,
      0.75150937983749155,
      0.76860651737188113
    ],
    "split2tail": [
      0.75431912663676337,
      0.744981198569177,
      0.76365705470434975
    ],
    "canonicalbb": [
      0.74132815871153912,
      0.730182206768206,
      0.75247411065487224
    ],
    "split2tailbb": [
      0.75421012663676334,
      0.74488474029424989,
      0.7635355129792768
    ]
  },
  "NegSide": {
    "canonical": [
      0.75122837275569232,
      0.74007521085159278,
      0.76238153465979186
    ],
    "combined": [
      0.7667724213037459,
      0.75820343202441765,
      0.77534141058307415
    ],
    "twotailed": [
      0.7667724213037459,
      0.75820343202441765,
      0.77534141058307415
    ],
    "split2tail": [
      0.76225872599710331,
      0.75296093147610954,
      0.77155652051809709
    ],
    "canonicalbb": [
      0.75059537275569232,
      0.739539117074175,
      0.76165162843720968
    ],
    "split2tailbb": [
      0.76180372599710333,
      0.75257947527942692,
      0.77102797671477974
    ]
  },
  "elapsed": 4.3030064166666664
}