{
  "scenario": 8,
  "fracPos": 0,
  "fracNeg": 0.25,
  "rho_sign": 1,
  "FDRmethod": "BH1995",
  "numTests": 20,
  "numRealizations": 20000,
  "effectSize": 3,
  "CImethod": "Wald",
  "q": 0.05,
  "alpha": 0.05,
  "seed": "shuffle",
  "BothSides": {
    "canonical": [
      0.19980557720058045,
      0.19798309560814423,
      0.20162805879301668
    ],
    "combined": [
      0.192684563492067,
      0.19050400885535754,
      0.19486511812877647
    ],
    "twotailed": [
      0.192684563492067,
      0.19050400885535754,
      0.19486511812877647
    ],
    "split2tail": [
      0.19387988095238426,
      0.19196352706003778,
      0.19579623484473074
    ]
  },
  "PosSide": {
    "canonical": [
      0.03565,
      0.033080248901835016,
      0.038219751098164986
    ],
    "combined": [
      0.0865,
      0.08260411363962282,
      0.090395886360377167
    ],
    "twotailed": [
      0.0865,
      0.08260411363962282,
      0.090395886360377167
    ],
    "split2tail": [
      0.0481,
      0.045134402872105267,
      0.051065597127894727
    ]
  },
  "NegSide": {
    "canonical": [
      0.19340801767677085,
      0.19163498449394767,
      0.19518105085959403
    ],
    "combined": [
      0.17747672619047924,
      0.17540089941924011,
      0.17955255296171838
    ],
    "twotailed": [
      0.17747672619047924,
      0.17540089941924011,
      0.17955255296171838
    ],
    "split2tail": [
      0.18505871031746343,
      0.18321588465512181,
      0.18690153597980505
    ]
  },
  "elapsed": 3.205723542
}