{
  "scenario": 10,
  "fracPos": 0.1,
  "fracNeg": 0.4,
  "rho": 0.25,
  "FDRmethod": "BH1995",
  "numTests": 2000,
  "numRealizations": 2000,
  "effectSize": 3,
  "CImethod": "Wald",
  "q": 0.05,
  "alpha": 0.05,
  "seed": "shuffle",
  "BothSides": {
    "canonical": [
      0.77239400000000025,
      0.76711929875744467,
      0.77766870124255583
    ],
    "combined": [
      0.75595100000000026,
      0.75026124785594639,
      0.76164075214405413
    ],
    "twotailed": [
      0.75595100000000026,
      0.75026124785594639,
      0.76164075214405413
    ],
    "split2tail": [
      0.76099299999999981,
      0.75594568541744056,
      0.76604031458255906
    ],
    "canonicalbb": [
      0.77154200000000017,
      0.76630274554328792,
      0.77678125445671242
    ],
    "split2tailbb": [
      0.76078149999999978,
      0.7557339212309242,
      0.76582907876907536
    ]
  },
  "PosSide": {
    "canonical": [
      0.60746538852576193,
      0.59454047719698611,
      0.62039029985453775
    ],
    "combined": [
      0.78636894338008,
      0.7778279728930092,
      0.79490991386715082
    ],
    "twotailed": [
      0.78636894338008,
      0.7778279728930092,
      0.79490991386715082
    ],
    "split2tail": [
      0.68499937196245542,
      0.67452719895650814,
      0.69547154496840269
    ],
    "canonicalbb": [
      0.60681538852576178,
      0.5940083064054531,
      0.61962247064607046
    ],
    "split2tailbb": [
      0.68451187196245544,
      0.67413434478550172,
      0.69488939913940917
    ]
  },
  "NegSide": {
    "canonical": [
      0.81424394539043865,
      0.804696761148125,
      0.82379112963275225
    ],
    "combined": [
      0.74904776538397222,
      0.73996484017159858,
      0.75813069059634586
    ],
    "twotailed": [
      0.74904776538397222,
      0.73996484017159858,
      0.75813069059634586
    ],
    "split2tail": [
      0.78065889991315984,
      0.77195569129441965,
      0.7893621085319
    ],
    "canonicalbb": [
      0.81334144539043862,
      0.80386918644624772,
      0.82281370433462953
    ],
    "split2tailbb": [
      0.78051639991315991,
      0.77183224045482746,
      0.78920055937149236
    ]
  },
  "elapsed": 4.3322630416666668
}