{
  "scenario": 6,
  "effectSize": 3,
  "fracPos": 0,
  "fracNeg": 0,
  "rho_sign": 1,
  "FDRmethod": "BH1995",
  "numTests": 2000,
  "numRealizations": 2000,
  "CImethod": "Wald",
  "q": 0.05,
  "alpha": 0.05,
  "seed": "shuffle",
  "BothSides": {
    "canonical": [
      0.0975,
      0.084496280073852459,
      0.11050371992614755
    ],
    "combined": [
      0.0495,
      0.039991317331116515,
      0.05900868266888349
    ],
    "twotailed": [
      0.0495,
      0.039991317331116515,
      0.05900868266888349
    ],
    "split2tail": [
      0.096,
      0.083085977887152079,
      0.10891402211284792
    ],
    "reviewer1": [
      0.0495,
      0.039991317331116515,
      0.05900868266888349
    ],
    "reviewer2": [
      0.05,
      0.040445928243149236,
      0.05955407175685077
    ]
  },
  "PosSide": {
    "canonical": [
      0.0505,
      0.040900803818680859,
      0.060099196181319148
    ],
    "combined": [
      0.027,
      0.019894739645756943,
      0.034105260354243057
    ],
    "twotailed": [
      0.027,
      0.019894739645756943,
      0.034105260354243057
    ],
    "split2tail": [
      0.0495,
      0.039991317331116522,
      0.059008682668883483
    ],
    "reviewer1": [
      0.027,
      0.019894739645756943,
      0.034105260354243057
    ],
    "reviewer2": [
      0.0275,
      0.02033109466028081,
      0.03466890533971919
    ]
  },
  "NegSide": {
    "canonical": [
      0.0485,
      0.039082904827544347,
      0.057917095172455656
    ],
    "combined": [
      0.024,
      0.017290777053619269,
      0.030709222946380732
    ],
    "twotailed": [
      0.024,
      0.017290777053619269,
      0.030709222946380732
    ],
    "split2tail": [
      0.048,
      0.038629111145991754,
      0.057370888854008248
    ],
    "reviewer1": [
      0.0235,
      0.016859332295614239,
      0.030140667704385761
    ],
    "reviewer2": [
      0.0235,
      0.016859332295614239,
      0.030140667704385761
    ]
  },
  "elapsed": 4.0019964166666666
}