{
  "scenario": 10,
  "fracPos": 0.1,
  "fracNeg": 0.4,
  "rho": 0.25,
  "FDRmethod": "BH1995",
  "numTests": 2000,
  "numRealizations": 2000,
  "effectSize": 3,
  "CImethod": "Wald",
  "q": 0.05,
  "alpha": 0.05,
  "seed": "shuffle",
  "BothSides": {
    "canonical": [
      0.034422219316571828,
      0.03228058693721,
      0.036563851695933659
    ],
    "combined": [
      0.026979234440427973,
      0.025574356202207486,
      0.02838411267864846
    ],
    "twotailed": [
      0.026979234440427973,
      0.025574356202207486,
      0.02838411267864846
    ],
    "split2tail": [
      0.026171764942618986,
      0.024497464729768239,
      0.027846065155469734
    ],
    "canonicalbb": [
      0.033679099255642442,
      0.031675633804527759,
      0.035682564706757125
    ],
    "split2tailbb": [
      0.025945351619183123,
      0.024360902686648166,
      0.027529800551718081
    ]
  },
  "PosSide": {
    "canonical": [
      0.024040517959939712,
      0.021873198051217256,
      0.026207837868662168
    ],
    "combined": [
      0.037868560280561681,
      0.035818972666584938,
      0.039918147894538424
    ],
    "twotailed": [
      0.037868560280561681,
      0.035818972666584938,
      0.039918147894538424
    ],
    "split2tail": [
      0.026492647797719281,
      0.024468589352272564,
      0.028516706243165997
    ],
    "canonicalbb": [
      0.023848013686773174,
      0.021752467254162817,
      0.025943560119383532
    ],
    "split2tailbb": [
      0.026338012287752465,
      0.024372270784171271,
      0.028303753791333659
    ]
  },
  "NegSide": {
    "canonical": [
      0.026170347981633316,
      0.024430781403255733,
      0.0279099145600109
    ],
    "combined": [
      0.015815701854609895,
      0.014671612136084535,
      0.016959791573135253
    ],
    "twotailed": [
      0.015815701854609895,
      0.014671612136084535,
      0.016959791573135253
    ],
    "split2tail": [
      0.017914675791117558,
      0.016703054676508976,
      0.019126296905726141
    ],
    "canonicalbb": [
      0.025619732193870461,
      0.023966069392824037,
      0.027273394994916884
    ],
    "split2tailbb": [
      0.017842897977648511,
      0.016657211947210041,
      0.01902858400808698
    ]
  },
  "elapsed": 4.331638083333333
}