{
  "scenario": 10,
  "fracPos": 0.1,
  "fracNeg": 0.4,
  "rho_sign": 1,
  "FDRmethod": "BH1995",
  "numTests": 20,
  "numRealizations": 100000,
  "effectSize": 3,
  "CImethod": "Wald",
  "q": 0.05,
  "alpha": 0.05,
  "seed": "shuffle",
  "BothSides": {
    "canonical": [
      0.11845928138528185,
      0.11803969296481899,
      0.11887886980574471
    ],
    "combined": [
      0.11114408202908244,
      0.11069849008812001,
      0.11158967397004486
    ],
    "twotailed": [
      0.11114408202908244,
      0.11069849008812001,
      0.11158967397004486
    ],
    "split2tail": [
      0.11332862393162439,
      0.1129004162338787,
      0.11375683162937009
    ]
  },
  "PosSide": {
    "canonical": [
      0.02250780952380952,
      0.021897575306718698,
      0.023118043740900342
    ],
    "combined": [
      0.040814000000000017,
      0.040001827506677037,
      0.041626172493322997
    ],
    "twotailed": [
      0.040814000000000017,
      0.040001827506677037,
      0.041626172493322997
    ],
    "split2tail": [
      0.031856309523809509,
      0.03115099101085763,
      0.032561628036761388
    ]
  },
  "NegSide": {
    "canonical": [
      0.13117657015207068,
      0.13070920481969242,
      0.13164393548444894
    ],
    "combined": [
      0.12316965714840757,
      0.12266185435676516,
      0.12367745994004997
    ],
    "twotailed": [
      0.12316965714840757,
      0.12266185435676516,
      0.12367745994004997
    ],
    "split2tail": [
      0.12526500185925235,
      0.12477953697390019,
      0.12575046674460449
    ]
  },
  "elapsed": 15.708228959
}