{
  "scenario": 8,
  "fracPos": 0,
  "fracNeg": 0.25,
  "rho_sign": 1,
  "FDRmethod": "BH1995",
  "numTests": 20,
  "numRealizations": 100000,
  "effectSize": 3,
  "CImethod": "Wald",
  "q": 0.05,
  "alpha": 0.05,
  "seed": "shuffle",
  "BothSides": {
    "canonical": [
      0.20053857287157215,
      0.19972429687124141,
      0.20135284887190288
    ],
    "combined": [
      0.19321213888888855,
      0.19223326948999533,
      0.19419100828778177
    ],
    "twotailed": [
      0.19321213888888855,
      0.19223326948999533,
      0.19419100828778177
    ],
    "split2tail": [
      0.19452765873015815,
      0.19367193767649823,
      0.19538337978381806
    ]
  },
  "PosSide": {
    "canonical": [
      0.03497,
      0.033831407061745013,
      0.036108592938254989
    ],
    "combined": [
      0.08256,
      0.080854216377835852,
      0.084265783622164137
    ],
    "twotailed": [
      0.08256,
      0.080854216377835852,
      0.084265783622164137
    ],
    "split2tail": [
      0.04616,
      0.044859468343076365,
      0.047460531656923634
    ]
  },
  "NegSide": {
    "canonical": [
      0.19415979473304407,
      0.19336751006114375,
      0.19495207940494438
    ],
    "combined": [
      0.17876029365079332,
      0.17782221273698096,
      0.17969837456460569
    ],
    "twotailed": [
      0.17876029365079332,
      0.17782221273698096,
      0.17969837456460569
    ],
    "split2tail": [
      0.18596615476190423,
      0.18514101698310487,
      0.18679129254070359
    ]
  },
  "elapsed": 16.05766625
}