{
  "scenario": 6,
  "effectSize": 3,
  "fracPos": 0,
  "fracNeg": 0,
  "rho_sign": 1,
  "FDRmethod": "BH1995",
  "numTests": 20,
  "numRealizations": 100000,
  "CImethod": "Wald",
  "q": 0.05,
  "alpha": 0.05,
  "seed": "shuffle",
  "BothSides": {
    "canonical": [
      0.09714,
      0.095304478320411362,
      0.098975521679588646
    ],
    "combined": [
      0.04946,
      0.0481161137293021,
      0.050803886270697894
    ],
    "twotailed": [
      0.04946,
      0.0481161137293021,
      0.050803886270697894
    ],
    "split2tail": [
      0.08966,
      0.087889273679828822,
      0.091430726320171185
    ]
  },
  "PosSide": {
    "canonical": [
      0.04909,
      0.047750889282716757,
      0.050429110717283246
    ],
    "combined": [
      0.02507,
      0.024101021487017354,
      0.026038978512982643
    ],
    "twotailed": [
      0.02507,
      0.024101021487017354,
      0.026038978512982643
    ],
    "split2tail": [
      0.04543,
      0.044139299371355842,
      0.046720700628644155
    ]
  },
  "NegSide": {
    "canonical": [
      0.04949,
      0.048145727437274875,
      0.050834272562725123
    ],
    "combined": [
      0.02588,
      0.024895901366971139,
      0.026864098633028861
    ],
    "twotailed": [
      0.02588,
      0.024895901366971139,
      0.026864098633028861
    ],
    "split2tail": [
      0.04574,
      0.044445113501740872,
      0.047034886498259133
    ]
  },
  "elapsed": 16.386411375
}