{
  "scenario": 7,
  "fracPos": 0.25,
  "fracNeg": 0,
  "rho": 0.25,
  "FDRmethod": "BH1995",
  "numTests": 2000,
  "numRealizations": 2000,
  "effectSize": 3,
  "CImethod": "Wald",
  "q": 0.05,
  "alpha": 0.05,
  "seed": "shuffle",
  "BothSides": {
    "canonical": [
      0.04207897442865257,
      0.038069694573152693,
      0.046088254284152447
    ],
    "combined": [
      0.039418457480753337,
      0.036309286602247269,
      0.042527628359259405
    ],
    "twotailed": [
      0.039418457480753337,
      0.036309286602247269,
      0.042527628359259405
    ],
    "split2tail": [
      0.025747624328021787,
      0.023171311576519735,
      0.028323937079523839
    ],
    "canonicalbb": [
      0.041078974428652569,
      0.0372957960659228,
      0.044862152791382337
    ],
    "split2tailbb": [
      0.025247624328021787,
      0.022854814096928737,
      0.027640434559114836
    ]
  },
  "PosSide": {
    "canonical": [
      0.034988611001104314,
      0.032373058523105694,
      0.037604163479102934
    ],
    "combined": [
      0.017528245729763931,
      0.015915493936065717,
      0.019140997523462145
    ],
    "twotailed": [
      0.017528245729763931,
      0.015915493936065717,
      0.019140997523462145
    ],
    "split2tail": [
      0.022527539613163453,
      0.020819827535255925,
      0.024235251691070981
    ],
    "canonicalbb": [
      0.034988611001104314,
      0.032373058523105694,
      0.037604163479102934
    ],
    "split2tailbb": [
      0.022527539613163453,
      0.020819827535255925,
      0.024235251691070981
    ]
  },
  "NegSide": {
    "canonical": [
      0.0375,
      0.029171674378451362,
      0.045828325621548635
    ],
    "combined": [
      0.7035,
      0.68347898487622527,
      0.72352101512377476
    ],
    "twotailed": [
      0.7035,
      0.68347898487622527,
      0.72352101512377476
    ],
    "split2tail": [
      0.0285,
      0.021205667996929276,
      0.035794332003070722
    ],
    "canonicalbb": [
      0.0365,
      0.028279201834251456,
      0.044720798165748539
    ],
    "split2tailbb": [
      0.028,
      0.020768076190044456,
      0.035231923809955545
    ]
  },
  "elapsed": 3.71755225
}