{
  "scenario": 9,
  "fracPos": 0.25,
  "fracNeg": 0.25,
  "rho": 0.25,
  "FDRmethod": "BH1995",
  "numTests": 2000,
  "numRealizations": 2000,
  "effectSize": 3,
  "CImethod": "Wald",
  "q": 0.05,
  "alpha": 0.05,
  "seed": "shuffle",
  "BothSides": {
    "canonical": [
      0.035257772216475552,
      0.033293790185270636,
      0.037221754247680469
    ],
    "combined": [
      0.025651661767300295,
      0.024434531619055237,
      0.026868791915545354
    ],
    "twotailed": [
      0.025651661767300295,
      0.024434531619055237,
      0.026868791915545354
    ],
    "split2tail": [
      0.027639191043699961,
      0.026174322677594571,
      0.029104059409805351
    ],
    "canonicalbb": [
      0.035257772216475552,
      0.033293790185270636,
      0.037221754247680469
    ],
    "split2tailbb": [
      0.027639191043699961,
      0.026174322677594571,
      0.029104059409805351
    ]
  },
  "PosSide": {
    "canonical": [
      0.023798668438803666,
      0.022043395456810957,
      0.025553941420796374
    ],
    "combined": [
      0.019079281756066248,
      0.017816709894133722,
      0.020341853617998774
    ],
    "twotailed": [
      0.019079281756066248,
      0.017816709894133722,
      0.020341853617998774
    ],
    "split2tail": [
      0.019866805618545178,
      0.018484582582679033,
      0.021249028654411323
    ],
    "canonicalbb": [
      0.023798668438803666,
      0.022043395456810957,
      0.025553941420796374
    ],
    "split2tailbb": [
      0.019866805618545178,
      0.018484582582679033,
      0.021249028654411323
    ]
  },
  "NegSide": {
    "canonical": [
      0.025653152123093645,
      0.023924933615102659,
      0.027381370631084631
    ],
    "combined": [
      0.020979516321044965,
      0.01972751922809534,
      0.02223151341399459
    ],
    "twotailed": [
      0.020979516321044965,
      0.01972751922809534,
      0.02223151341399459
    ],
    "split2tail": [
      0.021756559421195712,
      0.020395545464508575,
      0.023117573377882849
    ],
    "canonicalbb": [
      0.025653152123093645,
      0.023924933615102659,
      0.027381370631084631
    ],
    "split2tailbb": [
      0.021756559421195712,
      0.020395545464508575,
      0.023117573377882849
    ]
  },
  "elapsed": 4.0333130416666663
}