{
  "scenario": 9,
  "fracPos": 0.25,
  "fracNeg": 0.25,
  "rho_sign": 1,
  "FDRmethod": "BH1995",
  "numTests": 20,
  "numRealizations": 20000,
  "effectSize": 3,
  "CImethod": "Wald",
  "q": 0.05,
  "alpha": 0.05,
  "seed": "shuffle",
  "BothSides": {
    "canonical": [
      0.11706959554334476,
      0.1160608418479422,
      0.11807834923874731
    ],
    "combined": [
      0.11174257034631969,
      0.11076531035554731,
      0.11271983033709208
    ],
    "twotailed": [
      0.11174257034631969,
      0.11076531035554731,
      0.11271983033709208
    ],
    "split2tail": [
      0.11425226925851849,
      0.11327171151500938,
      0.1152328270020276
    ]
  },
  "PosSide": {
    "canonical": [
      0.023286626984127139,
      0.022336656155315406,
      0.024236597812938871
    ],
    "combined": [
      0.022366091269841397,
      0.021426059860950149,
      0.023306122678732645
    ],
    "twotailed": [
      0.022366091269841397,
      0.021426059860950149,
      0.023306122678732645
    ],
    "split2tail": [
      0.022808234126984274,
      0.02187263784728942,
      0.023743830406679128
    ]
  },
  "NegSide": {
    "canonical": [
      0.18463163780664044,
      0.18291365793941972,
      0.18634961767386116
    ],
    "combined": [
      0.18192518939394225,
      0.18023260083608517,
      0.18361777795179934
    ],
    "twotailed": [
      0.18192518939394225,
      0.18023260083608517,
      0.18361777795179934
    ],
    "split2tail": [
      0.18278221320346572,
      0.18107167801039797,
      0.18449274839653346
    ]
  },
  "elapsed": 3.177930542
}