{
  "scenario": 7,
  "fracPos": 0.25,
  "fracNeg": 0,
  "rho_sign": 1,
  "FDRmethod": "BH1995",
  "numTests": 2000,
  "numRealizations": 2000,
  "effectSize": 3,
  "CImethod": "Wald",
  "q": 0.05,
  "alpha": 0.05,
  "seed": "shuffle",
  "BothSides": {
    "canonical": [
      0.037606395834754523,
      0.037161764354649254,
      0.038051027314859792
    ],
    "combined": [
      0.037644924671501837,
      0.037181328916653711,
      0.038108520426349962
    ],
    "twotailed": [
      0.037644924671501837,
      0.037181328916653711,
      0.038108520426349962
    ],
    "split2tail": [
      0.030109216083842857,
      0.029714841896790432,
      0.030503590270895282
    ],
    "reviewer1": [
      0.015173130911203493,
      0.014865768499532403,
      0.015480493322874583
    ],
    "reviewer2": [
      0.019056409614382361,
      0.018722733036905904,
      0.019390086191858818
    ]
  },
  "PosSide": {
    "canonical": [
      0.037472761459687053,
      0.037029465357931508,
      0.0379160575614426
    ],
    "combined": [
      0.019133626622551227,
      0.018800027875242674,
      0.019467225369859779
    ],
    "twotailed": [
      0.019133626622551227,
      0.018800027875242674,
      0.019467225369859779
    ],
    "split2tail": [
      0.029939236430280292,
      0.029546269693939729,
      0.030332203166620855
    ],
    "reviewer1": [
      0.015072743150891259,
      0.014767016809030625,
      0.015378469492751894
    ],
    "reviewer2": [
      0.018994989606608604,
      0.018662429057926398,
      0.01932755015529081
    ]
  },
  "NegSide": {
    "canonical": [
      0.048,
      0.038629111145991754,
      0.057370888854008248
    ],
    "combined": [
      0.9985,
      0.99680347072523423,
      1.0001965292747659
    ],
    "twotailed": [
      0.9985,
      0.99680347072523423,
      1.0001965292747659
    ],
    "split2tail": [
      0.057,
      0.046836694783584119,
      0.067163305216415892
    ],
    "reviewer1": [
      0.0295,
      0.022082620975595223,
      0.03691737902440477
    ],
    "reviewer2": [
      0.0185,
      0.012592921937510267,
      0.024407078062489731
    ]
  },
  "elapsed": 3.8900175416666665
}