{
  "scenario": 6,
  "effectSize": 3,
  "fracPos": 0,
  "fracNeg": 0,
  "rho_sign": 1,
  "FDRmethod": "BH1995",
  "numTests": 2000,
  "numRealizations": 2000,
  "CImethod": "Wald",
  "q": 0.05,
  "alpha": 0.05,
  "seed": "shuffle",
  "BothSides": {
    "canonical": [
      0.094,
      0.08120707895290305,
      0.10679292104709695
    ],
    "combined": [
      0.049,
      0.039536974890931012,
      0.058463025109068992
    ],
    "twotailed": [
      0.049,
      0.039536974890931012,
      0.058463025109068992
    ],
    "split2tail": [
      0.0935,
      0.0807376278752354,
      0.1062623721247646
    ]
  },
  "PosSide": {
    "canonical": [
      0.0455,
      0.036364436121798183,
      0.054635563878201815
    ],
    "combined": [
      0.027,
      0.019894739645756939,
      0.034105260354243064
    ],
    "twotailed": [
      0.027,
      0.019894739645756939,
      0.034105260354243064
    ],
    "split2tail": [
      0.046,
      0.036816784050712079,
      0.05518321594928792
    ]
  },
  "NegSide": {
    "canonical": [
      0.0525,
      0.042722879787699515,
      0.062277120212300481
    ],
    "combined": [
      0.026,
      0.019023977922222133,
      0.032976022077777861
    ],
    "twotailed": [
      0.026,
      0.019023977922222133,
      0.032976022077777861
    ],
    "split2tail": [
      0.0515,
      0.041811334190051251,
      0.061188665809948743
    ]
  },
  "elapsed": 4.1143197083333334
}