{
  "scenario": 9,
  "fracPos": 0.25,
  "fracNeg": 0.25,
  "rho": 0.25,
  "FDRmethod": "BH1995",
  "numTests": 2000,
  "numRealizations": 2000,
  "effectSize": 3,
  "CImethod": "Wald",
  "q": 0.05,
  "alpha": 0.05,
  "seed": "shuffle",
  "BothSides": {
    "canonical": [
      0.037912147888175089,
      0.0357361375478412,
      0.040088158228508981
    ],
    "combined": [
      0.027208798117502757,
      0.025834918743249984,
      0.028582677491755529
    ],
    "twotailed": [
      0.027208798117502757,
      0.025834918743249984,
      0.028582677491755529
    ],
    "split2tail": [
      0.029441711266896008,
      0.027807482599425989,
      0.031075939934366026
    ],
    "canonicalbb": [
      0.037499456711760373,
      0.035429346400969439,
      0.039569567022551308
    ],
    "split2tailbb": [
      0.0291910728556745,
      0.027638056415007758,
      0.030744089296341238
    ]
  },
  "PosSide": {
    "canonical": [
      0.024258882140809672,
      0.02244681923363237,
      0.026070945047986974
    ],
    "combined": [
      0.019315884552583904,
      0.018008095063416496,
      0.020623674041751312
    ],
    "twotailed": [
      0.019315884552583904,
      0.018008095063416496,
      0.020623674041751312
    ],
    "split2tail": [
      0.020133013558657733,
      0.018707608360220417,
      0.021558418757095049
    ],
    "canonicalbb": [
      0.024096502915111208,
      0.022331963784113611,
      0.025861042046108805
    ],
    "split2tailbb": [
      0.020072670865992404,
      0.018664973754742787,
      0.02148036797724202
    ]
  },
  "NegSide": {
    "canonical": [
      0.027835452875529344,
      0.025858749959300018,
      0.029812155791758669
    ],
    "combined": [
      0.022423229512700111,
      0.020985625478178473,
      0.023860833547221749
    ],
    "twotailed": [
      0.022423229512700111,
      0.020985625478178473,
      0.023860833547221749
    ],
    "split2tail": [
      0.023312080675913862,
      0.021750077445654686,
      0.024874083906173038
    ],
    "canonicalbb": [
      0.027585140924813081,
      0.025685244890232252,
      0.029485036959393911
    ],
    "split2tailbb": [
      0.023121784957357682,
      0.021630281749147624,
      0.024613288165567741
    ]
  },
  "elapsed": 4.302449291666667
}