{
  "scenario": 7,
  "fracPos": 0.25,
  "fracNeg": 0,
  "rho": 0.25,
  "FDRmethod": "BH1995",
  "numTests": 2000,
  "numRealizations": 2000,
  "effectSize": 3,
  "CImethod": "Wald",
  "q": 0.05,
  "alpha": 0.05,
  "seed": "shuffle",
  "BothSides": {
    "canonical": [
      0.76437800000000033,
      0.75278610053499773,
      0.77596989946500294
    ],
    "combined": [
      0.64210600000000018,
      0.63060592871437293,
      0.65360607128562742
    ],
    "twotailed": [
      0.64210600000000018,
      0.63060592871437293,
      0.65360607128562742
    ],
    "split2tail": [
      0.73247999999999958,
      0.72312319348184284,
      0.74183680651815631
    ]
  },
  "PosSide": {
    "canonical": [
      0.764351506715593,
      0.75273198207135728,
      0.77597103135982881
    ],
    "combined": [
      0.63750967476403564,
      0.62584112778382361,
      0.64917822174424766
    ],
    "twotailed": [
      0.63750967476403564,
      0.62584112778382361,
      0.64917822174424766
    ],
    "split2tail": [
      0.73277628992816768,
      0.7234213777484193,
      0.742131202107916
    ]
  },
  "NegSide": {
    "canonical": [
      null,
      null,
      null
    ],
    "combined": [
      null,
      null,
      null
    ],
    "twotailed": [
      null,
      null,
      null
    ],
    "split2tail": [
      null,
      null,
      null
    ]
  },
  "elapsed": 2.1942922916666667
}