{
  "scenario": 7,
  "fracPos": 0.25,
  "fracNeg": 0,
  "rho_sign": 1,
  "FDRmethod": "BH1995",
  "numTests": 20,
  "numRealizations": 20000,
  "effectSize": 3,
  "CImethod": "Wald",
  "q": 0.05,
  "alpha": 0.05,
  "seed": "shuffle",
  "BothSides": {
    "canonical": [
      0.047614027777777332,
      0.046182426904628808,
      0.049045628650925856
    ],
    "combined": [
      0.037348234126983994,
      0.0360188531306366,
      0.038677615123331385
    ],
    "twotailed": [
      0.037348234126983994,
      0.0360188531306366,
      0.038677615123331385
    ],
    "split2tail": [
      0.040932678571428349,
      0.0395519575214392,
      0.042313399621417495
    ]
  },
  "PosSide": {
    "canonical": [
      0.037397976190476009,
      0.036180666561410058,
      0.038615285819541961
    ],
    "combined": [
      0.018522559523809594,
      0.017618408029049893,
      0.019426711018569295
    ],
    "twotailed": [
      0.018522559523809594,
      0.017618408029049893,
      0.019426711018569295
    ],
    "split2tail": [
      0.028298075396825464,
      0.027221482423577619,
      0.029374668370073308
    ]
  },
  "NegSide": {
    "canonical": [
      0.0386,
      0.035930132787148086,
      0.041269867212851918
    ],
    "combined": [
      0.07615,
      0.072473965012497546,
      0.079826034987502445
    ],
    "twotailed": [
      0.07615,
      0.072473965012497546,
      0.079826034987502445
    ],
    "split2tail": [
      0.04745,
      0.044503503362076077,
      0.050396496637923921
    ]
  },
  "elapsed": 3.217271125
}