{
  "scenario": 7,
  "fracPos": 0.25,
  "fracNeg": 0,
  "rho": 0.25,
  "FDRmethod": "BH1995",
  "numTests": 2000,
  "numRealizations": 2000,
  "effectSize": 3,
  "CImethod": "Wald",
  "q": 0.05,
  "alpha": 0.05,
  "seed": "shuffle",
  "BothSides": {
    "canonical": [
      0.776201,
      0.76455600777564037,
      0.78784599222435969
    ],
    "combined": [
      0.652712,
      0.64118792740944985,
      0.66423607259055006
    ],
    "twotailed": [
      0.652712,
      0.64118792740944985,
      0.66423607259055006
    ],
    "split2tail": [
      0.74148,
      0.73204661913309421,
      0.75091338086690584
    ],
    "canonicalbb": [
      0.6478330000000001,
      0.63615132777615258,
      0.65951467222384763
    ],
    "split2tailbb": [
      0.61505300000000007,
      0.60503026969208729,
      0.62507573030791286
    ]
  },
  "PosSide": {
    "canonical": [
      0.77574492600760836,
      0.76404498795263209,
      0.78744486406258463
    ],
    "combined": [
      0.647865069548634,
      0.6361472408040133,
      0.65958289829325467
    ],
    "twotailed": [
      0.647865069548634,
      0.6361472408040133,
      0.65958289829325467
    ],
    "split2tail": [
      0.74151384282902322,
      0.73205862081308326,
      0.75096906484496317
    ],
    "canonicalbb": [
      0.64751698656135781,
      0.63579810432870487,
      0.65923586879401075
    ],
    "split2tailbb": [
      0.61495047648497236,
      0.60490989339592671,
      0.624991059574018
    ]
  },
  "NegSide": {
    "canonical": [
      null,
      null,
      null
    ],
    "combined": [
      null,
      null,
      null
    ],
    "twotailed": [
      null,
      null,
      null
    ],
    "split2tail": [
      null,
      null,
      null
    ],
    "canonicalbb": [
      null,
      null,
      null
    ],
    "split2tailbb": [
      null,
      null,
      null
    ]
  },
  "elapsed": 3.9452071666666666
}