{
  "scenario": 10,
  "fracPos": 0.1,
  "fracNeg": 0.4,
  "rho_sign": 1,
  "FDRmethod": "BH1995",
  "numTests": 20,
  "numRealizations": 20000,
  "effectSize": 3,
  "CImethod": "Wald",
  "q": 0.05,
  "alpha": 0.05,
  "seed": "shuffle",
  "BothSides": {
    "canonical": [
      0.11843290334665246,
      0.11749760703740808,
      0.11936819965589685
    ],
    "combined": [
      0.11133389554889501,
      0.11032806446919785,
      0.11233972662859218
    ],
    "twotailed": [
      0.11133389554889501,
      0.11032806446919785,
      0.11233972662859218
    ],
    "split2tail": [
      0.11335553751803681,
      0.11240045399509163,
      0.114310621040982
    ]
  },
  "PosSide": {
    "canonical": [
      0.022858333333333279,
      0.021468972972325969,
      0.024247693694340589
    ],
    "combined": [
      0.041396666666666831,
      0.039571014000780246,
      0.043222319332553417
    ],
    "twotailed": [
      0.041396666666666831,
      0.039571014000780246,
      0.043222319332553417
    ],
    "split2tail": [
      0.031998333333333344,
      0.030411257539858894,
      0.03358540912680779
    ]
  },
  "NegSide": {
    "canonical": [
      0.13109045218669943,
      0.13005154680476619,
      0.13212935756863267
    ],
    "combined": [
      0.12321066558441449,
      0.12206731779429877,
      0.1243540133745302
    ],
    "twotailed": [
      0.12321066558441449,
      0.12206731779429877,
      0.1243540133745302
    ],
    "split2tail": [
      0.12537129689754514,
      0.12429144180018631,
      0.12645115199490398
    ]
  },
  "elapsed": 3.179653792
}