{
  "scenario": 9,
  "fracPos": 0.25,
  "fracNeg": 0.25,
  "rho_sign": 1,
  "FDRmethod": "BH1995",
  "numTests": 2000,
  "numRealizations": 2000,
  "effectSize": 3,
  "CImethod": "Wald",
  "q": 0.05,
  "alpha": 0.05,
  "seed": "shuffle",
  "BothSides": {
    "canonical": [
      0.026209415496807414,
      0.02595962983806888,
      0.026459201155545949
    ],
    "combined": [
      0.026148666938963904,
      0.025899729715075114,
      0.026397604162852695
    ],
    "twotailed": [
      0.026148666938963904,
      0.025899729715075114,
      0.026397604162852695
    ],
    "split2tail": [
      0.026183176118637241,
      0.025934159331325736,
      0.026432192905948747
    ]
  },
  "PosSide": {
    "canonical": [
      0.02510311465905098,
      0.024740008179297973,
      0.025466221138803986
    ],
    "combined": [
      0.025058987843615939,
      0.024702636245495083,
      0.025415339441736795
    ],
    "twotailed": [
      0.025058987843615939,
      0.024702636245495083,
      0.025415339441736795
    ],
    "split2tail": [
      0.025084295797771439,
      0.024725597251467828,
      0.02544299434407505
    ]
  },
  "NegSide": {
    "canonical": [
      0.027193764794643974,
      0.026836520412395665,
      0.027551009176892283
    ],
    "combined": [
      0.027160724045753041,
      0.026809770227362764,
      0.027511677864143318
    ],
    "twotailed": [
      0.027160724045753041,
      0.026809770227362764,
      0.027511677864143318
    ],
    "split2tail": [
      0.027172801290763757,
      0.026817844300512914,
      0.0275277582810146
    ]
  },
  "elapsed": 4.095040875
}