{
  "scenario": 8,
  "fracPos": 0,
  "fracNeg": 0.25,
  "rho": 0.25,
  "FDRmethod": "BH1995",
  "numTests": 2000,
  "numRealizations": 2000,
  "effectSize": 3,
  "CImethod": "Wald",
  "q": 0.05,
  "alpha": 0.05,
  "seed": "shuffle",
  "BothSides": {
    "canonical": [
      0.043138653549002058,
      0.039415561355964572,
      0.046861745742039544
    ],
    "combined": [
      0.040338448671109826,
      0.037394348763851011,
      0.043282548578368642
    ],
    "twotailed": [
      0.040338448671109826,
      0.037394348763851011,
      0.043282548578368642
    ],
    "split2tail": [
      0.027646133637272721,
      0.025115848294073744,
      0.030176418980471697
    ],
    "canonicalbb": [
      0.042638653549002058,
      0.039035462039005007,
      0.046241845058999108
    ],
    "split2tailbb": [
      0.027646133637272721,
      0.025115848294073744,
      0.030176418980471697
    ]
  },
  "PosSide": {
    "canonical": [
      0.0295,
      0.02208262097559523,
      0.03691737902440477
    ],
    "combined": [
      0.716,
      0.69623224384738436,
      0.73576775615261558
    ],
    "twotailed": [
      0.716,
      0.69623224384738436,
      0.73576775615261558
    ],
    "split2tail": [
      0.0245,
      0.017722986152937003,
      0.031277013847062995
    ],
    "canonicalbb": [
      0.029,
      0.021643854548480255,
      0.036356145451519745
    ],
    "split2tailbb": [
      0.0245,
      0.017722986152937003,
      0.031277013847062995
    ]
  },
  "NegSide": {
    "canonical": [
      0.037669457413836864,
      0.035100260918985757,
      0.040238653908687971
    ],
    "combined": [
      0.019906805521790933,
      0.018332474546990236,
      0.02148113649659163
    ],
    "twotailed": [
      0.019906805521790933,
      0.018332474546990236,
      0.02148113649659163
    ],
    "split2tail": [
      0.024987911847890541,
      0.023319623622010319,
      0.026656200073770762
    ],
    "canonicalbb": [
      0.037669457413836864,
      0.035100260918985757,
      0.040238653908687971
    ],
    "split2tailbb": [
      0.024987911847890541,
      0.023319623622010319,
      0.026656200073770762
    ]
  },
  "elapsed": 3.7544694166666668
}