{
  "scenario": 8,
  "fracPos": 0,
  "fracNeg": 0.25,
  "rho": 0.25,
  "FDRmethod": "BH1995",
  "numTests": 2000,
  "numRealizations": 2000,
  "effectSize": 3,
  "CImethod": "Wald",
  "q": 0.05,
  "alpha": 0.05,
  "seed": "shuffle",
  "BothSides": {
    "canonical": [
      0.76960100000000009,
      0.7576808497188835,
      0.78152115028111668
    ],
    "combined": [
      0.64837999999999985,
      0.63671989241267246,
      0.66004010758732723
    ],
    "twotailed": [
      0.64837999999999985,
      0.63671989241267246,
      0.66004010758732723
    ],
    "split2tail": [
      0.73697699999999988,
      0.7273380819168076,
      0.74661591808319216
    ],
    "canonicalbb": [
      0.64330800000000032,
      0.6314766023702717,
      0.655139397629729
    ],
    "split2tailbb": [
      0.61075499999999971,
      0.600608722579408,
      0.62090127742059142
    ]
  },
  "PosSide": {
    "canonical": [
      null,
      null,
      null
    ],
    "combined": [
      null,
      null,
      null
    ],
    "twotailed": [
      null,
      null,
      null
    ],
    "split2tail": [
      null,
      null,
      null
    ],
    "canonicalbb": [
      null,
      null,
      null
    ],
    "split2tailbb": [
      null,
      null,
      null
    ]
  },
  "NegSide": {
    "canonical": [
      0.76903381055189535,
      0.75703420626470141,
      0.78103341483908928
    ],
    "combined": [
      0.64344432032891385,
      0.63158939004593539,
      0.65529925061189231
    ],
    "twotailed": [
      0.64344432032891385,
      0.63158939004593539,
      0.65529925061189231
    ],
    "split2tail": [
      0.73704290258308569,
      0.72737920224739117,
      0.74670660291878022
    ],
    "canonicalbb": [
      0.642767422101844,
      0.63088305364008523,
      0.65465179056360279
    ],
    "split2tailbb": [
      0.61067181611463617,
      0.60050352541536756,
      0.62084010681390478
    ]
  },
  "elapsed": 3.9558715416666668
}