{
  "scenario": 10,
  "fracPos": 0.1,
  "fracNeg": 0.4,
  "rho": 0.25,
  "FDRmethod": "BH1995",
  "numTests": 2000,
  "numRealizations": 2000,
  "effectSize": 3,
  "CImethod": "Wald",
  "q": 0.05,
  "alpha": 0.05,
  "seed": "shuffle",
  "BothSides": {
    "canonical": [
      0.7741920000000001,
      0.76919287511844481,
      0.7791911248815554
    ],
    "combined": [
      0.75740400000000019,
      0.75190469670695614,
      0.76290330329304423
    ],
    "twotailed": [
      0.75740400000000019,
      0.75190469670695614,
      0.76290330329304423
    ],
    "split2tail": [
      0.7629450000000001,
      0.75811535025820653,
      0.76777464974179366
    ]
  },
  "PosSide": {
    "canonical": [
      0.60307834339269606,
      0.59049489858531734,
      0.61566178820007478
    ],
    "combined": [
      0.78329511862433143,
      0.77507668249110084,
      0.791513554757562
    ],
    "twotailed": [
      0.78329511862433143,
      0.77507668249110084,
      0.791513554757562
    ],
    "split2tail": [
      0.682410859583616,
      0.67242256438282022,
      0.69239915478441183
    ]
  },
  "NegSide": {
    "canonical": [
      0.81756483411502923,
      0.80844824424258932,
      0.82668142398746913
    ],
    "combined": [
      0.75159948405256727,
      0.74282793786738432,
      0.76037103023775021
    ],
    "twotailed": [
      0.75159948405256727,
      0.74282793786738432,
      0.76037103023775021
    ],
    "split2tail": [
      0.78372161622075653,
      0.77540271027617769,
      0.79204052216533538
    ]
  },
  "elapsed": 2.166450875
}