{
  "scenario": 8,
  "fracPos": 0,
  "fracNeg": 0.25,
  "rho": 0.25,
  "FDRmethod": "BH1995",
  "numTests": 2000,
  "numRealizations": 2000,
  "effectSize": 3,
  "CImethod": "Wald",
  "q": 0.05,
  "alpha": 0.05,
  "seed": "shuffle",
  "BothSides": {
    "canonical": [
      0.76535600000000015,
      0.75376941163183186,
      0.77694258836816843
    ],
    "combined": [
      0.644272,
      0.6328120091344851,
      0.65573199086551481
    ],
    "twotailed": [
      0.644272,
      0.6328120091344851,
      0.65573199086551481
    ],
    "split2tail": [
      0.732423,
      0.72294801703979972,
      0.74189798296020038
    ]
  },
  "PosSide": {
    "canonical": [
      null,
      null,
      null
    ],
    "combined": [
      null,
      null,
      null
    ],
    "twotailed": [
      null,
      null,
      null
    ],
    "split2tail": [
      null,
      null,
      null
    ]
  },
  "NegSide": {
    "canonical": [
      0.76450510028941177,
      0.75281644831548222,
      0.77619375226334131
    ],
    "combined": [
      0.63942491178233285,
      0.62777615148831944,
      0.65107367207634625
    ],
    "twotailed": [
      0.63942491178233285,
      0.62777615148831944,
      0.65107367207634625
    ],
    "split2tail": [
      0.732402723298099,
      0.72289235564876664,
      0.7419130909474313
    ]
  },
  "elapsed": 2.1525799166666668
}