{
  "scenario": 6,
  "effectSize": 3,
  "fracPos": 0,
  "fracNeg": 0,
  "rho": 0.25,
  "FDRmethod": "BH1995",
  "numTests": 2000,
  "numRealizations": 2000,
  "CImethod": "Wald",
  "q": 0.05,
  "alpha": 0.05,
  "seed": "shuffle",
  "BothSides": {
    "canonical": [
      0.074,
      0.062524726449179682,
      0.08547527355082031
    ],
    "combined": [
      0.041,
      0.032307535495901422,
      0.049692464504098581
    ],
    "twotailed": [
      0.041,
      0.032307535495901422,
      0.049692464504098581
    ],
    "split2tail": [
      0.047,
      0.037722369470981704,
      0.0562776305290183
    ],
    "canonicalbb": [
      0.041,
      0.032307535495901422,
      0.049692464504098581
    ],
    "split2tailbb": [
      0.025,
      0.018155936880975009,
      0.03184406311902499
    ]
  },
  "PosSide": {
    "canonical": [
      0.0385,
      0.030065745471317455,
      0.046934254528682544
    ],
    "combined": [
      0.022,
      0.015569829898300046,
      0.028430170101699952
    ],
    "twotailed": [
      0.022,
      0.015569829898300046,
      0.028430170101699952
    ],
    "split2tail": [
      0.0245,
      0.017722986152937,
      0.031277013847063
    ],
    "canonicalbb": [
      0.022,
      0.015569829898300046,
      0.028430170101699952
    ],
    "split2tailbb": [
      0.015,
      0.0096714942502948952,
      0.020328505749705104
    ]
  },
  "NegSide": {
    "canonical": [
      0.0355,
      0.027388391409535768,
      0.043611608590464229
    ],
    "combined": [
      0.019,
      0.013015153747021184,
      0.024984846252978817
    ],
    "twotailed": [
      0.019,
      0.013015153747021184,
      0.024984846252978817
    ],
    "split2tail": [
      0.0225,
      0.015998832792771044,
      0.029001167207228954
    ],
    "canonicalbb": [
      0.019,
      0.013015153747021184,
      0.024984846252978817
    ],
    "split2tailbb": [
      0.01,
      0.005638264848801507,
      0.014361735151198493
    ]
  },
  "elapsed": 3.329044375
}