{
  "scenario": 9,
  "fracPos": 0.25,
  "fracNeg": 0.25,
  "rho_sign": 1,
  "FDRmethod": "BH1995",
  "numTests": 2000,
  "numRealizations": 2000,
  "effectSize": 3,
  "CImethod": "Wald",
  "q": 0.05,
  "alpha": 0.05,
  "seed": "shuffle",
  "BothSides": {
    "canonical": [
      0.025995970414791809,
      0.025749420553188296,
      0.026242520276395322
    ],
    "combined": [
      0.025931004420751445,
      0.02568448884521073,
      0.02617751999629216
    ],
    "twotailed": [
      0.025930351679237088,
      0.025683886840685982,
      0.026176816517788193
    ],
    "split2tail": [
      0.02597491405027251,
      0.025727440584264873,
      0.026222387516280147
    ],
    "reviewer1": [
      0.013634185872012676,
      0.013439060228979269,
      0.013829311515046083
    ],
    "reviewer2": [
      0.013656670060453423,
      0.01346088304576824,
      0.013852457075138606
    ]
  },
  "PosSide": {
    "canonical": [
      0.024998477967857476,
      0.024636001418367266,
      0.025360954517347687
    ],
    "combined": [
      0.024976828821754046,
      0.024618624015387249,
      0.025335033628120843
    ],
    "twotailed": [
      0.024976828821754046,
      0.024618624015387249,
      0.025335033628120843
    ],
    "split2tail": [
      0.025018187725243883,
      0.024658171836903185,
      0.025378203613584581
    ],
    "reviewer1": [
      0.012680150243881222,
      0.012400097807306434,
      0.01296020268045601
    ],
    "reviewer2": [
      0.012670320462855598,
      0.012390656281233078,
      0.012949984644478118
    ]
  },
  "NegSide": {
    "canonical": [
      0.026871219049539076,
      0.026509187733829251,
      0.0272332503652489
    ],
    "combined": [
      0.026807705854329809,
      0.026452021060135132,
      0.027163390648524487
    ],
    "twotailed": [
      0.026807705854329809,
      0.026452021060135132,
      0.027163390648524487
    ],
    "split2tail": [
      0.026825339874533418,
      0.026466440404238352,
      0.027184239344828484
    ],
    "reviewer1": [
      0.014524271732270746,
      0.0142419002703817,
      0.014806643194159792
    ],
    "reviewer2": [
      0.014569334542073226,
      0.014282731822454927,
      0.014855937261691526
    ]
  },
  "elapsed": 4.1253370833333332
}