{
  "scenario": 7,
  "fracPos": 0.25,
  "fracNeg": 0,
  "rho": 0.25,
  "FDRmethod": "BH1995",
  "numTests": 2000,
  "numRealizations": 2000,
  "effectSize": 3,
  "CImethod": "Wald",
  "q": 0.05,
  "alpha": 0.05,
  "seed": "shuffle",
  "BothSides": {
    "canonical": [
      0.75859699999999974,
      0.7467719697261217,
      0.77042203027387779
    ],
    "combined": [
      0.63667299999999982,
      0.62505121434820421,
      0.64829478565179544
    ],
    "twotailed": [
      0.63667299999999982,
      0.62505121434820421,
      0.64829478565179544
    ],
    "split2tail": [
      0.72741799999999979,
      0.71785297798171244,
      0.73698302201828714
    ],
    "canonicalbb": [
      0.75855899999999976,
      0.74672950868823662,
      0.7703884913117629
    ],
    "split2tailbb": [
      0.72736299999999987,
      0.71779055098732747,
      0.73693544901267227
    ]
  },
  "PosSide": {
    "canonical": [
      0.75805614851968228,
      0.74615657848222994,
      0.76995571855713463
    ],
    "combined": [
      0.63170140215803328,
      0.6198879157095335,
      0.643514888606533
    ],
    "twotailed": [
      0.63170140215803328,
      0.6198879157095335,
      0.643514888606533
    ],
    "split2tail": [
      0.72746894674399365,
      0.7178761764399878,
      0.7370617170479995
    ],
    "canonicalbb": [
      0.75805614851968228,
      0.74615657848222994,
      0.76995571855713463
    ],
    "split2tailbb": [
      0.72746894674399365,
      0.7178761764399878,
      0.7370617170479995
    ]
  },
  "NegSide": {
    "canonical": [
      null,
      null,
      null
    ],
    "combined": [
      null,
      null,
      null
    ],
    "twotailed": [
      null,
      null,
      null
    ],
    "split2tail": [
      null,
      null,
      null
    ],
    "canonicalbb": [
      null,
      null,
      null
    ],
    "split2tailbb": [
      null,
      null,
      null
    ]
  },
  "elapsed": 3.718259
}