{
  "scenario": 9,
  "fracPos": 0.25,
  "fracNeg": 0.25,
  "rho": 0.25,
  "FDRmethod": "BH1995",
  "numTests": 2000,
  "numRealizations": 2000,
  "effectSize": 3,
  "CImethod": "Wald",
  "q": 0.05,
  "alpha": 0.05,
  "seed": "shuffle",
  "BothSides": {
    "canonical": [
      0.74832050000000017,
      0.74637074935039815,
      0.75027025064960218
    ],
    "combined": [
      0.76434949999999968,
      0.76308621404462251,
      0.76561278595537685
    ],
    "twotailed": [
      0.76434949999999968,
      0.76308621404462251,
      0.76561278595537685
    ],
    "split2tail": [
      0.7596995,
      0.75810454541233041,
      0.76129445458766953
    ],
    "canonicalbb": [
      0.74832050000000017,
      0.74637074935039815,
      0.75027025064960218
    ],
    "split2tailbb": [
      0.7596995,
      0.75810454541233041,
      0.76129445458766953
    ]
  },
  "PosSide": {
    "canonical": [
      0.74667661454946554,
      0.73596688820138412,
      0.757386340897547
    ],
    "combined": [
      0.76332639732957286,
      0.75512528877284246,
      0.77152750588630326
    ],
    "twotailed": [
      0.76332639732957286,
      0.75512528877284246,
      0.77152750588630326
    ],
    "split2tail": [
      0.75827222564907171,
      0.749351794535181,
      0.76719265676296244
    ],
    "canonicalbb": [
      0.74667661454946554,
      0.73596688820138412,
      0.757386340897547
    ],
    "split2tailbb": [
      0.75827222564907171,
      0.749351794535181,
      0.76719265676296244
    ]
  },
  "NegSide": {
    "canonical": [
      0.75079985615608824,
      0.7401581131721624,
      0.76144159914001408
    ],
    "combined": [
      0.76652485953866967,
      0.75834903262959152,
      0.77470068644774781
    ],
    "twotailed": [
      0.76652485953866967,
      0.75834903262959152,
      0.77470068644774781
    ],
    "split2tail": [
      0.7621442481740005,
      0.75328523931168134,
      0.77100325703631967
    ],
    "canonicalbb": [
      0.75079985615608824,
      0.7401581131721624,
      0.76144159914001408
    ],
    "split2tailbb": [
      0.7621442481740005,
      0.75328523931168134,
      0.77100325703631967
    ]
  },
  "elapsed": 4.034047291666667
}