{
  "scenario": 2,
  "fracPos": 0.25,
  "fracNeg": 0,
  "rho_sign": 0,
  "FDRmethod": "BKY2006",
  "numTests": 2000,
  "numRealizations": 2000,
  "effectSize": 3,
  "CImethod": "Wald",
  "q": 0.05,
  "alpha": 0.05,
  "seed": "shuffle",
  "BothSides": {
    "canonical": [
      0.046503928116340923,
      0.046046115586956683,
      0.046961740645725163
    ],
    "combined": [
      0.040966522950872587,
      0.040485518137997265,
      0.04144752776374791
    ],
    "twotailed": [
      0.045262431626842611,
      0.044756085704282939,
      0.045768777549402284
    ],
    "split2tail": [
      0.043297807790465784,
      0.0428431059015989,
      0.043752509679332668
    ],
    "reviewer1": [
      0.020713683203993916,
      0.020364766298367195,
      0.021062600109620636
    ],
    "reviewer2": [
      0.022952848498397037,
      0.022592458267378261,
      0.023313238729415812
    ]
  },
  "PosSide": {
    "canonical": [
      0.046394674465620393,
      0.045936262850160732,
      0.046853086081080055
    ],
    "combined": [
      0.020901617467486169,
      0.020554289508942,
      0.021248945426030338
    ],
    "twotailed": [
      0.023114566258503451,
      0.022753815015018605,
      0.023475317501988297
    ],
    "split2tail": [
      0.043148012868280017,
      0.042692872290440373,
      0.043603153446119661
    ],
    "reviewer1": [
      0.020622572806531538,
      0.020273887758126691,
      0.020971257854936386
    ],
    "reviewer2": [
      0.022891544763539488,
      0.022531324332444761,
      0.023251765194634216
    ]
  },
  "NegSide": {
    "canonical": [
      0.0445,
      0.0354606532735919,
      0.053539346726408095
    ],
    "combined": [
      0.999,
      0.9976144428682947,
      1.0003855571317053
    ],
    "twotailed": [
      0.999,
      0.9976144428682947,
      1.0003855571317053
    ],
    "split2tail": [
      0.0575,
      0.04729492276939376,
      0.067705077230606245
    ],
    "reviewer1": [
      0.03,
      0.022521953033424007,
      0.037478046966575987
    ],
    "reviewer2": [
      0.0215,
      0.015141695259574688,
      0.027858304740425308
    ]
  },
  "elapsed": 80.430321
}