{
  "scenario": 2,
  "fracPos": 0.25,
  "fracNeg": 0,
  "rho": 0,
  "FDRmethod": "BKY2006",
  "numTests": 2000,
  "numRealizations": 2000,
  "effectSize": 3,
  "CImethod": "Wald",
  "q": 0.05,
  "alpha": 0.05,
  "seed": "shuffle",
  "BothSides": {
    "canonical": [
      0.81478299999999948,
      0.81361206148714027,
      0.81595393851285869
    ],
    "combined": [
      0.68326399999999987,
      0.6819755338760688,
      0.684552466123931
    ],
    "twotailed": [
      0.70251300000000039,
      0.70118657431028963,
      0.70383942568971114
    ],
    "split2tail": [
      0.80099799999999965,
      0.799748097082808,
      0.80224790291719128
    ],
    "canonicalbb": [
      0.81478299999999948,
      0.81361206148714027,
      0.81595393851285869
    ],
    "split2tailbb": [
      0.80099799999999965,
      0.799748097082808,
      0.80224790291719128
    ]
  },
  "PosSide": {
    "canonical": [
      0.81579532833087587,
      0.814625508836436,
      0.81696514782531571
    ],
    "combined": [
      0.67019736240246519,
      0.66897078100731333,
      0.671423943797617
    ],
    "twotailed": [
      0.68761432113538967,
      0.68636909402585067,
      0.68885954824492868
    ],
    "split2tail": [
      0.80195362972895445,
      0.8007049430739881,
      0.80320231638392081
    ],
    "canonicalbb": [
      0.81579532833087587,
      0.814625508836436,
      0.81696514782531571
    ],
    "split2tailbb": [
      0.80195362972895445,
      0.8007049430739881,
      0.80320231638392081
    ]
  },
  "NegSide": {
    "canonical": [
      null,
      null,
      null
    ],
    "combined": [
      null,
      null,
      null
    ],
    "twotailed": [
      null,
      null,
      null
    ],
    "split2tail": [
      null,
      null,
      null
    ],
    "canonicalbb": [
      null,
      null,
      null
    ],
    "split2tailbb": [
      null,
      null,
      null
    ]
  },
  "elapsed": 143.34535904166665
}