{
  "scenario": 1,
  "effectSize": 3,
  "fracPos": 0,
  "fracNeg": 0,
  "rho": 0,
  "FDRmethod": "BKY2006",
  "numTests": 2000,
  "numRealizations": 2000,
  "CImethod": "Wald",
  "q": 0.05,
  "alpha": 0.05,
  "seed": "shuffle",
  "BothSides": {
    "canonical": [
      0.1015,
      0.088261653143378235,
      0.11473834685662178
    ],
    "combined": [
      0.0545,
      0.044548908680850471,
      0.064451091319149528
    ],
    "twotailed": [
      0.0545,
      0.044548908680850471,
      0.064451091319149528
    ],
    "split2tail": [
      0.101,
      0.087790626301491176,
      0.11420937369850884
    ],
    "canonicalbb": [
      0.054,
      0.044092042339075405,
      0.0639079576609246
    ],
    "split2tailbb": [
      0.054,
      0.044092042339075405,
      0.0639079576609246
    ]
  },
  "PosSide": {
    "canonical": [
      0.051,
      0.04135594034263973,
      0.060644059657360264
    ],
    "combined": [
      0.0265,
      0.019459028136104027,
      0.033540971863895971
    ],
    "twotailed": [
      0.0265,
      0.019459028136104027,
      0.033540971863895971
    ],
    "split2tail": [
      0.0505,
      0.040900803818680852,
      0.060099196181319155
    ],
    "canonicalbb": [
      0.0265,
      0.019459028136104027,
      0.033540971863895971
    ],
    "split2tailbb": [
      0.0265,
      0.019459028136104027,
      0.033540971863895971
    ]
  },
  "NegSide": {
    "canonical": [
      0.0535,
      0.043635413301401388,
      0.06336458669859861
    ],
    "combined": [
      0.031,
      0.023402259968634896,
      0.0385977400313651
    ],
    "twotailed": [
      0.031,
      0.023402259968634896,
      0.0385977400313651
    ],
    "split2tail": [
      0.0535,
      0.043635413301401388,
      0.06336458669859861
    ],
    "canonicalbb": [
      0.0305,
      0.022961837065184537,
      0.038038162934815462
    ],
    "split2tailbb": [
      0.0305,
      0.022961837065184537,
      0.038038162934815462
    ]
  },
  "elapsed": 140.92962925
}