{
  "scenario": 1,
  "effectSize": 3,
  "fracPos": 0,
  "fracNeg": 0,
  "rho_sign": 0,
  "FDRmethod": "BKY2006",
  "numTests": 20,
  "numRealizations": 20000,
  "CImethod": "Wald",
  "q": 0.05,
  "alpha": 0.05,
  "seed": "shuffle",
  "BothSides": {
    "canonical": [
      0.09935,
      0.09520422323487894,
      0.10349577676512105
    ],
    "combined": [
      0.0517,
      0.048631245843874626,
      0.054768754156125379
    ],
    "twotailed": [
      0.05155,
      0.048485458506174174,
      0.054614541493825823
    ],
    "split2tail": [
      0.0986,
      0.094468181982201332,
      0.10273181801779865
    ]
  },
  "PosSide": {
    "canonical": [
      0.05105,
      0.047999552962373189,
      0.054100447037626807
    ],
    "combined": [
      0.02665,
      0.024417830991359454,
      0.028882169008640546
    ],
    "twotailed": [
      0.0265,
      0.024273950252251209,
      0.02872604974774879
    ],
    "split2tail": [
      0.0509,
      0.047853797089832693,
      0.053946202910167308
    ]
  },
  "NegSide": {
    "canonical": [
      0.0505,
      0.047465150741819125,
      0.053534849258180882
    ],
    "combined": [
      0.0275,
      0.025233503239098981,
      0.029766496760901019
    ],
    "twotailed": [
      0.02745,
      0.025185506417162922,
      0.029714493582837075
    ],
    "split2tail": [
      0.04955,
      0.0465423283810086,
      0.052557671618991393
    ]
  },
  "elapsed": 5.670673541
}