{
  "fracPos": 0.25,
  "fracNeg": 0,
  "rho": 0,
  "FDRmethod": "BKY2006",
  "numTests": 2000,
  "numRealizations": 2000,
  "effectSize": 3,
  "CImethod": "Wald",
  "q": 0.05,
  "alpha": 0.05,
  "seed": "shuffle",
  "BothSides": {
    "canonical": [
      0.046611302095627888,
      0.046142348989908669,
      0.047080255201347107
    ],
    "twotailed": [
      0.04549548192540856,
      0.045007300031443889,
      0.04598366381937323
    ],
    "combined": [
      0.041281819027488113,
      0.040809640143862486,
      0.041753997911113741
    ],
    "twice": [
      0.046700094938616959,
      0.046230900000761958,
      0.047169289876471961
    ],
    "sidaktwice": [
      0.022657634061942402,
      0.022305963723250364,
      0.02300930440063444
    ],
    "split1tail": [
      0.0946077635368278,
      0.093951724341680087,
      0.095263802731975517
    ],
    "split2tail": [
      0.043422848542945022,
      0.042961304737630664,
      0.043884392348259381
    ]
  },
  "PosSide": {
    "canonical": [
      0.046611302095627888,
      0.046142348989908669,
      0.047080255201347107
    ],
    "twotailed": [
      0.023206660466303829,
      0.022851609261235202,
      0.023561711671372457
    ],
    "combined": [
      0.021008414224942356,
      0.020667841091123317,
      0.021348987358761395
    ],
    "twice": [
      0.046611302095627888,
      0.046142348989908669,
      0.047080255201347107
    ],
    "sidaktwice": [
      0.022610634099224158,
      0.022259807377645248,
      0.022961460820803067
    ],
    "split1tail": [
      0.094375988501854288,
      0.09372033849923421,
      0.095031638504474367
    ],
    "split2tail": [
      0.043292145726020352,
      0.042831129678995369,
      0.043753161773045335
    ]
  },
  "NegSide": {
    "canonical": [
      0,
      0,
      0
    ],
    "twotailed": [
      0.999,
      0.9976144428682947,
      1.0003855571317053
    ],
    "combined": [
      0.999,
      0.9976144428682947,
      1.0003855571317053
    ],
    "twice": [
      0.036,
      0.027833584713841852,
      0.044166415286158139
    ],
    "sidaktwice": [
      0.016,
      0.010499537166547222,
      0.021500462833452777
    ],
    "split1tail": [
      0.099,
      0.085907527006019918,
      0.11209247299398009
    ],
    "split2tail": [
      0.049,
      0.039536974890931019,
      0.058463025109068985
    ]
  },
  "elapsed": 251.283703667
}