{
  "scenario": 8,
  "fracPos": 0,
  "fracNeg": 0.25,
  "rho": 0.8,
  "FDRmethod": "BKY2006",
  "numTests": 2000,
  "numRealizations": 2000,
  "effectSize": 3,
  "CImethod": "Wilson",
  "q": 0.05,
  "alpha": 0.05,
  "seed": "shuffle",
  "BothSides": {
    "canonical": [
      0.06220246101485228,
      0.052433624250704705,
      0.073649854942701279
    ],
    "combined": [
      0.023530882660079508,
      0.01774484384487876,
      0.031143749127275223
    ],
    "twotailed": [
      0.030247649335318202,
      0.023595492170541573,
      0.038700881433502643
    ],
    "split2tail": [
      0.03303728660911804,
      0.026055737033256608,
      0.041809215385284447
    ]
  },
  "PosSide": {
    "canonical": [
      0.0115,
      0.0076752272862127555,
      0.017197727907571365
    ],
    "combined": [
      0.0045,
      0.0023692806369618358,
      0.0085305132187598227
    ],
    "twotailed": [
      0.0055,
      0.0030738970095438183,
      0.0098220627516153354
    ],
    "split2tail": [
      0.007,
      0.0041743460559210965,
      0.011715862563394297
    ]
  },
  "NegSide": {
    "canonical": [
      0.050701522795398295,
      0.041918625416984413,
      0.061207073022204524
    ],
    "combined": [
      0.019030882660079511,
      0.013899911139724089,
      0.026005935257961174
    ],
    "twotailed": [
      0.025763269243099383,
      0.01967644051607572,
      0.033668366440858646
    ],
    "split2tail": [
      0.026057877628608669,
      0.01993238837675369,
      0.034000505794790296
    ]
  },
  "elapsed": 195.94947725
}