{
  "scenario": 9,
  "fracPos": 0.25,
  "fracNeg": 0.25,
  "rho": 0.25,
  "FDRmethod": "BKY2006",
  "numTests": 2000,
  "numRealizations": 2000,
  "effectSize": 3,
  "CImethod": "Wald",
  "q": 0.05,
  "alpha": 0.05,
  "seed": "shuffle",
  "BothSides": {
    "canonical": [
      0.78285700000000025,
      0.7808926608591471,
      0.78482133914085339
    ],
    "combined": [
      0.79929199999999978,
      0.79800796258576157,
      0.800576037414238
    ],
    "twotailed": [
      0.85158100000000014,
      0.85038581700507188,
      0.85277618299492841
    ],
    "split2tail": [
      0.84976600000000024,
      0.84819307468704508,
      0.85133892531295541
    ],
    "canonicalbb": [
      0.78285700000000025,
      0.7808926608591471,
      0.78482133914085339
    ],
    "split2tailbb": [
      0.84976600000000024,
      0.84819307468704508,
      0.85133892531295541
    ]
  },
  "PosSide": {
    "canonical": [
      0.77690139896949462,
      0.76578255184393718,
      0.78802024609505206
    ],
    "combined": [
      0.79476139415722191,
      0.78679031282610634,
      0.80273247548833748
    ],
    "twotailed": [
      0.84768383844256512,
      0.839957399545234,
      0.85541027733989627
    ],
    "split2tail": [
      0.84675914223950977,
      0.8383750256065523,
      0.85514325887246723
    ],
    "canonicalbb": [
      0.77690139896949462,
      0.76578255184393718,
      0.78802024609505206
    ],
    "split2tailbb": [
      0.84675914223950977,
      0.8383750256065523,
      0.85514325887246723
    ]
  },
  "NegSide": {
    "canonical": [
      0.78971486737179142,
      0.778543122215651,
      0.80088661252793181
    ],
    "combined": [
      0.80510205727685824,
      0.79708476627431368,
      0.8131193482794028
    ],
    "twotailed": [
      0.85691841170302951,
      0.84915269324811282,
      0.86468413015794621
    ],
    "split2tail": [
      0.85405809939169042,
      0.84551211464300391,
      0.86260408414037693
    ],
    "canonicalbb": [
      0.78971486737179142,
      0.778543122215651,
      0.80088661252793181
    ],
    "split2tailbb": [
      0.85405809939169042,
      0.84551211464300391,
      0.86260408414037693
    ]
  },
  "elapsed": 177.957594125
}