{
  "scenario": 4,
  "fracPos": 0.25,
  "fracNeg": 0.25,
  "rho": 0,
  "FDRmethod": "BKY2006",
  "numTests": 2000,
  "numRealizations": 2000,
  "effectSize": 3,
  "CImethod": "Wald",
  "q": 0.05,
  "alpha": 0.05,
  "seed": "shuffle",
  "BothSides": {
    "canonical": [
      0.80039149999999992,
      0.79957842396875045,
      0.80120457603124939
    ],
    "combined": [
      0.80036599999999991,
      0.79955373408193076,
      0.80117826591806907
    ],
    "twotailed": [
      0.85312900000000047,
      0.85229246550490256,
      0.85396553449509838
    ],
    "split2tail": [
      0.85313550000000038,
      0.85229365539464674,
      0.853977344605354
    ],
    "canonicalbb": [
      0.80039149999999992,
      0.79957842396875045,
      0.80120457603124939
    ],
    "split2tailbb": [
      0.85313550000000038,
      0.85229365539464674,
      0.853977344605354
    ]
  },
  "PosSide": {
    "canonical": [
      0.80004678769156989,
      0.79891855419421354,
      0.80117502118892625
    ],
    "combined": [
      0.80032334574816855,
      0.79930562085746082,
      0.80134107063887627
    ],
    "twotailed": [
      0.85319630952562786,
      0.85217513775825982,
      0.85421748129299591
    ],
    "split2tail": [
      0.85276290229490515,
      0.8515748174994513,
      0.853950987090359
    ],
    "canonicalbb": [
      0.80004678769156989,
      0.79891855419421354,
      0.80117502118892625
    ],
    "split2tailbb": [
      0.85276290229490515,
      0.8515748174994513,
      0.853950987090359
    ]
  },
  "NegSide": {
    "canonical": [
      0.80289551304514994,
      0.801778013494821,
      0.80401301259547886
    ],
    "combined": [
      0.802568629850497,
      0.80155808624042124,
      0.80357917346057284
    ],
    "twotailed": [
      0.85536482950672077,
      0.854350095628265,
      0.85637956338517651
    ],
    "split2tail": [
      0.85581152626135237,
      0.85464215714426717,
      0.85698089537843758
    ],
    "canonicalbb": [
      0.80289551304514994,
      0.801778013494821,
      0.80401301259547886
    ],
    "split2tailbb": [
      0.85581152626135237,
      0.85464215714426717,
      0.85698089537843758
    ]
  },
  "elapsed": 178.3791425
}