{
  "scenario": 1,
  "effectSize": 3,
  "fracPos": 0,
  "fracNeg": 0,
  "rho_sign": 0,
  "FDRmethod": "BKY2006",
  "numTests": 20,
  "numRealizations": 100000,
  "CImethod": "Wald",
  "q": 0.05,
  "alpha": 0.05,
  "seed": "shuffle",
  "BothSides": {
    "canonical": [
      0.09834,
      0.096494403464320463,
      0.10018559653567953
    ],
    "combined": [
      0.05029,
      0.048935476370074157,
      0.051644523629925845
    ],
    "twotailed": [
      0.05023,
      0.0488762418775618,
      0.051583758122438192
    ],
    "split2tail": [
      0.09836,
      0.0965142362698714,
      0.1002057637301286
    ]
  },
  "PosSide": {
    "canonical": [
      0.0508,
      0.049438991042845028,
      0.052161008957154968
    ],
    "combined": [
      0.0266,
      0.025602674894105941,
      0.027597325105894056
    ],
    "twotailed": [
      0.02662,
      0.025622310279998253,
      0.02761768972000175
    ],
    "split2tail": [
      0.05081,
      0.049448864261829047,
      0.052171135738170955
    ]
  },
  "NegSide": {
    "canonical": [
      0.04969,
      0.04834315564448774,
      0.051036844355512256
    ],
    "combined": [
      0.02606,
      0.025072576248364495,
      0.027047423751635505
    ],
    "twotailed": [
      0.02607,
      0.025082391884757721,
      0.027057608115242278
    ],
    "split2tail": [
      0.04992,
      0.048570205547842166,
      0.051269794452157832
    ]
  },
  "elapsed": 28.656402
}