{
  "scenario": 5,
  "fracPos": 0.1,
  "fracNeg": 0.4,
  "rho_sign": 0,
  "FDRmethod": "BKY2006",
  "numTests": 2000,
  "numRealizations": 2000,
  "effectSize": 3,
  "CImethod": "Wald",
  "q": 0.05,
  "alpha": 0.05,
  "seed": "shuffle",
  "BothSides": {
    "canonical": [
      0.037254522090889239,
      0.036958963380699879,
      0.0375500808010786
    ],
    "combined": [
      0.031858689259256966,
      0.0315918769616547,
      0.032125501556859233
    ],
    "twotailed": [
      0.043012175241185273,
      0.042698803516939672,
      0.043325546965430874
    ],
    "split2tail": [
      0.042567005303879614,
      0.042249900260254568,
      0.04288411034750466
    ]
  },
  "PosSide": {
    "canonical": [
      0.026315342162960314,
      0.025680862527313858,
      0.02694982179860677
    ],
    "combined": [
      0.073411402170536086,
      0.072543053784882891,
      0.074279750556189281
    ],
    "twotailed": [
      0.098301503077777228,
      0.097351736847118842,
      0.099251269308435613
    ],
    "split2tail": [
      0.044213340370287374,
      0.043454979212055329,
      0.044971701528519419
    ]
  },
  "NegSide": {
    "canonical": [
      0.039134990855483026,
      0.038806656403932709,
      0.039463325307033344
    ],
    "combined": [
      0.020802628556534603,
      0.0205564790943317,
      0.021048778018737505
    ],
    "twotailed": [
      0.02801325226672666,
      0.027729091519855972,
      0.028297413013597349
    ],
    "split2tail": [
      0.042153365471786532,
      0.041805864145923556,
      0.042500866797649507
    ]
  },
  "elapsed": 94.408876291666672
}