{
  "scenario": 2,
  "fracPos": 0.25,
  "fracNeg": 0,
  "rho": 0,
  "FDRmethod": "BKY2006",
  "numTests": 2000,
  "numRealizations": 2000,
  "effectSize": 3,
  "CImethod": "Wilson",
  "q": 0.05,
  "alpha": 0.05,
  "seed": "shuffle",
  "BothSides": {
    "canonical": [
      0.046242535385246863,
      0.037876260916557478,
      0.056348558881712127
    ],
    "combined": [
      0.040396223843517758,
      0.032611890046085265,
      0.049942721980018992
    ],
    "twotailed": [
      0.044527759122513062,
      0.036327704281773829,
      0.054474137605373035
    ],
    "split2tail": [
      0.043033574221080922,
      0.034981293760731884,
      0.052837907169756664
    ]
  },
  "PosSide": {
    "canonical": [
      0.046156915558387288,
      0.037798857843053965,
      0.0562550505760091
    ],
    "combined": [
      0.020539212900667476,
      0.015180563481489193,
      0.027736160316598094
    ],
    "twotailed": [
      0.022651142631663002,
      0.016987707227779879,
      0.030144778694000462
    ],
    "split2tail": [
      0.042901106517721756,
      0.034862063854599,
      0.052692709562872378
    ]
  },
  "NegSide": {
    "canonical": [
      0.035,
      0.027795569156293561,
      0.043987284815271678
    ],
    "combined": [
      0.997,
      0.9934700849260647,
      0.99862437007637
    ],
    "twotailed": [
      0.999,
      0.99636106573096161,
      0.999725721082348
    ],
    "split2tail": [
      0.0525,
      0.043554967025111288,
      0.063160790291610092
    ]
  },
  "elapsed": 172.387923792
}