{
  "scenario": 8,
  "fracPos": 0,
  "fracNeg": 0.25,
  "rho": 0.25,
  "FDRmethod": "BKY2006",
  "numTests": 2000,
  "numRealizations": 2000,
  "effectSize": 3,
  "CImethod": "Wald",
  "q": 0.05,
  "alpha": 0.05,
  "seed": "shuffle",
  "BothSides": {
    "canonical": [
      0.8234859999999995,
      0.809945432508945,
      0.837026567491054
    ],
    "combined": [
      0.6667550000000001,
      0.6549185015350707,
      0.6785914984649295
    ],
    "twotailed": [
      0.68561499999999975,
      0.673423836263874,
      0.69780616373612547
    ],
    "split2tail": [
      0.8095939999999997,
      0.80017549350780315,
      0.81901250649219626
    ],
    "canonicalbb": [
      0.82347099999999951,
      0.80992871151771351,
      0.83701328848228551
    ],
    "split2tailbb": [
      0.80958499999999967,
      0.80016502349927088,
      0.81900497650072845
    ]
  },
  "PosSide": {
    "canonical": [
      null,
      null,
      null
    ],
    "combined": [
      null,
      null,
      null
    ],
    "twotailed": [
      null,
      null,
      null
    ],
    "split2tail": [
      null,
      null,
      null
    ],
    "canonicalbb": [
      null,
      null,
      null
    ],
    "split2tailbb": [
      null,
      null,
      null
    ]
  },
  "NegSide": {
    "canonical": [
      0.82287507747115074,
      0.80927889448713464,
      0.83647126045516684
    ],
    "combined": [
      0.66182348787362211,
      0.64981024078798033,
      0.67383673495926388
    ],
    "twotailed": [
      0.68004868653078077,
      0.66767299559118187,
      0.69242437747037966
    ],
    "split2tail": [
      0.80986310971583886,
      0.800435874576971,
      0.81929034485470675
    ],
    "canonicalbb": [
      0.82285986448940629,
      0.80926194499011,
      0.83645778398870263
    ],
    "split2tailbb": [
      0.80986310971583886,
      0.800435874576971,
      0.81929034485470675
    ]
  },
  "elapsed": 146.67155258333332
}