{
  "scenario": 10,
  "fracPos": 0.1,
  "fracNeg": 0.4,
  "rho": 0.8,
  "FDRmethod": "BKY2006",
  "numTests": 2000,
  "numRealizations": 2000,
  "effectSize": 3,
  "CImethod": "Wilson",
  "q": 0.05,
  "alpha": 0.05,
  "seed": "shuffle",
  "BothSides": {
    "canonical": [
      0.0661564453834726,
      0.056073636996744752,
      0.0779026509839339
    ],
    "combined": [
      0.025460055686464155,
      0.019413259490087962,
      0.033326282903024723
    ],
    "twotailed": [
      0.034913990924825479,
      0.027719183584109186,
      0.043891982004034449
    ],
    "split2tail": [
      0.049389271211236888,
      0.040726753140493413,
      0.05977947342703617
    ]
  },
  "PosSide": {
    "canonical": [
      0.020897613550583474,
      0.015486139352510472,
      0.02814601160342577
    ],
    "combined": [
      0.010493902348870278,
      0.0068730538794010854,
      0.015991563485657133
    ],
    "twotailed": [
      0.011479657750857779,
      0.0076589191858143718,
      0.017173429503792133
    ],
    "split2tail": [
      0.020070950911882882,
      0.014782038051725292,
      0.027199957129537839
    ]
  },
  "NegSide": {
    "canonical": [
      0.045360747312783972,
      0.037079508791225922,
      0.055385115720971816
    ],
    "combined": [
      0.015514069376201913,
      0.010952639227882383,
      0.021933064396736746
    ],
    "twotailed": [
      0.025744497268737433,
      0.019660139765793179,
      0.033647195215942116
    ],
    "split2tail": [
      0.02961821218550189,
      0.023042593947208569,
      0.037997318678756574
    ]
  },
  "elapsed": 198.483071125
}