{
  "scenario": 6,
  "effectSize": 3,
  "fracPos": 0,
  "fracNeg": 0,
  "rho": 0.25,
  "FDRmethod": "BKY2006",
  "numTests": 2000,
  "numRealizations": 2000,
  "CImethod": "Wald",
  "q": 0.05,
  "alpha": 0.05,
  "seed": "shuffle",
  "BothSides": {
    "canonical": [
      0.0905,
      0.077923281647998735,
      0.10307671835200126
    ],
    "combined": [
      0.045,
      0.035912390923404043,
      0.054087609076595954
    ],
    "twotailed": [
      0.045,
      0.035912390923404043,
      0.054087609076595954
    ],
    "split2tail": [
      0.0585,
      0.048212027630845963,
      0.068787972369154043
    ],
    "canonicalbb": [
      0.0445,
      0.035460653273591908,
      0.053539346726408088
    ],
    "split2tailbb": [
      0.0285,
      0.021205667996929262,
      0.035794332003070743
    ]
  },
  "PosSide": {
    "canonical": [
      0.0495,
      0.039991317331116522,
      0.059008682668883483
    ],
    "combined": [
      0.024,
      0.017290777053619255,
      0.030709222946380746
    ],
    "twotailed": [
      0.024,
      0.017290777053619255,
      0.030709222946380746
    ],
    "split2tail": [
      0.033,
      0.0251690959817875,
      0.0408309040182125
    ],
    "canonicalbb": [
      0.024,
      0.017290777053619255,
      0.030709222946380746
    ],
    "split2tailbb": [
      0.0135,
      0.0084410880221287253,
      0.018558911977871274
    ]
  },
  "NegSide": {
    "canonical": [
      0.041,
      0.032307535495901415,
      0.049692464504098588
    ],
    "combined": [
      0.021,
      0.0147144586579749,
      0.027285541342025103
    ],
    "twotailed": [
      0.021,
      0.0147144586579749,
      0.027285541342025103
    ],
    "split2tail": [
      0.0255,
      0.018589607650358442,
      0.032410392349641555
    ],
    "canonicalbb": [
      0.0205,
      0.014288151651290095,
      0.026711848348709905
    ],
    "split2tailbb": [
      0.015,
      0.0096714942502948969,
      0.0203285057497051
    ]
  },
  "elapsed": 130.053238
}