{
  "scenario": 12,
  "fracPos": 0.25,
  "fracNeg": 0,
  "rho_sign": -1,
  "FDRmethod": "BKY2006",
  "numTests": 20,
  "numRealizations": 20000,
  "effectSize": 3,
  "CImethod": "Wald",
  "q": 0.05,
  "alpha": 0.05,
  "seed": "shuffle",
  "BothSides": {
    "canonical": [
      0.053183690476189961,
      0.051759717736859764,
      0.054607663215520158
    ],
    "combined": [
      0.040948293650793485,
      0.0395877355138002,
      0.042308851787786768
    ],
    "twotailed": [
      0.044906190476190211,
      0.043498102916890415,
      0.046314278035490007
    ],
    "split2tail": [
      0.056478948412697912,
      0.054978675812214634,
      0.05797922101318119
    ]
  },
  "PosSide": {
    "canonical": [
      0.046141726190475754,
      0.044816162153772765,
      0.047467290227178743
    ],
    "combined": [
      0.021348571428571488,
      0.020321414555643603,
      0.022375728301499372
    ],
    "twotailed": [
      0.023314365079365164,
      0.022261493628687845,
      0.024367236530042483
    ],
    "split2tail": [
      0.045046706349205941,
      0.043716321727276873,
      0.046377090971135009
    ]
  },
  "NegSide": {
    "canonical": [
      0.03835,
      0.035688446790700219,
      0.041011553209299785
    ],
    "combined": [
      0.09685,
      0.09275103975236243,
      0.10094896024763758
    ],
    "twotailed": [
      0.1089,
      0.10458261167744561,
      0.11321738832255439
    ],
    "split2tail": [
      0.05505,
      0.051888981575845212,
      0.058211018424154791
    ]
  },
  "elapsed": 5.510022167
}