{
  "scenario": 4,
  "fracPos": 0.25,
  "fracNeg": 0.25,
  "rho": 0,
  "FDRmethod": "BKY2006",
  "numTests": 2000,
  "numRealizations": 2000,
  "effectSize": 3,
  "CImethod": "Wald",
  "q": 0.05,
  "alpha": 0.05,
  "seed": "shuffle",
  "BothSides": {
    "canonical": [
      0.031936998940815739,
      0.031660532594944474,
      0.032213465286687004
    ],
    "combined": [
      0.031893331186908222,
      0.031615653276737765,
      0.032171009097078679
    ],
    "twotailed": [
      0.043078489885936926,
      0.042757322371626487,
      0.043399657400247364
    ],
    "split2tail": [
      0.043189313926826033,
      0.042867088091445925,
      0.04351153976220614
    ],
    "canonicalbb": [
      0.031936998940815739,
      0.031660532594944474,
      0.032213465286687004
    ],
    "split2tailbb": [
      0.043189313926826033,
      0.042867088091445925,
      0.04351153976220614
    ]
  },
  "PosSide": {
    "canonical": [
      0.031048487756299606,
      0.030659927379003728,
      0.031437048133595484
    ],
    "combined": [
      0.031106637111061135,
      0.030723496923051926,
      0.031489777299070348
    ],
    "twotailed": [
      0.042274246274380915,
      0.041843279162546286,
      0.042705213386215544
    ],
    "split2tail": [
      0.042302301293512895,
      0.041855827130424739,
      0.042748775456601051
    ],
    "canonicalbb": [
      0.031048487756299606,
      0.030659927379003728,
      0.031437048133595484
    ],
    "split2tailbb": [
      0.042302301293512895,
      0.041855827130424739,
      0.042748775456601051
    ]
  },
  "NegSide": {
    "canonical": [
      0.0327178956037099,
      0.032331327026614114,
      0.033104464180805683
    ],
    "combined": [
      0.0326197818777555,
      0.032239168390339572,
      0.03300039536517143
    ],
    "twotailed": [
      0.043803868345716743,
      0.043370867655491634,
      0.044236869035941852
    ],
    "split2tail": [
      0.043916417013754191,
      0.04347139480199215,
      0.044361439225516233
    ],
    "canonicalbb": [
      0.0327178956037099,
      0.032331327026614114,
      0.033104464180805683
    ],
    "split2tailbb": [
      0.043916417013754191,
      0.04347139480199215,
      0.044361439225516233
    ]
  },
  "elapsed": 178.37844908333332
}