{
  "scenario": 6,
  "effectSize": 3,
  "fracPos": 0,
  "fracNeg": 0,
  "rho_sign": 1,
  "FDRmethod": "BKY2006",
  "numTests": 20,
  "numRealizations": 20000,
  "CImethod": "Wald",
  "q": 0.05,
  "alpha": 0.05,
  "seed": "shuffle",
  "BothSides": {
    "canonical": [
      0.1013,
      0.097118269462047713,
      0.10548173053795229
    ],
    "combined": [
      0.05055,
      0.04751372866000423,
      0.053586271339995765
    ],
    "twotailed": [
      0.0505,
      0.047465150741819138,
      0.053534849258180868
    ],
    "split2tail": [
      0.0932,
      0.089170903560101128,
      0.097229096439898882
    ]
  },
  "PosSide": {
    "canonical": [
      0.0498,
      0.046785147042762827,
      0.052814852957237167
    ],
    "combined": [
      0.02455,
      0.022405272079365095,
      0.026694727920634903
    ],
    "twotailed": [
      0.0245,
      0.022357402322241766,
      0.026642597677758235
    ],
    "split2tail": [
      0.04585,
      0.042951175333453162,
      0.048748824666546842
    ]
  },
  "NegSide": {
    "canonical": [
      0.05325,
      0.050138130229603353,
      0.056361869770396644
    ],
    "combined": [
      0.0279,
      0.025617548678276123,
      0.030182451321723879
    ],
    "twotailed": [
      0.0279,
      0.025617548678276123,
      0.030182451321723879
    ],
    "split2tail": [
      0.0493,
      0.046299530908125622,
      0.052300469091874371
    ]
  },
  "elapsed": 5.560106042
}