{
  "scenario": 1,
  "effectSize": 3,
  "fracPos": 0,
  "fracNeg": 0,
  "rho_sign": 0,
  "FDRmethod": "BKY2006",
  "numTests": 2000,
  "numRealizations": 2000,
  "CImethod": "Wald",
  "q": 0.05,
  "alpha": 0.05,
  "seed": "shuffle",
  "BothSides": {
    "canonical": [
      0.104,
      0.090618266750298673,
      0.11738173324970132
    ],
    "combined": [
      0.057,
      0.046836694783584119,
      0.067163305216415892
    ],
    "twotailed": [
      0.057,
      0.046836694783584119,
      0.067163305216415892
    ],
    "split2tail": [
      0.104,
      0.090618266750298673,
      0.11738173324970132
    ],
    "reviewer1": [
      0.0565,
      0.046378686660502627,
      0.066621313339497376
    ],
    "reviewer2": [
      0.057,
      0.046836694783584119,
      0.067163305216415892
    ]
  },
  "PosSide": {
    "canonical": [
      0.049,
      0.039536974890931026,
      0.058463025109068978
    ],
    "combined": [
      0.028,
      0.020768076190044466,
      0.035231923809955532
    ],
    "twotailed": [
      0.028,
      0.020768076190044466,
      0.035231923809955532
    ],
    "split2tail": [
      0.049,
      0.039536974890931026,
      0.058463025109068978
    ],
    "reviewer1": [
      0.0255,
      0.018589607650358452,
      0.032410392349641541
    ],
    "reviewer2": [
      0.026,
      0.019023977922222126,
      0.032976022077777868
    ]
  },
  "NegSide": {
    "canonical": [
      0.0595,
      0.049129980411117505,
      0.06987001958888249
    ],
    "combined": [
      0.033,
      0.025169095981787497,
      0.0408309040182125
    ],
    "twotailed": [
      0.033,
      0.025169095981787497,
      0.0408309040182125
    ],
    "split2tail": [
      0.0595,
      0.049129980411117505,
      0.06987001958888249
    ],
    "reviewer1": [
      0.0315,
      0.023843209164965972,
      0.039156790835034032
    ],
    "reviewer2": [
      0.0315,
      0.023843209164965972,
      0.039156790835034032
    ]
  },
  "elapsed": 95.932286708333336
}