{
  "scenario": 4,
  "fracPos": 0.25,
  "fracNeg": 0.25,
  "rho": 0,
  "FDRmethod": "BKY2006",
  "numTests": 2000,
  "numRealizations": 2000,
  "effectSize": 3,
  "CImethod": "Wilson",
  "q": 0.05,
  "alpha": 0.05,
  "seed": "shuffle",
  "BothSides": {
    "canonical": [
      0.031792765000299518,
      0.024956249481518145,
      0.040424431332919161
    ],
    "combined": [
      0.031724608689451622,
      0.02489612311547848,
      0.040348506395003855
    ],
    "twotailed": [
      0.042871834199585762,
      0.034835719845367964,
      0.052660621168667217
    ],
    "split2tail": [
      0.042985086240107745,
      0.03493764866488188,
      0.052784762211164508
    ]
  },
  "PosSide": {
    "canonical": [
      0.030870432818578833,
      0.024143375952119947,
      0.039396176807678748
    ],
    "combined": [
      0.030855187725973295,
      0.024129954657074633,
      0.039379166368639647
    ],
    "twotailed": [
      0.042040694612376521,
      0.034088192098288755,
      0.051749056409099936
    ],
    "split2tail": [
      0.042083218185980681,
      0.03412641572788129,
      0.051795716887313395
    ]
  },
  "NegSide": {
    "canonical": [
      0.032604760544956791,
      0.025673279017120181,
      0.041328279618929119
    ],
    "combined": [
      0.032533179070746869,
      0.025610017938866532,
      0.041248652198903966
    ],
    "twotailed": [
      0.043620377070424834,
      0.0355097266374515,
      0.053480830134110938
    ],
    "split2tail": [
      0.043723357479360452,
      0.035602508593053042,
      0.053593614159754679
    ]
  },
  "elapsed": 197.947995834
}