{
  "scenario": 7,
  "fracPos": 0.25,
  "fracNeg": 0,
  "rho": 0.25,
  "FDRmethod": "BKY2006",
  "numTests": 2000,
  "numRealizations": 2000,
  "effectSize": 3,
  "CImethod": "Wald",
  "q": 0.05,
  "alpha": 0.05,
  "seed": "shuffle",
  "BothSides": {
    "canonical": [
      0.054764383793598749,
      0.05037809673103244,
      0.059150670856165058
    ],
    "combined": [
      0.041482705034794759,
      0.038529302479688186,
      0.044436107589901332
    ],
    "twotailed": [
      0.045758000907401529,
      0.0426577461112365,
      0.048858255703566555
    ],
    "split2tail": [
      0.036803303423234929,
      0.034072749020442168,
      0.039533857826027689
    ],
    "canonicalbb": [
      0.054764383793598749,
      0.05037809673103244,
      0.059150670856165058
    ],
    "split2tailbb": [
      0.036803303423234929,
      0.034072749020442168,
      0.039533857826027689
    ]
  },
  "PosSide": {
    "canonical": [
      0.049871866304567941,
      0.046278389199090358,
      0.053465343410045524
    ],
    "combined": [
      0.020864221936822431,
      0.019056769384864954,
      0.022671674488779908
    ],
    "twotailed": [
      0.024249008519226345,
      0.022137872955675313,
      0.026360144082777377
    ],
    "split2tail": [
      0.034672382089696932,
      0.032378533411759662,
      0.0369662307676342
    ],
    "canonicalbb": [
      0.049871866304567941,
      0.046278389199090358,
      0.053465343410045524
    ],
    "split2tailbb": [
      0.034672382089696932,
      0.032378533411759662,
      0.0369662307676342
    ]
  },
  "NegSide": {
    "canonical": [
      0.0265,
      0.019459028136104027,
      0.033540971863895971
    ],
    "combined": [
      0.72,
      0.70031719645213819,
      0.73968280354786176
    ],
    "twotailed": [
      0.7575,
      0.73871163952425256,
      0.77628836047574734
    ],
    "split2tail": [
      0.024,
      0.017290777053619255,
      0.030709222946380746
    ],
    "canonicalbb": [
      0.0265,
      0.019459028136104027,
      0.033540971863895971
    ],
    "split2tailbb": [
      0.024,
      0.017290777053619255,
      0.030709222946380746
    ]
  },
  "elapsed": 146.815735875
}