{
  "scenario": 3,
  "fracPos": 0,
  "fracNeg": 0.25,
  "rho_sign": 0,
  "FDRmethod": "BKY2006",
  "numTests": 20,
  "numRealizations": 100000,
  "effectSize": 3,
  "CImethod": "Wald",
  "q": 0.05,
  "alpha": 0.05,
  "seed": "shuffle",
  "BothSides": {
    "canonical": [
      0.20980194157966134,
      0.20902794472202951,
      0.21057593843729316
    ],
    "combined": [
      0.19764604040404,
      0.19669640274839192,
      0.19859567805968806
    ],
    "twotailed": [
      0.20197780175380128,
      0.2010358388914773,
      0.20291976461612526
    ],
    "split2tail": [
      0.20872280447330369,
      0.20790712287046645,
      0.20953848607614092
    ]
  },
  "PosSide": {
    "canonical": [
      0.03451,
      0.033378650909308465,
      0.035641349090691533
    ],
    "combined": [
      0.10117,
      0.099300975832160007,
      0.10303902416783998
    ],
    "twotailed": [
      0.11711,
      0.11511703096113136,
      0.11910296903886865
    ],
    "split2tail": [
      0.04842,
      0.047089590590414593,
      0.0497504094095854
    ]
  },
  "NegSide": {
    "canonical": [
      0.20453833696205675,
      0.20377872956171722,
      0.20529794436239629
    ],
    "combined": [
      0.18188593253968219,
      0.18097891065725022,
      0.18279295442211416
    ],
    "twotailed": [
      0.18418554365079326,
      0.18329238180803847,
      0.18507870549354805
    ],
    "split2tail": [
      0.20093443939393862,
      0.20014311985183303,
      0.20172575893604422
    ]
  },
  "elapsed": 27.43100275
}