{
  "scenario": 5,
  "fracPos": 0.1,
  "fracNeg": 0.4,
  "rho": 0,
  "FDRmethod": "BKY2006",
  "numTests": 2000,
  "numRealizations": 2000,
  "effectSize": 3,
  "CImethod": "Wald",
  "q": 0.05,
  "alpha": 0.05,
  "seed": "shuffle",
  "BothSides": {
    "canonical": [
      0.037050005504377377,
      0.036758999120688342,
      0.037341011888066412
    ],
    "combined": [
      0.031673818483204948,
      0.031400552695146161,
      0.031947084271263734
    ],
    "twotailed": [
      0.042845950447698539,
      0.042532822958466859,
      0.043159077936930218
    ],
    "split2tail": [
      0.0423736059667566,
      0.04205709015312388,
      0.04269012178038932
    ]
  },
  "PosSide": {
    "canonical": [
      0.026311643583018449,
      0.025671706979208266,
      0.026951580186828632
    ],
    "combined": [
      0.073083190921840041,
      0.072223992532863657,
      0.073942389310816425
    ],
    "twotailed": [
      0.098290700485951413,
      0.097338418139513674,
      0.099242982832389151
    ],
    "split2tail": [
      0.04436959255173617,
      0.04357809152367121,
      0.04516109357980113
    ]
  },
  "NegSide": {
    "canonical": [
      0.038894389544353626,
      0.038574219759382446,
      0.039214559329324807
    ],
    "combined": [
      0.020655874067406706,
      0.020412745076700628,
      0.020899003058112785
    ],
    "twotailed": [
      0.02778402039573559,
      0.027507440155989538,
      0.028060600635481641
    ],
    "split2tail": [
      0.041877670163730105,
      0.041538307008248475,
      0.042217033319211734
    ]
  },
  "elapsed": 190.977734541
}