{
  "scenario": 9,
  "fracPos": 0.25,
  "fracNeg": 0.25,
  "rho": 0.25,
  "FDRmethod": "BKY2006",
  "numTests": 2000,
  "numRealizations": 2000,
  "effectSize": 3,
  "CImethod": "Wald",
  "q": 0.05,
  "alpha": 0.05,
  "seed": "shuffle",
  "BothSides": {
    "canonical": [
      0.046113981889920663,
      0.04365287986531962,
      0.048575083914521706
    ],
    "combined": [
      0.031178207983743988,
      0.029884008655192019,
      0.032472407312295955
    ],
    "twotailed": [
      0.04191661016296417,
      0.040373743329733959,
      0.043459476996194381
    ],
    "split2tail": [
      0.043943699439856133,
      0.041990512636821374,
      0.045896886242890893
    ],
    "canonicalbb": [
      0.046113981889920663,
      0.04365287986531962,
      0.048575083914521706
    ],
    "split2tailbb": [
      0.043943699439856133,
      0.041990512636821374,
      0.045896886242890893
    ]
  },
  "PosSide": {
    "canonical": [
      0.030877345926953795,
      0.028620127147480488,
      0.0331345647064271
    ],
    "combined": [
      0.0234425971598238,
      0.021983236320976842,
      0.024901957998670756
    ],
    "twotailed": [
      0.032870051053799566,
      0.031005071961279419,
      0.034735030146319713
    ],
    "split2tail": [
      0.033528109579733636,
      0.0315064230296538,
      0.035549796129813474
    ],
    "canonicalbb": [
      0.030877345926953795,
      0.028620127147480488,
      0.0331345647064271
    ],
    "split2tailbb": [
      0.033528109579733636,
      0.0315064230296538,
      0.035549796129813474
    ]
  },
  "NegSide": {
    "canonical": [
      0.033782748586355174,
      0.031589598843583831,
      0.035975898329126517
    ],
    "combined": [
      0.0262250211984469,
      0.024781910629473793,
      0.027668131767420005
    ],
    "twotailed": [
      0.03579679468567995,
      0.0339482781222025,
      0.0376453112491574
    ],
    "split2tail": [
      0.036232469075977575,
      0.034249360834746161,
      0.038215577317208989
    ],
    "canonicalbb": [
      0.033782748586355174,
      0.031589598843583831,
      0.035975898329126517
    ],
    "split2tailbb": [
      0.036232469075977575,
      0.034249360834746161,
      0.038215577317208989
    ]
  },
  "elapsed": 177.956899
}