{
  "scenario": 10,
  "fracPos": 0.1,
  "fracNeg": 0.4,
  "rho": 0.25,
  "FDRmethod": "BKY2006",
  "numTests": 2000,
  "numRealizations": 2000,
  "effectSize": 3,
  "CImethod": "Wald",
  "q": 0.05,
  "alpha": 0.05,
  "seed": "shuffle",
  "BothSides": {
    "canonical": [
      0.83159099999999941,
      0.82612048629082,
      0.83706151370917881
    ],
    "combined": [
      0.79391300000000042,
      0.78844774122630334,
      0.7993782587736975
    ],
    "twotailed": [
      0.8446309999999998,
      0.83906786599323158,
      0.850194134006768
    ],
    "split2tail": [
      0.8684594999999995,
      0.86418318336629163,
      0.87273581663370736
    ],
    "canonicalbb": [
      0.83159099999999941,
      0.82612048629082,
      0.83706151370917881
    ],
    "split2tailbb": [
      0.8684594999999995,
      0.86418318336629163,
      0.87273581663370736
    ]
  },
  "PosSide": {
    "canonical": [
      0.61440172483456479,
      0.60115061227560185,
      0.62765283739352773
    ],
    "combined": [
      0.82462500391194182,
      0.81638145960278208,
      0.83286854822110157
    ],
    "twotailed": [
      0.88775540756621263,
      0.87983162932662173,
      0.89567918580580352
    ],
    "split2tail": [
      0.72564613768373865,
      0.71503117107215519,
      0.7362611042953221
    ],
    "canonicalbb": [
      0.61440172483456479,
      0.60115061227560185,
      0.62765283739352773
    ],
    "split2tailbb": [
      0.72564613768373865,
      0.71503117107215519,
      0.7362611042953221
    ]
  },
  "NegSide": {
    "canonical": [
      0.88651421483736,
      0.876677193058619,
      0.896351236616101
    ],
    "combined": [
      0.78694223048878476,
      0.77822188009436344,
      0.79566258088320607
    ],
    "twotailed": [
      0.83463944640095533,
      0.8258731705525244,
      0.84340572224938626
    ],
    "split2tail": [
      0.90494047836933378,
      0.89723880210390339,
      0.91264215463476417
    ],
    "canonicalbb": [
      0.88651421483736,
      0.876677193058619,
      0.896351236616101
    ],
    "split2tailbb": [
      0.90494047836933378,
      0.89723880210390339,
      0.91264215463476417
    ]
  },
  "elapsed": 177.01898241666666
}