{
  "fracPos": 0.1,
  "fracNeg": 0.4,
  "rho": 0,
  "FDRmethod": "BKY2006",
  "numTests": 1000,
  "numRealizations": 1000,
  "effectSize": 3,
  "CImethod": "Wald",
  "q": 0.05,
  "alpha": 0.05,
  "seed": "shuffle",
  "BothSides": {
    "canonical": [
      0.025978232688854606,
      0.024735528039391837,
      0.027220937338317375
    ],
    "twotailed": [
      0.044091464196106864,
      0.043469219652552522,
      0.044713708739661205
    ],
    "combined": [
      0.032697033283644657,
      0.032163843631638961,
      0.033230222935650353
    ],
    "twice": [
      0.038336729929892926,
      0.037756231594361284,
      0.038917228265424569
    ],
    "sidaktwice": [
      0.019106177436369338,
      0.018687182341071206,
      0.019525172531667471
    ],
    "split1tail": [
      0.10255724124080595,
      0.1015672898396069,
      0.103547192642005
    ],
    "split2tail": [
      0.043766099155999862,
      0.043144638012805193,
      0.04438756029919453
    ]
  },
  "PosSide": {
    "canonical": [
      0.025978232688854606,
      0.024735528039391837,
      0.027220937338317375
    ],
    "twotailed": [
      0.098993619912588524,
      0.0970580216817031,
      0.10092921814347394
    ],
    "combined": [
      0.073456604315340554,
      0.071699423228614612,
      0.0752137854020665
    ],
    "twice": [
      0.025978232688854606,
      0.024735528039391837,
      0.027220937338317375
    ],
    "sidaktwice": [
      0.01215708950180565,
      0.01123347847454673,
      0.013080700529064571
    ],
    "split1tail": [
      0.094705301037748824,
      0.092596171037164471,
      0.096814431038333176
    ],
    "split2tail": [
      0.044412497335320156,
      0.042900699156167142,
      0.045924295514473169
    ]
  },
  "NegSide": {
    "canonical": [
      0,
      0,
      0
    ],
    "twotailed": [
      0.029101965252571287,
      0.028556002603033717,
      0.029647927902108857
    ],
    "combined": [
      0.021793482588603759,
      0.021327974096194524,
      0.022258991081012994
    ],
    "twice": [
      0.040396339193159991,
      0.039754893541498568,
      0.041037784844821415
    ],
    "sidaktwice": [
      0.020162407575822244,
      0.019709395035938986,
      0.020615420115705503
    ],
    "split1tail": [
      0.10383244425772949,
      0.1027054703652918,
      0.10495941815016717
    ],
    "split2tail": [
      0.043451062564486054,
      0.042774116492581296,
      0.044128008636390811
    ]
  }
}