{
  "fracPos": 0.25,
  "fracNeg": 0.25,
  "rho": 0,
  "FDRmethod": "BKY2006",
  "numTests": 1000,
  "numRealizations": 1000,
  "effectSize": 3,
  "CImethod": "Wald",
  "q": 0.05,
  "alpha": 0.05,
  "seed": "shuffle",
  "BothSides": {
    "canonical": [
      0.031039339950962232,
      0.030239868023892724,
      0.031838811878031739
    ],
    "twotailed": [
      0.044099327789276346,
      0.043467563840977733,
      0.04473109173757496
    ],
    "combined": [
      0.03248021153166674,
      0.031927390571028828,
      0.033033032492304652
    ],
    "twice": [
      0.032535118787801333,
      0.031974552343476827,
      0.033095685232125839
    ],
    "sidaktwice": [
      0.016579724386499448,
      0.016164027370555018,
      0.016995421402443877
    ],
    "split1tail": [
      0.098302362506060018,
      0.097364635519897089,
      0.099240089492222947
    ],
    "split2tail": [
      0.044268443637434318,
      0.0436341780660097,
      0.044902709208858936
    ]
  },
  "PosSide": {
    "canonical": [
      0.031039339950962232,
      0.030239868023892724,
      0.031838811878031739
    ],
    "twotailed": [
      0.042900034865437857,
      0.042046050914254736,
      0.043754018816620978
    ],
    "combined": [
      0.031131247539663408,
      0.030354455581388322,
      0.031908039497938495
    ],
    "twice": [
      0.031039339950962232,
      0.030239868023892724,
      0.031838811878031739
    ],
    "sidaktwice": [
      0.015053485207588471,
      0.01447886562346655,
      0.015628104791710392
    ],
    "split1tail": [
      0.096524281348018576,
      0.095216915413006351,
      0.0978316472830308
    ],
    "split2tail": [
      0.042977961743959257,
      0.0420893485825177,
      0.043866574905400815
    ]
  },
  "NegSide": {
    "canonical": [
      0,
      0,
      0
    ],
    "twotailed": [
      0.045148183546705342,
      0.04428550683424657,
      0.046010860259164114
    ],
    "combined": [
      0.033709499154356164,
      0.0329555932646273,
      0.03446340504408503
    ],
    "twice": [
      0.033810536746751434,
      0.033040165988556684,
      0.034580907504946183
    ],
    "sidaktwice": [
      0.017961664153532769,
      0.017389955008587948,
      0.018533373298477589
    ],
    "split1tail": [
      0.0994570017566065,
      0.098155327403672554,
      0.10075867610954045
    ],
    "split2tail": [
      0.045219919759713345,
      0.044318539253541671,
      0.046121300265885019
    ]
  }
}