{
  "scenario": 5,
  "fracPos": 0.1,
  "fracNeg": 0.4,
  "rho": 0,
  "FDRmethod": "BKY2006",
  "numTests": 2000,
  "numRealizations": 2000,
  "effectSize": 3,
  "CImethod": "Wald",
  "q": 0.05,
  "alpha": 0.05,
  "seed": "shuffle",
  "BothSides": {
    "canonical": [
      0.037375473694995956,
      0.037086394462299235,
      0.037664552927692677
    ],
    "combined": [
      0.031980862002229257,
      0.031704039263427415,
      0.0322576847410311
    ],
    "twotailed": [
      0.043198537524687941,
      0.042888025624598182,
      0.0435090494247777
    ],
    "split2tail": [
      0.042761578578829028,
      0.042450275087947964,
      0.043072882069710092
    ]
  },
  "PosSide": {
    "canonical": [
      0.026822028494198409,
      0.026172050690180422,
      0.027472006298216396
    ],
    "combined": [
      0.073872119684800563,
      0.0730026411962186,
      0.074741598173382523
    ],
    "twotailed": [
      0.099172851599688222,
      0.098232160291271478,
      0.10011354290810497
    ],
    "split2tail": [
      0.0445747761342842,
      0.043787901179285944,
      0.045361651089282452
    ]
  },
  "NegSide": {
    "canonical": [
      0.039186878814784519,
      0.038864246245945186,
      0.039509511383623852
    ],
    "combined": [
      0.020821208169304162,
      0.020574027205053583,
      0.02106838913355474
    ],
    "twotailed": [
      0.027996316043196193,
      0.027715281670269262,
      0.028277350416123125
    ],
    "split2tail": [
      0.042294925888809717,
      0.041950909110122267,
      0.042638942667497168
    ]
  },
  "elapsed": 201.737682375
}