{
  "scenario": 14,
  "fracPos": 0.25,
  "fracNeg": 0.25,
  "rho_sign": -1,
  "FDRmethod": "BKY2006",
  "numTests": 20,
  "numRealizations": 20000,
  "effectSize": 3,
  "CImethod": "Wald",
  "q": 0.05,
  "alpha": 0.05,
  "seed": "shuffle",
  "BothSides": {
    "canonical": [
      0.12136414349539268,
      0.12038844427206086,
      0.1223398427187245
    ],
    "combined": [
      0.11783213134088069,
      0.11684436201168152,
      0.11881990067007986
    ],
    "twotailed": [
      0.12921411407886,
      0.12818250696338682,
      0.13024572119433317
    ],
    "split2tail": [
      0.13435390215584997,
      0.13330905225026163,
      0.13539875206143831
    ]
  },
  "PosSide": {
    "canonical": [
      0.02744488095238105,
      0.02640248139659607,
      0.02848728050816603
    ],
    "combined": [
      0.030373511904761914,
      0.029270920169655386,
      0.031476103639868441
    ],
    "twotailed": [
      0.043311836219335785,
      0.042062554916138507,
      0.044561117522533063
    ],
    "split2tail": [
      0.041821507936507525,
      0.04059492181852957,
      0.043048094054485481
    ]
  },
  "NegSide": {
    "canonical": [
      0.19200488095238402,
      0.19045740510172424,
      0.19355235680304381
    ],
    "combined": [
      0.1886291468254,
      0.18706592170829273,
      0.19019237194250727
    ],
    "twotailed": [
      0.19790950396825724,
      0.19640505326581631,
      0.19941395467069817
    ],
    "split2tail": [
      0.2015758351370884,
      0.20001079676013578,
      0.20314087351404103
    ]
  },
  "elapsed": 5.736871708
}