{
  "scenario": 2,
  "fracPos": 0.25,
  "fracNeg": 0,
  "rho": 0,
  "FDRmethod": "BKY2006",
  "numTests": 2000,
  "numRealizations": 2000,
  "effectSize": 3,
  "CImethod": "Wald",
  "q": 0.05,
  "alpha": 0.05,
  "seed": "shuffle",
  "BothSides": {
    "canonical": [
      0.046508387583440711,
      0.046049480369221379,
      0.046967294797660042
    ],
    "combined": [
      0.040757628868246507,
      0.040286849848024775,
      0.041228407888468238
    ],
    "twotailed": [
      0.044958762495805674,
      0.044464487818128333,
      0.045453037173483014
    ],
    "split2tail": [
      0.043145132288074789,
      0.042692146302905971,
      0.043598118273243607
    ],
    "canonicalbb": [
      0.024515328542414758,
      0.024031553189578676,
      0.02499910389525084
    ],
    "split2tailbb": [
      0.022807457138351483,
      0.02232036760101188,
      0.023294546675691086
    ]
  },
  "PosSide": {
    "canonical": [
      0.046375744529571807,
      0.045918713037449856,
      0.046832776021693757
    ],
    "combined": [
      0.020790984548126969,
      0.020451137083087385,
      0.021130832013166553
    ],
    "twotailed": [
      0.022919218905531998,
      0.022564899738403338,
      0.023273538072660659
    ],
    "split2tail": [
      0.042965961878661162,
      0.042515687983616511,
      0.043416235773705812
    ],
    "canonicalbb": [
      0.024382685488545854,
      0.023912463696190267,
      0.024852907280901441
    ],
    "split2tailbb": [
      0.022628286728937845,
      0.022158391459638733,
      0.023098181998236957
    ]
  },
  "NegSide": {
    "canonical": [
      0.0495,
      0.039991317331116515,
      0.05900868266888349
    ],
    "combined": [
      0.9995,
      0.99852001800773,
      1.00047998199227
    ],
    "twotailed": [
      1,
      1,
      1
    ],
    "split2tail": [
      0.065,
      0.05419302423078122,
      0.075806975769218785
    ],
    "canonicalbb": [
      0.0495,
      0.039991317331116515,
      0.05900868266888349
    ],
    "split2tailbb": [
      0.065,
      0.05419302423078122,
      0.075806975769218785
    ]
  },
  "elapsed": 103.85445083333333
}