{
  "scenario": 5,
  "fracPos": 0.1,
  "fracNeg": 0.4,
  "rho": 0,
  "FDRmethod": "BKY2006",
  "numTests": 2000,
  "numRealizations": 2000,
  "effectSize": 3,
  "CImethod": "Wald",
  "q": 0.05,
  "alpha": 0.05,
  "seed": "shuffle",
  "BothSides": {
    "canonical": [
      0.84160750000000062,
      0.84085457017492016,
      0.84236042982508108
    ],
    "combined": [
      0.8005384999999996,
      0.79975420498394345,
      0.80132279501605574
    ],
    "twotailed": [
      0.85317600000000049,
      0.85234835738222681,
      0.85400364261777417
    ],
    "split2tail": [
      0.87083549999999987,
      0.87003178140956583,
      0.87163921859043392
    ],
    "canonicalbb": [
      0.84160750000000062,
      0.84085457017492016,
      0.84236042982508108
    ],
    "split2tailbb": [
      0.87083549999999987,
      0.87003178140956583,
      0.87163921859043392
    ]
  },
  "PosSide": {
    "canonical": [
      0.63190379508778771,
      0.62983160667110472,
      0.63397598350447071
    ],
    "combined": [
      0.83697126534740607,
      0.83535110565749138,
      0.83859142503732076
    ],
    "twotailed": [
      0.90632340553015234,
      0.90465045839690428,
      0.9079963526634004
    ],
    "split2tail": [
      0.73034998103423865,
      0.72824660434412514,
      0.73245335772435216
    ],
    "canonicalbb": [
      0.63190379508778771,
      0.62983160667110472,
      0.63397598350447071
    ],
    "split2tailbb": [
      0.73034998103423865,
      0.72824660434412514,
      0.73245335772435216
    ]
  },
  "NegSide": {
    "canonical": [
      0.89540063417925619,
      0.89462502967487267,
      0.89617623868363971
    ],
    "combined": [
      0.79273062625749646,
      0.79191680056880409,
      0.79354445194618883
    ],
    "twotailed": [
      0.841274984688785,
      0.840442415829754,
      0.84210755354781608
    ],
    "split2tail": [
      0.90737230365400667,
      0.90651339453142821,
      0.90823121277658514
    ],
    "canonicalbb": [
      0.89540063417925619,
      0.89462502967487267,
      0.89617623868363971
    ],
    "split2tailbb": [
      0.90737230365400667,
      0.90651339453142821,
      0.90823121277658514
    ]
  },
  "elapsed": 174.84906020833333
}