{
  "scenario": 11,
  "effectSize": 3,
  "fracPos": 0,
  "fracNeg": 0,
  "rho_sign": -1,
  "FDRmethod": "BKY2006",
  "numTests": 2000,
  "numRealizations": 2000,
  "CImethod": "Wald",
  "q": 0.05,
  "alpha": 0.05,
  "seed": "shuffle",
  "BothSides": {
    "canonical": [
      0.106,
      0.092505295284082259,
      0.11949470471591774
    ],
    "combined": [
      0.0565,
      0.046378686660502634,
      0.066621313339497362
    ],
    "twotailed": [
      0.0565,
      0.046378686660502634,
      0.066621313339497362
    ],
    "split2tail": [
      0.1065,
      0.092977288699824079,
      0.12002271130017592
    ],
    "reviewer1": [
      0.056,
      0.04592090114814721,
      0.066079098851852786
    ],
    "reviewer2": [
      0.0555,
      0.04546334105543956,
      0.065536658944560441
    ]
  },
  "PosSide": {
    "canonical": [
      0.0555,
      0.045463341055439567,
      0.065536658944560441
    ],
    "combined": [
      0.029,
      0.021643854548480248,
      0.036356145451519759
    ],
    "twotailed": [
      0.029,
      0.021643854548480248,
      0.036356145451519759
    ],
    "split2tail": [
      0.056,
      0.045920901148147224,
      0.066079098851852772
    ],
    "reviewer1": [
      0.0285,
      0.021205667996929259,
      0.035794332003070743
    ],
    "reviewer2": [
      0.028,
      0.020768076190044456,
      0.035231923809955545
    ]
  },
  "NegSide": {
    "canonical": [
      0.052,
      0.042266981822996208,
      0.061733018177003787
    ],
    "combined": [
      0.0295,
      0.022082620975595227,
      0.03691737902440477
    ],
    "twotailed": [
      0.0295,
      0.022082620975595227,
      0.03691737902440477
    ],
    "split2tail": [
      0.051,
      0.041355940342639709,
      0.060644059657360284
    ],
    "reviewer1": [
      0.0275,
      0.020331094660280803,
      0.0346689053397192
    ],
    "reviewer2": [
      0.0275,
      0.020331094660280803,
      0.0346689053397192
    ]
  },
  "elapsed": 95.855662875
}