{
  "scenario": 6,
  "effectSize": 3,
  "fracPos": 0,
  "fracNeg": 0,
  "rho": 0.25,
  "FDRmethod": "BKY2006",
  "numTests": 2000,
  "numRealizations": 2000,
  "CImethod": "Wald",
  "q": 0.05,
  "alpha": 0.05,
  "seed": "shuffle",
  "BothSides": {
    "canonical": [
      0.071,
      0.059741546839780293,
      0.0822584531602197
    ],
    "combined": [
      0.0385,
      0.030065745471317448,
      0.046934254528682551
    ],
    "twotailed": [
      0.0385,
      0.030065745471317448,
      0.046934254528682551
    ],
    "split2tail": [
      0.0485,
      0.039082904827544347,
      0.057917095172455656
    ]
  },
  "PosSide": {
    "canonical": [
      0.039,
      0.03051336173240897,
      0.04748663826759103
    ],
    "combined": [
      0.0195,
      0.013438462467152884,
      0.025561537532847116
    ],
    "twotailed": [
      0.0195,
      0.013438462467152884,
      0.025561537532847116
    ],
    "split2tail": [
      0.027,
      0.019894739645756943,
      0.034105260354243057
    ]
  },
  "NegSide": {
    "canonical": [
      0.032,
      0.024284672569904305,
      0.0397153274300957
    ],
    "combined": [
      0.019,
      0.013015153747021183,
      0.024984846252978817
    ],
    "twotailed": [
      0.019,
      0.013015153747021183,
      0.024984846252978817
    ],
    "split2tail": [
      0.0215,
      0.015141695259574687,
      0.027858304740425312
    ]
  },
  "elapsed": 191.580129292
}