{
  "scenario": 10,
  "fracPos": 0.1,
  "fracNeg": 0.4,
  "rho_sign": 1,
  "FDRmethod": "BKY2006",
  "numTests": 2000,
  "numRealizations": 2000,
  "effectSize": 3,
  "CImethod": "Wald",
  "q": 0.05,
  "alpha": 0.05,
  "seed": "shuffle",
  "BothSides": {
    "canonical": [
      0.037212780655291038,
      0.036912515947094111,
      0.037513045363487964
    ],
    "combined": [
      0.031790301611366339,
      0.031514847610638434,
      0.032065755612094245
    ],
    "twotailed": [
      0.042838051285254079,
      0.042521152134271024,
      0.043154950436237134
    ],
    "split2tail": [
      0.042522986947687406,
      0.042202785321623339,
      0.042843188573751474
    ],
    "reviewer1": [
      0.019981338224733834,
      0.019751483336039054,
      0.020211193113428613
    ],
    "reviewer2": [
      0.018666922415972089,
      0.018439753829390424,
      0.018894091002553754
    ]
  },
  "PosSide": {
    "canonical": [
      0.026330824354347641,
      0.025699395001914562,
      0.026962253706780719
    ],
    "combined": [
      0.073056440948788631,
      0.072162336153494183,
      0.073950545744083079
    ],
    "twotailed": [
      0.097682782923764547,
      0.096693150445311821,
      0.098672415402217273
    ],
    "split2tail": [
      0.044326140596562251,
      0.043561804269318806,
      0.045090476923805696
    ],
    "reviewer1": [
      0.021587035319966766,
      0.020996166274915708,
      0.022177904365017823
    ],
    "reviewer2": [
      0.01319103101617345,
      0.012702117613368348,
      0.013679944418978553
    ]
  },
  "NegSide": {
    "canonical": [
      0.0390686502848134,
      0.038734744913920031,
      0.039402555655706765
    ],
    "combined": [
      0.020791604474750341,
      0.020540100436065196,
      0.021043108513435486
    ],
    "twotailed": [
      0.027940881728913475,
      0.027654323780033938,
      0.028227439677793013
    ],
    "split2tail": [
      0.042061022691405069,
      0.041708808723022066,
      0.042413236659788071
    ],
    "reviewer1": [
      0.019614754750638796,
      0.019363663703764161,
      0.01986584579751343
    ],
    "reviewer2": [
      0.019509215375188887,
      0.019259474223307014,
      0.01975895652707076
    ]
  },
  "elapsed": 91.316058666666663
}