{
  "fracPos": 0.25,
  "fracNeg": 0.25,
  "rho": 0.8,
  "FDRmethod": "BKY2006",
  "numTests": 2000,
  "numRealizations": 2000,
  "effectSize": 3,
  "CImethod": "Wald",
  "q": 0.05,
  "alpha": 0.05,
  "seed": "shuffle",
  "BothSides": {
    "canonical": [
      0.026813613937305546,
      0.021899026919491915,
      0.031728200955119176
    ],
    "twotailed": [
      0.032868632584654736,
      0.027823128354749767,
      0.037914136814559705
    ],
    "combined": [
      0.025517399702075564,
      0.021375669703988916,
      0.029659129700162212
    ],
    "twice": [
      0.060440269235933479,
      0.053389850637349454,
      0.0674906878345175
    ],
    "sidaktwice": [
      0.03232987721096884,
      0.027247394731511176,
      0.037412359690426507
    ],
    "split1tail": [
      0.10336218279341836,
      0.094023765114763472,
      0.11270060047207324
    ],
    "split2tail": [
      0.051240057212613419,
      0.044405474646036835,
      0.05807463977919
    ]
  },
  "PosSide": {
    "canonical": [
      0.026813613937305546,
      0.021899026919491915,
      0.031728200955119176
    ],
    "twotailed": [
      0.015174585997940925,
      0.011596992043626053,
      0.0187521799522558
    ],
    "combined": [
      0.011536141730311906,
      0.0086189908792089539,
      0.014453292581414858
    ],
    "twice": [
      0.026813613937305546,
      0.021899026919491915,
      0.031728200955119176
    ],
    "sidaktwice": [
      0.014549919154867405,
      0.010985321021152763,
      0.018114517288582047
    ],
    "split1tail": [
      0.049118117296394675,
      0.042561388257539315,
      0.055674846335250036
    ],
    "split2tail": [
      0.022972839796874204,
      0.018185055435522322,
      0.027760624158226086
    ]
  },
  "NegSide": {
    "canonical": [
      0,
      0,
      0
    ],
    "twotailed": [
      0.019206704934137894,
      0.015446016141885175,
      0.02296739372639061
    ],
    "combined": [
      0.015009085075169242,
      0.011964595343757801,
      0.018053574806580684
    ],
    "twice": [
      0.034150425369022956,
      0.028769344494905456,
      0.03953150624314046
    ],
    "sidaktwice": [
      0.018104089044866562,
      0.014349071952044049,
      0.021859106137689075
    ],
    "split1tail": [
      0.062370011315933623,
      0.054943890869066,
      0.06979613176280125
    ],
    "split2tail": [
      0.02912325547290591,
      0.023965847225241216,
      0.034280663720570606
    ]
  },
  "elapsed": 276.995468375
}