{
  "fracPos": 0.1,
  "fracNeg": 0.4,
  "rho": 0.8,
  "FDRmethod": "BKY2006",
  "numTests": 1000,
  "numRealizations": 1000,
  "effectSize": 3,
  "CImethod": "Wald",
  "q": 0.05,
  "alpha": 0.05,
  "seed": "shuffle",
  "BothSides": {
    "canonical": [
      0.023438738307683265,
      0.01620369937168304,
      0.030673777243683489
    ],
    "twotailed": [
      0.038541973906351557,
      0.030618797778576342,
      0.046465150034126768
    ],
    "combined": [
      0.029463904364009957,
      0.022743405729617267,
      0.036184402998402643
    ],
    "twice": [
      0.069421825601433909,
      0.058662510871556377,
      0.080181140331311448
    ],
    "sidaktwice": [
      0.038557728034442094,
      0.0304550970933919,
      0.04666035897549229
    ],
    "split1tail": [
      0.10775060834871163,
      0.094060493852627783,
      0.12144072284479547
    ],
    "split2tail": [
      0.054609755218751679,
      0.044685407795274544,
      0.064534102642228822
    ]
  },
  "PosSide": {
    "canonical": [
      0.023438738307683265,
      0.01620369937168304,
      0.030673777243683489
    ],
    "twotailed": [
      0.014114299373091674,
      0.0083039465931786828,
      0.019924652153004666
    ],
    "combined": [
      0.012769337578884212,
      0.0074270037048052582,
      0.018111671452963166
    ],
    "twice": [
      0.023438738307683265,
      0.01620369937168304,
      0.030673777243683489
    ],
    "sidaktwice": [
      0.01397532682933037,
      0.008153257483820512,
      0.019797396174840227
    ],
    "split1tail": [
      0.049132047280951115,
      0.038012551477970127,
      0.0602515430839321
    ],
    "split2tail": [
      0.022795425706438058,
      0.015420315443891552,
      0.030170535968984565
    ]
  },
  "NegSide": {
    "canonical": [
      0,
      0,
      0
    ],
    "twotailed": [
      0.027136279420730144,
      0.02102504196721644,
      0.033247516874243849
    ],
    "combined": [
      0.017839969319863473,
      0.013495482509190193,
      0.022184456130536753
    ],
    "twice": [
      0.046163642614830087,
      0.037699282340070216,
      0.054628002889589959
    ],
    "sidaktwice": [
      0.024679385647066107,
      0.018815774135905766,
      0.030542997158226448
    ],
    "split1tail": [
      0.064175567115149282,
      0.054735449500669969,
      0.0736156847296286
    ],
    "split2tail": [
      0.032261370411551533,
      0.025180933026782957,
      0.039341807796320107
    ]
  },
  "elapsed": 35.626112084
}