{
  "scenario": 2,
  "fracPos": 0.25,
  "fracNeg": 0,
  "rho_sign": 0,
  "FDRmethod": "BKY2006",
  "numTests": 20,
  "numRealizations": 20000,
  "effectSize": 3,
  "CImethod": "Wald",
  "q": 0.05,
  "alpha": 0.05,
  "seed": "shuffle",
  "BothSides": {
    "canonical": [
      0.054197142857142333,
      0.052745536919839686,
      0.05564874879444498
    ],
    "combined": [
      0.039450436507936351,
      0.03812263611603834,
      0.040778236899834362
    ],
    "twotailed": [
      0.043749047619047389,
      0.042364758689144369,
      0.045133336548950409
    ],
    "split2tail": [
      0.053629424603174096,
      0.052156307294891263,
      0.055102541911456929
    ]
  },
  "PosSide": {
    "canonical": [
      0.046613690476190024,
      0.0452744220572244,
      0.047952958895155648
    ],
    "combined": [
      0.020667976190476264,
      0.019686809251156661,
      0.021649143129795868
    ],
    "twotailed": [
      0.022881269841269938,
      0.021865042297391026,
      0.02389749738514885
    ],
    "split2tail": [
      0.042782658730158414,
      0.0414855779101822,
      0.044079739550134625
    ]
  },
  "NegSide": {
    "canonical": [
      0.03495,
      0.032404679657825251,
      0.037495320342174752
    ],
    "combined": [
      0.0855,
      0.0816245792247065,
      0.089375420775293507
    ],
    "twotailed": [
      0.09735,
      0.093241610392238952,
      0.10145838960776106
    ],
    "split2tail": [
      0.04695,
      0.044018299561543371,
      0.049881700438456626
    ]
  },
  "elapsed": 5.530414833
}