{
  "fracPos": 0,
  "fracNeg": 0.25,
  "rho": 0.8,
  "FDRmethod": "BKY2006",
  "numTests": 1000,
  "numRealizations": 1000,
  "effectSize": 3,
  "CImethod": "Wald",
  "q": 0.05,
  "alpha": 0.05,
  "seed": "shuffle",
  "BothSides": {
    "canonical": [
      0.007,
      0.0018300184747316126,
      0.012169981525268388
    ],
    "twotailed": [
      0.027495635172196907,
      0.019714836597438196,
      0.035276433746955618
    ],
    "combined": [
      0.023297090125784924,
      0.016289540601959279,
      0.030304639649610568
    ],
    "twice": [
      0.052824336801914923,
      0.041924412323593049,
      0.0637242612802368
    ],
    "sidaktwice": [
      0.02762031769190719,
      0.019819990646267372,
      0.035420644737547011
    ],
    "split1tail": [
      0.0622406549426727,
      0.05054799597631706,
      0.073933313909028353
    ],
    "split2tail": [
      0.027121685706589193,
      0.019581297438159645,
      0.034662073975018741
    ]
  },
  "PosSide": {
    "canonical": [
      0.007,
      0.0018300184747316126,
      0.012169981525268388
    ],
    "twotailed": [
      0.006,
      0.0012111176877667804,
      0.01078888231223322
    ],
    "combined": [
      0.006,
      0.0012111176877667804,
      0.01078888231223322
    ],
    "twice": [
      0.007,
      0.0018300184747316126,
      0.012169981525268388
    ],
    "sidaktwice": [
      0.006,
      0.0012111176877667804,
      0.01078888231223322
    ],
    "split1tail": [
      0.013,
      0.0059758205300866609,
      0.020024179469913337
    ],
    "split2tail": [
      0.006,
      0.0012111176877667804,
      0.01078888231223322
    ]
  },
  "NegSide": {
    "canonical": [
      0,
      0,
      0
    ],
    "twotailed": [
      0.021520499028747392,
      0.015292679576169071,
      0.027748318481325713
    ],
    "combined": [
      0.01729958389137096,
      0.012104458262874554,
      0.022494709519867366
    ],
    "twice": [
      0.045823335299410413,
      0.0361001083871698,
      0.055546562211651024
    ],
    "sidaktwice": [
      0.021620317691907195,
      0.015382581838239866,
      0.027858053545574524
    ],
    "split1tail": [
      0.049481717812029119,
      0.039785102373252751,
      0.059178333250805487
    ],
    "split2tail": [
      0.021136295757983974,
      0.015219507106106891,
      0.027053084409861056
    ]
  },
  "elapsed": 34.400909334
}