{
  "scenario": 8,
  "fracPos": 0,
  "fracNeg": 0.25,
  "rho_sign": 1,
  "FDRmethod": "BKY2006",
  "numTests": 20,
  "numRealizations": 100000,
  "effectSize": 3,
  "CImethod": "Wald",
  "q": 0.05,
  "alpha": 0.05,
  "seed": "shuffle",
  "BothSides": {
    "canonical": [
      0.210339798867798,
      0.20952409202582553,
      0.21115550570977046
    ],
    "combined": [
      0.19597840764790722,
      0.19500356515685974,
      0.19695325013895471
    ],
    "twotailed": [
      0.20036201479076432,
      0.19939517070774393,
      0.20132885887378471
    ],
    "split2tail": [
      0.20679452103452023,
      0.2059610437507674,
      0.20762799831827305
    ]
  },
  "PosSide": {
    "canonical": [
      0.03462,
      0.033486913819255788,
      0.035753086180744208
    ],
    "combined": [
      0.09199,
      0.090198710056755074,
      0.09378128994324493
    ],
    "twotailed": [
      0.1066,
      0.10468727806256445,
      0.10851272193743555
    ],
    "split2tail": [
      0.04514,
      0.0438532301093154,
      0.0464267698906846
    ]
  },
  "NegSide": {
    "canonical": [
      0.20405056943056862,
      0.20325582362264427,
      0.20484531523849298
    ],
    "combined": [
      0.18017574242424209,
      0.17924675633396392,
      0.18110472851452025
    ],
    "twotailed": [
      0.18263495923520884,
      0.18171933913417879,
      0.18355057933623889
    ],
    "split2tail": [
      0.19863835725385648,
      0.19783512852830734,
      0.19944158597940562
    ]
  },
  "elapsed": 27.462496042
}