{
  "fracPos": 0,
  "fracNeg": 0.25,
  "rho": 0,
  "FDRmethod": "BKY2006",
  "numTests": 1000,
  "numRealizations": 1000,
  "effectSize": 3,
  "CImethod": "Wald",
  "q": 0.05,
  "alpha": 0.05,
  "seed": "shuffle",
  "BothSides": {
    "canonical": [
      0.04,
      0.027848470121295547,
      0.052151529878704458
    ],
    "twotailed": [
      0.049395419905178824,
      0.048339309938799,
      0.050451529871558647
    ],
    "combined": [
      0.044976178528005784,
      0.04396900252930553,
      0.045983354526706037
    ],
    "twice": [
      0.051148118619675782,
      0.0501669875703863,
      0.052129249668965268
    ],
    "sidaktwice": [
      0.026439777055298878,
      0.025681508657829,
      0.027198045452768757
    ],
    "split1tail": [
      0.098987084334243844,
      0.097692434936196518,
      0.10028173373229117
    ],
    "split2tail": [
      0.048068132500745965,
      0.047108310735455218,
      0.049027954266036712
    ]
  },
  "PosSide": {
    "canonical": [
      0.04,
      0.027848470121295547,
      0.052151529878704458
    ],
    "twotailed": [
      0.98,
      0.97131852772587213,
      0.98868147227412784
    ],
    "combined": [
      0.97,
      0.959421798355475,
      0.98057820164452492
    ],
    "twice": [
      0.04,
      0.027848470121295547,
      0.052151529878704458
    ],
    "sidaktwice": [
      0.021,
      0.01210867796657028,
      0.029891322033429722
    ],
    "split1tail": [
      0.102,
      0.083232622010069784,
      0.1207673779899302
    ],
    "split2tail": [
      0.054,
      0.039984525840619886,
      0.068015474159380113
    ]
  },
  "NegSide": {
    "canonical": [
      0,
      0,
      0
    ],
    "twotailed": [
      0.026992742358951018,
      0.026228977619638591,
      0.027756507098263446
    ],
    "combined": [
      0.024605917391338539,
      0.023872507401623968,
      0.025339327381053111
    ],
    "twice": [
      0.050948280368622034,
      0.049971496357155643,
      0.051925064380088426
    ],
    "sidaktwice": [
      0.0263045264706715,
      0.025548692393395956,
      0.027060360547947044
    ],
    "split1tail": [
      0.098507033831628885,
      0.097215790818683881,
      0.099798276844573888
    ],
    "split2tail": [
      0.047775570027935955,
      0.046819714354486439,
      0.048731425701385472
    ]
  },
  "elapsed": 28.636402125
}