{
  "scenario": 8,
  "fracPos": 0,
  "fracNeg": 0.25,
  "rho": 0.25,
  "FDRmethod": "BKY2006",
  "numTests": 2000,
  "numRealizations": 2000,
  "effectSize": 3,
  "CImethod": "Wald",
  "q": 0.05,
  "alpha": 0.05,
  "seed": "shuffle",
  "BothSides": {
    "canonical": [
      0.81054100000000018,
      0.79708924029753148,
      0.82399275970246888
    ],
    "combined": [
      0.65620599999999951,
      0.6445125368090775,
      0.66789946319092153
    ],
    "twotailed": [
      0.67473999999999967,
      0.6626093296539296,
      0.68687067034606974
    ],
    "split2tail": [
      0.80165400000000009,
      0.792015180323979,
      0.81129281967602118
    ],
    "canonicalbb": [
      0.6716040000000002,
      0.65915825759634949,
      0.68404974240365091
    ],
    "split2tailbb": [
      0.66075000000000028,
      0.65082392984764048,
      0.67067607015236008
    ]
  },
  "PosSide": {
    "canonical": [
      null,
      null,
      null
    ],
    "combined": [
      null,
      null,
      null
    ],
    "twotailed": [
      null,
      null,
      null
    ],
    "split2tail": [
      null,
      null,
      null
    ],
    "canonicalbb": [
      null,
      null,
      null
    ],
    "split2tailbb": [
      null,
      null,
      null
    ]
  },
  "NegSide": {
    "canonical": [
      0.80958221365666527,
      0.79608119426771928,
      0.82308323304561126
    ],
    "combined": [
      0.65061010955818854,
      0.63871549940528172,
      0.66250471971109537
    ],
    "twotailed": [
      0.66850569504011714,
      0.65616559885990178,
      0.68084579122033251
    ],
    "split2tail": [
      0.80159501515311216,
      0.791903377162205,
      0.81128665314401927
    ],
    "canonicalbb": [
      0.6708384123900768,
      0.65834768438851032,
      0.68332914039164327
    ],
    "split2tailbb": [
      0.66053178056827944,
      0.65056272612515265,
      0.67050083501140623
    ]
  },
  "elapsed": 105.533332125
}