{
  "scenario": 6,
  "effectSize": 3,
  "fracPos": 0,
  "fracNeg": 0,
  "rho_sign": 1,
  "FDRmethod": "BKY2006",
  "numTests": 2000,
  "numRealizations": 2000,
  "CImethod": "Wald",
  "q": 0.05,
  "alpha": 0.05,
  "seed": "shuffle",
  "BothSides": {
    "canonical": [
      0.1135,
      0.099594743810242178,
      0.12740525618975784
    ],
    "combined": [
      0.061,
      0.050508455969527626,
      0.071491544030472365
    ],
    "twotailed": [
      0.061,
      0.050508455969527626,
      0.071491544030472365
    ],
    "split2tail": [
      0.113,
      0.099121493740445515,
      0.12687850625955449
    ]
  },
  "PosSide": {
    "canonical": [
      0.0585,
      0.048212027630845963,
      0.068787972369154043
    ],
    "combined": [
      0.0325,
      0.024726638566837003,
      0.040273361433163
    ],
    "twotailed": [
      0.0325,
      0.024726638566837003,
      0.040273361433163
    ],
    "split2tail": [
      0.057,
      0.046836694783584119,
      0.067163305216415892
    ]
  },
  "NegSide": {
    "canonical": [
      0.0575,
      0.047294922769393753,
      0.067705077230606259
    ],
    "combined": [
      0.031,
      0.023402259968634896,
      0.0385977400313651
    ],
    "twotailed": [
      0.031,
      0.023402259968634896,
      0.0385977400313651
    ],
    "split2tail": [
      0.0585,
      0.04821202763084597,
      0.068787972369154043
    ]
  },
  "elapsed": 96.492628083333329
}