{
  "scenario": 4,
  "fracPos": 0.25,
  "fracNeg": 0.25,
  "rho_sign": 0,
  "FDRmethod": "BKY2006",
  "numTests": 20,
  "numRealizations": 100000,
  "effectSize": 3,
  "CImethod": "Wald",
  "q": 0.05,
  "alpha": 0.05,
  "seed": "shuffle",
  "BothSides": {
    "canonical": [
      0.12231803854478901,
      0.12187194576658394,
      0.12276413132299407
    ],
    "combined": [
      0.11707576359751407,
      0.11663823158525233,
      0.1175132956097758
    ],
    "twotailed": [
      0.12859702182183189,
      0.12813963970605682,
      0.12905440393760695
    ],
    "split2tail": [
      0.13438343284819795,
      0.13391090219567403,
      0.13485596350072188
    ]
  },
  "PosSide": {
    "canonical": [
      0.027608932539682534,
      0.027145452103490324,
      0.028072412975874744
    ],
    "combined": [
      0.028519496031746024,
      0.028048733817901197,
      0.028990258245590851
    ],
    "twotailed": [
      0.041369646825396809,
      0.040822905801972738,
      0.041916387848820881
    ],
    "split2tail": [
      0.040857974386724366,
      0.040311337016878862,
      0.04140461175656987
    ]
  },
  "NegSide": {
    "canonical": [
      0.19106243686868613,
      0.19034557173429437,
      0.19177930200307788
    ],
    "combined": [
      0.18743296825396763,
      0.18672401178004516,
      0.1881419247278901
    ],
    "twotailed": [
      0.196553866883116,
      0.19587314967826619,
      0.19723458408796579
    ],
    "split2tail": [
      0.2002477373737365,
      0.19953265823893865,
      0.20096281650853434
    ]
  },
  "elapsed": 28.237893583
}