{
  "scenario": 6,
  "effectSize": 3,
  "fracPos": 0,
  "fracNeg": 0,
  "rho": 0.25,
  "FDRmethod": "BKY2006",
  "numTests": 2000,
  "numRealizations": 2000,
  "CImethod": "Wald",
  "q": 0.05,
  "alpha": 0.05,
  "seed": "shuffle",
  "BothSides": {
    "canonical": [
      0.081,
      0.069039703142175418,
      0.092960296857824587
    ],
    "combined": [
      0.049,
      0.039536974890931012,
      0.058463025109068992
    ],
    "twotailed": [
      0.049,
      0.039536974890931012,
      0.058463025109068992
    ],
    "split2tail": [
      0.0575,
      0.047294922769393753,
      0.067705077230606259
    ],
    "canonicalbb": [
      0.0475,
      0.038175597955035542,
      0.056824402044964459
    ],
    "split2tailbb": [
      0.03,
      0.022521953033424011,
      0.037478046966575987
    ]
  },
  "PosSide": {
    "canonical": [
      0.0375,
      0.029171674378451362,
      0.045828325621548635
    ],
    "combined": [
      0.0225,
      0.015998832792771037,
      0.029001167207228961
    ],
    "twotailed": [
      0.0225,
      0.015998832792771037,
      0.029001167207228961
    ],
    "split2tail": [
      0.0255,
      0.018589607650358449,
      0.032410392349641548
    ],
    "canonicalbb": [
      0.0215,
      0.015141695259574688,
      0.027858304740425308
    ],
    "split2tailbb": [
      0.012,
      0.0072267872801529956,
      0.016773212719847004
    ]
  },
  "NegSide": {
    "canonical": [
      0.0435,
      0.034558120570750715,
      0.052441879429249279
    ],
    "combined": [
      0.0265,
      0.019459028136104027,
      0.033540971863895971
    ],
    "twotailed": [
      0.0265,
      0.019459028136104027,
      0.033540971863895971
    ],
    "split2tail": [
      0.032,
      0.024284672569904308,
      0.03971532743009569
    ],
    "canonicalbb": [
      0.026,
      0.019023977922222129,
      0.032976022077777868
    ],
    "split2tailbb": [
      0.018,
      0.01217181014758675,
      0.023828189852413247
    ]
  },
  "elapsed": 89.013609958333333
}