{
  "scenario": 9,
  "fracPos": 0.25,
  "fracNeg": 0.25,
  "rho_sign": -1,
  "FDRmethod": "BKY2006",
  "numTests": 20,
  "numRealizations": 100000,
  "effectSize": 3,
  "CImethod": "Wald",
  "q": 0.05,
  "alpha": 0.05,
  "seed": "shuffle",
  "BothSides": {
    "canonical": [
      0.12023257636807684,
      0.11979496442774867,
      0.12067018830840501
    ],
    "combined": [
      0.11701554181929229,
      0.11657166492151665,
      0.11745941871706793
    ],
    "twotailed": [
      0.12855451067663035,
      0.12809240701169192,
      0.12901661434156877
    ],
    "split2tail": [
      0.13382025779745751,
      0.13335097412751817,
      0.13428954146739686
    ]
  },
  "PosSide": {
    "canonical": [
      0.027712706349206338,
      0.027243820797430394,
      0.028181591900982281
    ],
    "combined": [
      0.030069821428571421,
      0.02958240783571146,
      0.030557235021431383
    ],
    "twotailed": [
      0.043288992424242417,
      0.042732535124745327,
      0.043845449723739507
    ],
    "split2tail": [
      0.04249174819624818,
      0.041935800798863859,
      0.0430476955936325
    ]
  },
  "NegSide": {
    "canonical": [
      0.19040146031745961,
      0.18971027470631913,
      0.19109264592860009
    ],
    "combined": [
      0.18765335317460252,
      0.18695065592665586,
      0.18835605042254919
    ],
    "twotailed": [
      0.19696809343434254,
      0.19629334078260369,
      0.1976428460860814
    ],
    "split2tail": [
      0.20042973629148542,
      0.19972721970494367,
      0.20113225287802716
    ]
  },
  "elapsed": 28.469863792
}