{
  "fracPos": 0.1,
  "fracNeg": 0.4,
  "rho": 0.8,
  "FDRmethod": "BKY2006",
  "numTests": 2000,
  "numRealizations": 2000,
  "effectSize": 3,
  "CImethod": "Wald",
  "q": 0.05,
  "alpha": 0.05,
  "seed": "shuffle",
  "BothSides": {
    "canonical": [
      0.019164741662859509,
      0.01454404222113779,
      0.02378544110458123
    ],
    "twotailed": [
      0.03317452479103563,
      0.028237091607928415,
      0.038111957974142845
    ],
    "combined": [
      0.023645691975350703,
      0.019616036435948794,
      0.027675347514752612
    ],
    "twice": [
      0.0671263270018982,
      0.0597710480746716,
      0.074481605929124811
    ],
    "sidaktwice": [
      0.032488012050476779,
      0.027496071525376132,
      0.037479952575577423
    ],
    "split1tail": [
      0.10237458242939365,
      0.09325301745962708,
      0.11149614739916022
    ],
    "split2tail": [
      0.0491398173873885,
      0.042496085190118972,
      0.055783549584658025
    ]
  },
  "PosSide": {
    "canonical": [
      0.019164741662859509,
      0.01454404222113779,
      0.02378544110458123
    ],
    "twotailed": [
      0.0095876816154060775,
      0.0064633780175262466,
      0.012711985213285908
    ],
    "combined": [
      0.0087308304369197853,
      0.0057783273542244846,
      0.011683333519615086
    ],
    "twice": [
      0.019164741662859509,
      0.01454404222113779,
      0.02378544110458123
    ],
    "sidaktwice": [
      0.00941373688789688,
      0.0062836788750531064,
      0.012543794900740653
    ],
    "split1tail": [
      0.039101495882669313,
      0.032296339723236284,
      0.045906652042102342
    ],
    "split2tail": [
      0.018946739694851149,
      0.014130454128949383,
      0.023763025260752916
    ]
  },
  "NegSide": {
    "canonical": [
      0,
      0,
      0
    ],
    "twotailed": [
      0.025684675350550953,
      0.021432761436361664,
      0.029936589264740243
    ],
    "combined": [
      0.015397526063509833,
      0.012559196322654547,
      0.018235855804365118
    ],
    "twice": [
      0.048071979052671215,
      0.042050165331842679,
      0.054093792773499752
    ],
    "sidaktwice": [
      0.023133299315809402,
      0.019139282998395561,
      0.027127315633223244
    ],
    "split1tail": [
      0.068202928015018677,
      0.061332771772362911,
      0.075073084257674436
    ],
    "split2tail": [
      0.030505039896360921,
      0.025668399726565642,
      0.0353416800661562
    ]
  },
  "elapsed": 267.373566333
}