{
  "scenario": 3,
  "fracPos": 0,
  "fracNeg": 0.25,
  "rho": 0,
  "FDRmethod": "BKY2006",
  "numTests": 2000,
  "numRealizations": 2000,
  "effectSize": 3,
  "CImethod": "Wald",
  "q": 0.05,
  "alpha": 0.05,
  "seed": "shuffle",
  "BothSides": {
    "canonical": [
      0.048140915267679829,
      0.047670274088687396,
      0.048611556446672262
    ],
    "combined": [
      0.042167646298406629,
      0.041689314007993659,
      0.0426459785888196
    ],
    "twotailed": [
      0.046245759898784787,
      0.045749567430224937,
      0.046741952367344637
    ],
    "split2tail": [
      0.044799107465843424,
      0.044343451202958788,
      0.04525476372872806
    ],
    "canonicalbb": [
      0.048140915267679829,
      0.047670274088687396,
      0.048611556446672262
    ],
    "split2tailbb": [
      0.044799107465843424,
      0.044343451202958788,
      0.04525476372872806
    ]
  },
  "PosSide": {
    "canonical": [
      0.0315,
      0.023843209164965976,
      0.039156790835034025
    ],
    "combined": [
      0.9985,
      0.99680347072523423,
      1.0001965292747659
    ],
    "twotailed": [
      0.999,
      0.9976144428682947,
      1.0003855571317053
    ],
    "split2tail": [
      0.043,
      0.034107335848968343,
      0.051892664151031651
    ],
    "canonicalbb": [
      0.0315,
      0.023843209164965976,
      0.039156790835034025
    ],
    "split2tailbb": [
      0.043,
      0.034107335848968343,
      0.051892664151031651
    ]
  },
  "NegSide": {
    "canonical": [
      0.048067432815812522,
      0.047596989205755093,
      0.048537876425869951
    ],
    "combined": [
      0.022489318398079442,
      0.022139378644688124,
      0.022839258151470761
    ],
    "twotailed": [
      0.024624205453125762,
      0.024259395233150106,
      0.024989015673101418
    ],
    "split2tail": [
      0.044692272076383842,
      0.044237130698882382,
      0.0451474134538853
    ],
    "canonicalbb": [
      0.048067432815812522,
      0.047596989205755093,
      0.048537876425869951
    ],
    "split2tailbb": [
      0.044692272076383842,
      0.044237130698882382,
      0.0451474134538853
    ]
  },
  "elapsed": 143.53339570833333
}