{
  "scenario": 5,
  "fracPos": 0.1,
  "fracNeg": 0.4,
  "rho_sign": 0,
  "FDRmethod": "BKY2006",
  "numTests": 2000,
  "numRealizations": 2000,
  "effectSize": 3,
  "CImethod": "Wald",
  "q": 0.05,
  "alpha": 0.05,
  "seed": "shuffle",
  "BothSides": {
    "canonical": [
      0.037000986836216262,
      0.036703987181097616,
      0.037297986491334909
    ],
    "combined": [
      0.031786345962286452,
      0.031521107315602856,
      0.032051584608970049
    ],
    "twotailed": [
      0.042888987914063023,
      0.042580807505011163,
      0.043197168323114883
    ],
    "split2tail": [
      0.042223180984766503,
      0.041903998001427058,
      0.042542363968105949
    ],
    "reviewer1": [
      0.019944726364786312,
      0.01971976277374465,
      0.020169689955827973
    ],
    "reviewer2": [
      0.018616827798870708,
      0.018398709237248772,
      0.018834946360492644
    ]
  },
  "PosSide": {
    "canonical": [
      0.026199123064107703,
      0.025562764624249491,
      0.026835481503965915
    ],
    "combined": [
      0.073439118610527487,
      0.072580022257825755,
      0.07429821496322922
    ],
    "twotailed": [
      0.098345055496100481,
      0.097394164218993232,
      0.09929594677320773
    ],
    "split2tail": [
      0.04376744067785706,
      0.04300449767260258,
      0.044530383683111539
    ],
    "reviewer1": [
      0.021698380573906717,
      0.021114019251287381,
      0.022282741896526053
    ],
    "reviewer2": [
      0.013346027533954915,
      0.012847839936081249,
      0.013844215131828581
    ]
  },
  "NegSide": {
    "canonical": [
      0.038847669122092685,
      0.0385215387189926,
      0.039173799525192766
    ],
    "combined": [
      0.020717863805974158,
      0.020477610821026213,
      0.020958116790922104
    ],
    "twotailed": [
      0.027836686397022754,
      0.027560254545321496,
      0.028113118248724013
    ],
    "split2tail": [
      0.041820669024401534,
      0.041477141254582406,
      0.042164196794220662
    ],
    "reviewer1": [
      0.019563520029241131,
      0.019323332577140247,
      0.019803707481342015
    ],
    "reviewer2": [
      0.019446837621472732,
      0.019209873872218071,
      0.019683801370727394
    ]
  },
  "elapsed": 91.416240125
}