{
  "scenario": 6,
  "effectSize": 3,
  "fracPos": 0,
  "fracNeg": 0,
  "rho_sign": 1,
  "FDRmethod": "BKY2006",
  "numTests": 20,
  "numRealizations": 100000,
  "CImethod": "Wald",
  "q": 0.05,
  "alpha": 0.05,
  "seed": "shuffle",
  "BothSides": {
    "canonical": [
      0.09775,
      0.095909346288390929,
      0.099590653711609078
    ],
    "combined": [
      0.04987,
      0.048520846196327926,
      0.05121915380367207
    ],
    "twotailed": [
      0.04975,
      0.048402385286060765,
      0.051097614713939241
    ],
    "split2tail": [
      0.08998,
      0.088206428401473955,
      0.091753571598526054
    ]
  },
  "PosSide": {
    "canonical": [
      0.04879,
      0.0474547767831991,
      0.0501252232168009
    ],
    "combined": [
      0.02564,
      0.0246603543908056,
      0.0266196456091944
    ],
    "twotailed": [
      0.02561,
      0.024630912601723839,
      0.026589087398276163
    ],
    "split2tail": [
      0.04501,
      0.043724996883492247,
      0.046295003116507756
    ]
  },
  "NegSide": {
    "canonical": [
      0.05041,
      0.049053946957459134,
      0.051766053042540873
    ],
    "combined": [
      0.02579,
      0.024807568621651812,
      0.026772431378348189
    ],
    "twotailed": [
      0.02573,
      0.024748681874627664,
      0.026711318125372335
    ],
    "split2tail": [
      0.04651,
      0.045204786660900047,
      0.047815213339099959
    ]
  },
  "elapsed": 27.77099275
}