{
  "effectSize": 3,
  "fracPos": 0,
  "fracNeg": 0,
  "rho": 0.8,
  "FDRmethod": "BKY2006",
  "numTests": 1000,
  "numRealizations": 1000,
  "CImethod": "Wald",
  "q": 0.05,
  "alpha": 0.05,
  "seed": "shuffle",
  "BothSides": {
    "canonical": [
      0.01,
      0.0038300315368951978,
      0.016169968463104804
    ],
    "twotailed": [
      0.008,
      0.0024758409205958617,
      0.013524159079404139
    ],
    "combined": [
      0.008,
      0.0024758409205958617,
      0.013524159079404139
    ],
    "twice": [
      0.019,
      0.010534031444512693,
      0.027465968555487306
    ],
    "sidaktwice": [
      0.008,
      0.0024758409205958617,
      0.013524159079404139
    ],
    "split1tail": [
      0.019,
      0.010534031444512693,
      0.027465968555487306
    ],
    "split2tail": [
      0.008,
      0.0024758409205958617,
      0.013524159079404139
    ]
  },
  "PosSide": {
    "canonical": [
      0.01,
      0.0038300315368951978,
      0.016169968463104804
    ],
    "twotailed": [
      0.004,
      8.5962234050530884E-5,
      0.00791403776594947
    ],
    "combined": [
      0.004,
      8.5962234050530884E-5,
      0.00791403776594947
    ],
    "twice": [
      0.01,
      0.0038300315368951978,
      0.016169968463104804
    ],
    "sidaktwice": [
      0.004,
      8.5962234050530884E-5,
      0.00791403776594947
    ],
    "split1tail": [
      0.01,
      0.0038300315368951978,
      0.016169968463104804
    ],
    "split2tail": [
      0.004,
      8.5962234050530884E-5,
      0.00791403776594947
    ]
  },
  "NegSide": {
    "canonical": [
      0,
      0,
      0
    ],
    "twotailed": [
      0.004,
      8.5962234050530884E-5,
      0.00791403776594947
    ],
    "combined": [
      0.004,
      8.5962234050530884E-5,
      0.00791403776594947
    ],
    "twice": [
      0.009,
      0.0031436984803324668,
      0.014856301519667532
    ],
    "sidaktwice": [
      0.004,
      8.5962234050530884E-5,
      0.00791403776594947
    ],
    "split1tail": [
      0.009,
      0.0031436984803324668,
      0.014856301519667532
    ],
    "split2tail": [
      0.004,
      8.5962234050530884E-5,
      0.00791403776594947
    ]
  }
}