{
  "scenario": 2,
  "fracPos": 0.25,
  "fracNeg": 0,
  "rho": 0,
  "FDRmethod": "BKY2006",
  "numTests": 2000,
  "numRealizations": 2000,
  "effectSize": 3,
  "CImethod": "Wald",
  "q": 0.05,
  "alpha": 0.05,
  "seed": "shuffle",
  "BothSides": {
    "canonical": [
      0.046544110911846071,
      0.046065119145377795,
      0.047023102678314346
    ],
    "combined": [
      0.040857454938199582,
      0.040360942073689191,
      0.041353967802709973
    ],
    "twotailed": [
      0.045030502666711172,
      0.044516088246217854,
      0.045544917087204491
    ],
    "split2tail": [
      0.043322163409181255,
      0.042858190106940683,
      0.043786136711421828
    ],
    "canonicalbb": [
      0.046544110911846071,
      0.046065119145377795,
      0.047023102678314346
    ],
    "split2tailbb": [
      0.043322163409181255,
      0.042858190106940683,
      0.043786136711421828
    ]
  },
  "PosSide": {
    "canonical": [
      0.04645521797929008,
      0.045976278896742974,
      0.046934157061837185
    ],
    "combined": [
      0.020937213750373714,
      0.020586039969951193,
      0.021288387530796236
    ],
    "twotailed": [
      0.023144235316160024,
      0.022778329613966846,
      0.023510141018353203
    ],
    "split2tail": [
      0.043186103023952337,
      0.042722228286524319,
      0.043649977761380354
    ],
    "canonicalbb": [
      0.04645521797929008,
      0.045976278896742974,
      0.046934157061837185
    ],
    "split2tailbb": [
      0.043186103023952337,
      0.042722228286524319,
      0.043649977761380354
    ]
  },
  "NegSide": {
    "canonical": [
      0.0365,
      0.028279201834251443,
      0.044720798165748553
    ],
    "combined": [
      0.9995,
      0.99852001800773,
      1.00047998199227
    ],
    "twotailed": [
      1,
      1,
      1
    ],
    "split2tail": [
      0.049,
      0.039536974890931026,
      0.058463025109068978
    ],
    "canonicalbb": [
      0.0365,
      0.028279201834251443,
      0.044720798165748553
    ],
    "split2tailbb": [
      0.049,
      0.039536974890931026,
      0.058463025109068978
    ]
  },
  "elapsed": 143.34465525
}