{
  "effectSize": 3,
  "fracPos": 0,
  "fracNeg": 0,
  "rho": 0.8,
  "FDRmethod": "BKY2006",
  "numTests": 1000,
  "numRealizations": 1000,
  "CImethod": "Wald",
  "q": 0.05,
  "alpha": 0.05,
  "seed": "shuffle",
  "BothSides": {
    "canonical": [
      0.014,
      0.0067143580832571348,
      0.021285641916742867
    ],
    "twotailed": [
      0.011,
      0.0045321515498656425,
      0.017467848450134354
    ],
    "combined": [
      0.011,
      0.0045321515498656425,
      0.017467848450134354
    ],
    "twice": [
      0.025,
      0.015318611254450026,
      0.034681388745549976
    ],
    "sidaktwice": [
      0.011,
      0.0045321515498656425,
      0.017467848450134354
    ],
    "split1tail": [
      0.025,
      0.015318611254450026,
      0.034681388745549976
    ],
    "split2tail": [
      0.011,
      0.0045321515498656425,
      0.017467848450134354
    ]
  },
  "PosSide": {
    "canonical": [
      0.014,
      0.0067143580832571348,
      0.021285641916742867
    ],
    "twotailed": [
      0.004,
      8.5962234050531751E-5,
      0.00791403776594947
    ],
    "combined": [
      0.004,
      8.5962234050531751E-5,
      0.00791403776594947
    ],
    "twice": [
      0.014,
      0.0067143580832571348,
      0.021285641916742867
    ],
    "sidaktwice": [
      0.004,
      8.5962234050531751E-5,
      0.00791403776594947
    ],
    "split1tail": [
      0.014,
      0.0067143580832571348,
      0.021285641916742867
    ],
    "split2tail": [
      0.004,
      8.5962234050531751E-5,
      0.00791403776594947
    ]
  },
  "NegSide": {
    "canonical": [
      0,
      0,
      0
    ],
    "twotailed": [
      0.007,
      0.0018300184747316178,
      0.012169981525268382
    ],
    "combined": [
      0.007,
      0.0018300184747316178,
      0.012169981525268382
    ],
    "twice": [
      0.011,
      0.0045321515498656416,
      0.017467848450134358
    ],
    "sidaktwice": [
      0.007,
      0.0018300184747316178,
      0.012169981525268382
    ],
    "split1tail": [
      0.011,
      0.0045321515498656416,
      0.017467848450134358
    ],
    "split2tail": [
      0.007,
      0.0018300184747316178,
      0.012169981525268382
    ]
  },
  "elapsed": 39.937168792
}