{
  "scenario": 6,
  "effectSize": 3,
  "fracPos": 0,
  "fracNeg": 0,
  "rho": 0.8,
  "FDRmethod": "BKY2006",
  "numTests": 2000,
  "numRealizations": 2000,
  "CImethod": "Wald",
  "q": 0.05,
  "alpha": 0.05,
  "seed": "shuffle",
  "BothSides": {
    "canonical": [
      0.034,
      0.026055442444615648,
      0.041944557555384357
    ],
    "combined": [
      0.0165,
      0.010915672910432151,
      0.02208432708956785
    ],
    "twotailed": [
      0.0165,
      0.010915672910432151,
      0.02208432708956785
    ],
    "split2tail": [
      0.0165,
      0.010915672910432151,
      0.02208432708956785
    ]
  },
  "PosSide": {
    "canonical": [
      0.0185,
      0.012592921937510267,
      0.024407078062489731
    ],
    "combined": [
      0.009,
      0.0048600053878561957,
      0.013139994612143803
    ],
    "twotailed": [
      0.009,
      0.0048600053878561957,
      0.013139994612143803
    ],
    "split2tail": [
      0.009,
      0.0048600053878561957,
      0.013139994612143803
    ]
  },
  "NegSide": {
    "canonical": [
      0.0155,
      0.010084788750567382,
      0.020915211249432616
    ],
    "combined": [
      0.0075,
      0.003717860150762451,
      0.011282139849237548
    ],
    "twotailed": [
      0.0075,
      0.003717860150762451,
      0.011282139849237548
    ],
    "split2tail": [
      0.0075,
      0.003717860150762451,
      0.011282139849237548
    ]
  },
  "elapsed": 203.748650542
}