{
  "scenario": 8,
  "fracPos": 0,
  "fracNeg": 0.25,
  "rho": 0.25,
  "FDRmethod": "BKY2006",
  "numTests": 2000,
  "numRealizations": 2000,
  "effectSize": 3,
  "CImethod": "Wald",
  "q": 0.05,
  "alpha": 0.05,
  "seed": "shuffle",
  "BothSides": {
    "canonical": [
      0.060315942979121705,
      0.055597998834644391,
      0.065033887123599018
    ],
    "combined": [
      0.0443380176883488,
      0.0412780754470763,
      0.047397959929621307
    ],
    "twotailed": [
      0.048854806754775951,
      0.045644845309636438,
      0.052064768199915464
    ],
    "split2tail": [
      0.040699200179593914,
      0.037721724898591144,
      0.043676675460596684
    ],
    "canonicalbb": [
      0.060315942979121705,
      0.055597998834644391,
      0.065033887123599018
    ],
    "split2tailbb": [
      0.040199200179593907,
      0.037373913511825133,
      0.043024486847362681
    ]
  },
  "PosSide": {
    "canonical": [
      0.0235,
      0.016859332295614243,
      0.030140667704385758
    ],
    "combined": [
      0.701,
      0.68093051181875175,
      0.72106948818124816
    ],
    "twotailed": [
      0.748,
      0.72896763476611548,
      0.76703236523388452
    ],
    "split2tail": [
      0.0205,
      0.014288151651290087,
      0.026711848348709915
    ],
    "canonicalbb": [
      0.0235,
      0.016859332295614243,
      0.030140667704385758
    ],
    "split2tailbb": [
      0.02,
      0.013862807726060203,
      0.026137192273939798
    ]
  },
  "NegSide": {
    "canonical": [
      0.053805155850619492,
      0.050083334652293358,
      0.057526977048945625
    ],
    "combined": [
      0.023852146608047704,
      0.022019390783500993,
      0.025684902432594414
    ],
    "twotailed": [
      0.02741092235457606,
      0.025274044595972375,
      0.029547800113179746
    ],
    "split2tail": [
      0.03779264927933907,
      0.035460962571310831,
      0.04012433598736731
    ],
    "canonicalbb": [
      0.053805155850619492,
      0.050083334652293358,
      0.057526977048945625
    ],
    "split2tailbb": [
      0.03779264927933907,
      0.035460962571310831,
      0.04012433598736731
    ]
  },
  "elapsed": 146.670813875
}