{
  "scenario": 4,
  "fracPos": 0.25,
  "fracNeg": 0.25,
  "rho": 0,
  "FDRmethod": "BKY2006",
  "numTests": 2000,
  "numRealizations": 2000,
  "effectSize": 3,
  "CImethod": "Wald",
  "q": 0.05,
  "alpha": 0.05,
  "seed": "shuffle",
  "BothSides": {
    "canonical": [
      0.032123802840604725,
      0.03185476577713553,
      0.03239283990407392
    ],
    "combined": [
      0.032116201746739619,
      0.031848259483655009,
      0.032384144009824228
    ],
    "twotailed": [
      0.043197779967734384,
      0.042884856420762653,
      0.043510703514706116
    ],
    "split2tail": [
      0.04326479523180049,
      0.04295362686594234,
      0.04357596359765864
    ]
  },
  "PosSide": {
    "canonical": [
      0.030919231084990464,
      0.030525782788390746,
      0.031312679381590179
    ],
    "combined": [
      0.031014156708566734,
      0.030628111187666212,
      0.03140020222946726
    ],
    "twotailed": [
      0.042026218849218505,
      0.041594706329732452,
      0.042457731368704558
    ],
    "split2tail": [
      0.041994740357343331,
      0.041552271645400408,
      0.042437209069286254
    ]
  },
  "NegSide": {
    "canonical": [
      0.033208362322754925,
      0.032820673344673437,
      0.033596051300836413
    ],
    "combined": [
      0.0331494911427787,
      0.032770705858687549,
      0.033528276426869855
    ],
    "twotailed": [
      0.044282133989564647,
      0.043850090393222921,
      0.044714177585906373
    ],
    "split2tail": [
      0.044361539173173183,
      0.043914595058109095,
      0.044808483288237271
    ]
  },
  "elapsed": 198.066155875
}