{
  "fracPos": 0.25,
  "fracNeg": 0,
  "rho": 0,
  "FDRmethod": "BKY2006",
  "numTests": 1000,
  "numRealizations": 1000,
  "effectSize": 3,
  "CImethod": "Wald",
  "q": 0.05,
  "alpha": 0.05,
  "seed": "shuffle",
  "BothSides": {
    "canonical": [
      0.04780381136171849,
      0.046854400301673454,
      0.048753222421763526
    ],
    "twotailed": [
      0.045918945901183082,
      0.044915798828760421,
      0.046922092973605743
    ],
    "combined": [
      0.041562573531838357,
      0.040606077530086992,
      0.042519069533589721
    ],
    "twice": [
      0.048018287522206909,
      0.047065707538787166,
      0.048970867505626653
    ],
    "sidaktwice": [
      0.02320376404391938,
      0.022465690372358141,
      0.02394183771548062
    ],
    "split1tail": [
      0.09578860439540593,
      0.094535939903141811,
      0.097041268887670049
    ],
    "split2tail": [
      0.044607096149676506,
      0.043670459162444678,
      0.045543733136908335
    ]
  },
  "PosSide": {
    "canonical": [
      0.04780381136171849,
      0.046854400301673454,
      0.048753222421763526
    ],
    "twotailed": [
      0.023635968440750273,
      0.02289714503515345,
      0.024374791846347096
    ],
    "combined": [
      0.021309770005700564,
      0.020607491334219546,
      0.022012048677181581
    ],
    "twice": [
      0.04780381136171849,
      0.046854400301673454,
      0.048753222421763526
    ],
    "sidaktwice": [
      0.023084855289645417,
      0.02234887007986466,
      0.023820840499426173
    ],
    "split1tail": [
      0.095281876523533829,
      0.094029649965819292,
      0.096534103081248365
    ],
    "split2tail": [
      0.04430724290600796,
      0.043376107557196154,
      0.045238378254819765
    ]
  },
  "NegSide": {
    "canonical": [
      0,
      0,
      0
    ],
    "twotailed": [
      0.98,
      0.97131852772587213,
      0.98868147227412784
    ],
    "combined": [
      0.967,
      0.95592265826440759,
      0.97807734173559235
    ],
    "twice": [
      0.042,
      0.029561364352702728,
      0.054438635647297277
    ],
    "sidaktwice": [
      0.02,
      0.011318527725872116,
      0.028681472274127887
    ],
    "split1tail": [
      0.103,
      0.084151353008872318,
      0.12184864699112767
    ],
    "split2tail": [
      0.055,
      0.040862826241166023,
      0.069137173758833978
    ]
  }
}