{
  "fracPos": 0,
  "fracNeg": 0.25,
  "rho": 0,
  "FDRmethod": "BKY2006",
  "numTests": 2000,
  "numRealizations": 2000,
  "effectSize": 3,
  "CImethod": "Wald",
  "q": 0.05,
  "alpha": 0.05,
  "seed": "shuffle",
  "BothSides": {
    "canonical": [
      0.038,
      0.029618513915829953,
      0.046381486084170045
    ],
    "twotailed": [
      0.047495110706720071,
      0.046993172806298729,
      0.047997048607141414
    ],
    "combined": [
      0.0433831323205072,
      0.042900877372722482,
      0.043865387268291922
    ],
    "twice": [
      0.04868787278529442,
      0.048204512282160925,
      0.049171233288427915
    ],
    "sidaktwice": [
      0.024897298364637527,
      0.024526346898262115,
      0.025268249831012939
    ],
    "split1tail": [
      0.096579111656812183,
      0.095929049193430774,
      0.097229174120193593
    ],
    "split2tail": [
      0.045376400548384231,
      0.04490507017657084,
      0.045847730920197623
    ]
  },
  "PosSide": {
    "canonical": [
      0.038,
      0.029618513915829953,
      0.046381486084170045
    ],
    "twotailed": [
      1,
      1,
      1
    ],
    "combined": [
      0.999,
      0.9976144428682947,
      1.0003855571317053
    ],
    "twice": [
      0.038,
      0.029618513915829953,
      0.046381486084170045
    ],
    "sidaktwice": [
      0.0175,
      0.011751864490978838,
      0.023248135509021165
    ],
    "split1tail": [
      0.1055,
      0.092033395788596359,
      0.11896660421140363
    ],
    "split2tail": [
      0.049,
      0.039536974890931019,
      0.058463025109068985
    ]
  },
  "NegSide": {
    "canonical": [
      0,
      0,
      0
    ],
    "twotailed": [
      0.025374273874781396,
      0.025002546973595028,
      0.025746000775967764
    ],
    "combined": [
      0.023229100627423636,
      0.022871349463503034,
      0.023586851791344239
    ],
    "twice": [
      0.048592492092431591,
      0.048109552242576556,
      0.049075431942286626
    ],
    "sidaktwice": [
      0.024846071004352811,
      0.024475611783765158,
      0.025216530224940463
    ],
    "split1tail": [
      0.096324415103997349,
      0.095674476844116035,
      0.096974353363878663
    ],
    "split2tail": [
      0.045243467635791089,
      0.044772377394098659,
      0.045714557877483519
    ]
  },
  "elapsed": 217.309465959
}