{
  "fracPos": 0.25,
  "fracNeg": 0.25,
  "rho": 0,
  "FDRmethod": "BKY2006",
  "numTests": 1000,
  "numRealizations": 1000,
  "effectSize": 2,
  "CImethod": "Wald",
  "q": 0.05,
  "alpha": 0.05,
  "seed": "shuffle",
  "BothSides": {
    "canonical": [
      0.02511530251690175,
      0.023821750347850126,
      0.026408854685953373
    ],
    "twotailed": [
      0.029658085624538404,
      0.02875174530587539,
      0.030564425943201419
    ],
    "combined": [
      0.027977463267587627,
      0.027068072108743187,
      0.028886854426432067
    ],
    "twice": [
      0.02844330760538118,
      0.027525864810766687,
      0.029360750399995673
    ],
    "split1tail": [
      0.066057431432787569,
      0.064953200089573934,
      0.0671616627760012
    ],
    "split2tail": [
      0.030445057630437276,
      0.029507058717857967,
      0.031383056543016589
    ]
  },
  "PosSide": {
    "canonical": [
      0.02511530251690175,
      0.023821750347850126,
      0.026408854685953373
    ],
    "twotailed": [
      0.02696009070677589,
      0.025696358101067455,
      0.028223823312484325
    ],
    "combined": [
      0.025073758828347864,
      0.023825573583840246,
      0.026321944072855482
    ],
    "twice": [
      0.02511530251690175,
      0.023821750347850126,
      0.026408854685953373
    ],
    "split1tail": [
      0.063499424390990017,
      0.061976655553759336,
      0.0650221932282207
    ],
    "split2tail": [
      0.027056984357869941,
      0.025751320770204773,
      0.02836264794553511
    ]
  },
  "NegSide": {
    "canonical": [
      0,
      0,
      0
    ],
    "twotailed": [
      0.032221416337593671,
      0.030882505111781696,
      0.033560327563405642
    ],
    "combined": [
      0.030675879914408739,
      0.029310637832827228,
      0.032041121995990254
    ],
    "twice": [
      0.030817514620933972,
      0.029447365935882347,
      0.032187663305985596
    ],
    "split1tail": [
      0.0672608955623513,
      0.065723728948836227,
      0.068798062175866384
    ],
    "split2tail": [
      0.032824136313082473,
      0.031427185569197567,
      0.034221087056967379
    ]
  }
}