{
  "fracPos": 0.1,
  "fracNeg": 0.4,
  "rho": 0.8,
  "FDRmethod": "BKY2006",
  "numTests": 1000,
  "numRealizations": 1000,
  "effectSize": 2,
  "CImethod": "Wald",
  "q": 0.05,
  "alpha": 0.05,
  "seed": "shuffle",
  "BothSides": {
    "canonical": [
      0.013567318833146179,
      0.008152661921982992,
      0.018981975744309366
    ],
    "twotailed": [
      0.031701703392317857,
      0.0245288316506471,
      0.038874575133988613
    ],
    "combined": [
      0.022997586998944934,
      0.017300724791793235,
      0.028694449206096633
    ],
    "twice": [
      0.059680408194747118,
      0.049734197572448596,
      0.069626618817045641
    ],
    "split1tail": [
      0.0782041917432216,
      0.0671963413160911,
      0.0892120421703521
    ],
    "split2tail": [
      0.040275827733077585,
      0.032132083939018605,
      0.048419571527136565
    ]
  },
  "PosSide": {
    "canonical": [
      0.013567017930438055,
      0.0081525504129874825,
      0.018981485447888628
    ],
    "twotailed": [
      0.0070641261505600883,
      0.0031432948432158587,
      0.010984957457904319
    ],
    "combined": [
      0.0060984579794560534,
      0.0025977784296265776,
      0.00959913752928553
    ],
    "twice": [
      0.013567017930438055,
      0.0081525504129874825,
      0.018981485447888628
    ],
    "split1tail": [
      0.024361602664410661,
      0.017244169240472323,
      0.031479036088349
    ],
    "split2tail": [
      0.0099691183952488067,
      0.0054718279627613466,
      0.014466408827736267
    ]
  },
  "NegSide": {
    "canonical": [
      0,
      0,
      0
    ],
    "twotailed": [
      0.024966221344272413,
      0.018734635560590789,
      0.031197807127954037
    ],
    "combined": [
      0.016900340293103853,
      0.012318641709344198,
      0.021482038876863507
    ],
    "twice": [
      0.045963031494917816,
      0.037372968390284346,
      0.054553094599551287
    ],
    "split1tail": [
      0.056798474172051742,
      0.047178127143866287,
      0.066418821200237191
    ],
    "split2tail": [
      0.030945749242780415,
      0.0237979115535903,
      0.038093586931970534
    ]
  }
}