{
  "scenario": 10,
  "fracPos": 0.1,
  "fracNeg": 0.4,
  "rho": 0.25,
  "FDRmethod": "BKY2006",
  "numTests": 2000,
  "numRealizations": 2000,
  "effectSize": 3,
  "CImethod": "Wald",
  "q": 0.05,
  "alpha": 0.05,
  "seed": "shuffle",
  "BothSides": {
    "canonical": [
      0.050863368445268634,
      0.047984285868260423,
      0.053742451022276844
    ],
    "combined": [
      0.032272475278175054,
      0.030797234138812118,
      0.033747716417537987
    ],
    "twotailed": [
      0.043252467386848618,
      0.041499121969429585,
      0.045005812804267652
    ],
    "split2tail": [
      0.044238066314159059,
      0.041981078556945842,
      0.046495054071372277
    ],
    "canonicalbb": [
      0.050419584711612966,
      0.047623484605548744,
      0.053215684817677189
    ],
    "split2tailbb": [
      0.044238066314159059,
      0.041981078556945842,
      0.046495054071372277
    ]
  },
  "PosSide": {
    "canonical": [
      0.026342604074979296,
      0.023884027100475689,
      0.028801181049482903
    ],
    "combined": [
      0.04567500384438735,
      0.04335306788418946,
      0.047996939804585241
    ],
    "twotailed": [
      0.061750360024456219,
      0.059040213891545228,
      0.064460506157367217
    ],
    "split2tail": [
      0.03286707509841344,
      0.030373577538893883,
      0.035360572657932993
    ],
    "canonicalbb": [
      0.026342604074979296,
      0.023884027100475689,
      0.028801181049482903
    ],
    "split2tailbb": [
      0.03286707509841344,
      0.030373577538893883,
      0.035360572657932993
    ]
  },
  "NegSide": {
    "canonical": [
      0.042672314977621396,
      0.040071115214604845,
      0.045273514740637948
    ],
    "combined": [
      0.019588772246607163,
      0.018326588357390834,
      0.020850956135823492
    ],
    "twotailed": [
      0.027812450898132803,
      0.026066765851320103,
      0.029558135944945503
    ],
    "split2tail": [
      0.036900464652607178,
      0.034948793864604533,
      0.038852135440609822
    ],
    "canonicalbb": [
      0.042228531243965736,
      0.039722273352104931,
      0.044734789135826541
    ],
    "split2tailbb": [
      0.036900464652607178,
      0.034948793864604533,
      0.038852135440609822
    ]
  },
  "elapsed": 126.21601279166667
}