{
  "scenario": 9,
  "fracPos": 0.25,
  "fracNeg": 0.25,
  "rho_sign": 1,
  "FDRmethod": "BKY2006",
  "numTests": 2000,
  "numRealizations": 2000,
  "effectSize": 3,
  "CImethod": "Wald",
  "q": 0.05,
  "alpha": 0.05,
  "seed": "shuffle",
  "BothSides": {
    "canonical": [
      0.032090066750673475,
      0.031810304117561167,
      0.032369829383785784
    ],
    "combined": [
      0.032004872250196124,
      0.031725230401527318,
      0.03228451409886493
    ],
    "twotailed": [
      0.043203009002988423,
      0.042885538157421743,
      0.0435204798485551
    ],
    "split2tail": [
      0.043259872048271739,
      0.042942743939984582,
      0.043577000156558895
    ]
  },
  "PosSide": {
    "canonical": [
      0.031123251881238389,
      0.030732604282685955,
      0.031513899479790823
    ],
    "combined": [
      0.031042843247811518,
      0.03066272444948363,
      0.031422962046139404
    ],
    "twotailed": [
      0.04207133475129049,
      0.041644359911847714,
      0.042498309590733266
    ],
    "split2tail": [
      0.042120681374766475,
      0.041680506842105766,
      0.042560855907427184
    ]
  },
  "NegSide": {
    "canonical": [
      0.032896740954239931,
      0.032493111260700189,
      0.033300370647779673
    ],
    "combined": [
      0.032874573977692972,
      0.032478914106321546,
      0.0332702338490644
    ],
    "twotailed": [
      0.044221303933402019,
      0.043778400275391496,
      0.044664207591412541
    ],
    "split2tail": [
      0.044204703464751034,
      0.043749356090569319,
      0.044660050838932749
    ]
  },
  "elapsed": 95.48993316666666
}