{
  "scenario": 6,
  "effectSize": 3,
  "fracPos": 0,
  "fracNeg": 0,
  "rho_sign": -1,
  "FDRmethod": "BKY2006",
  "numTests": 20,
  "numRealizations": 100000,
  "CImethod": "Wald",
  "q": 0.05,
  "alpha": 0.05,
  "seed": "shuffle",
  "BothSides": {
    "canonical": [
      0.09726,
      0.095423466992279327,
      0.099096533007720672
    ],
    "combined": [
      0.0499,
      0.048550461762201687,
      0.051249538237798313
    ],
    "twotailed": [
      0.04984,
      0.04849123076566119,
      0.051188769234338814
    ],
    "split2tail": [
      0.10477,
      0.10287182587874864,
      0.10666817412125136
    ]
  },
  "PosSide": {
    "canonical": [
      0.05096,
      0.049596964299873543,
      0.052323035700126454
    ],
    "combined": [
      0.02711,
      0.026103423258770492,
      0.028116576741229506
    ],
    "twotailed": [
      0.02714,
      0.026132882000564277,
      0.028147117999435724
    ],
    "split2tail": [
      0.05474,
      0.053330132500274519,
      0.056149867499725475
    ]
  },
  "NegSide": {
    "canonical": [
      0.04984,
      0.04849123076566119,
      0.051188769234338814
    ],
    "combined": [
      0.02639,
      0.025396512355073005,
      0.027383487644926995
    ],
    "twotailed": [
      0.02638,
      0.025386695503644554,
      0.027373304496355447
    ],
    "split2tail": [
      0.05362,
      0.052223803824057731,
      0.055016196175942271
    ]
  },
  "elapsed": 28.807932625
}