{
  "fracPos": 0,
  "fracNeg": 0.25,
  "rho": 0,
  "FDRmethod": "BKY2006",
  "numTests": 1000,
  "numRealizations": 1000,
  "effectSize": 3,
  "CImethod": "Wald",
  "q": 0.05,
  "alpha": 0.05,
  "seed": "shuffle",
  "BothSides": {
    "canonical": [
      0.039,
      0.026995077955518,
      0.051004922044481996
    ],
    "twotailed": [
      0.048641478903562928,
      0.04760354089790745,
      0.049679416909218406
    ],
    "combined": [
      0.044652327539550465,
      0.043656860265990027,
      0.045647794813110903
    ],
    "twice": [
      0.0511230554366652,
      0.050147749028226281,
      0.052098361845104114
    ],
    "sidaktwice": [
      0.026538137502686281,
      0.025794587972845662,
      0.0272816870325269
    ],
    "split1tail": [
      0.09873308807368042,
      0.09745976937228254,
      0.1000064067750783
    ],
    "split2tail": [
      0.047987068825506837,
      0.047015933760475206,
      0.048958203890538468
    ]
  },
  "PosSide": {
    "canonical": [
      0.039,
      0.026995077955518,
      0.051004922044481996
    ],
    "twotailed": [
      0.979,
      0.9701086779665703,
      0.98789132203342966
    ],
    "combined": [
      0.967,
      0.95592265826440759,
      0.97807734173559235
    ],
    "twice": [
      0.039,
      0.026995077955518,
      0.051004922044481996
    ],
    "sidaktwice": [
      0.021,
      0.012108677966570286,
      0.029891322033429715
    ],
    "split1tail": [
      0.089,
      0.071342893409842192,
      0.1066571065901578
    ],
    "split2tail": [
      0.049,
      0.035613912934974651,
      0.062386087065025353
    ]
  },
  "NegSide": {
    "canonical": [
      0,
      0,
      0
    ],
    "twotailed": [
      0.026917375042232714,
      0.02616869767113187,
      0.027666052413333558
    ],
    "combined": [
      0.024918160927407652,
      0.02418449860768818,
      0.025651823247127125
    ],
    "twice": [
      0.050925767976533892,
      0.049952473434311639,
      0.051899062518756145
    ],
    "sidaktwice": [
      0.026413226460170639,
      0.025671343532225981,
      0.027155109388115297
    ],
    "split1tail": [
      0.098326323556185966,
      0.09705711422799243,
      0.0995955328843795
    ],
    "split2tail": [
      0.047728613808278128,
      0.046759811844118516,
      0.04869741577243774
    ]
  }
}