{
  "scenario": 4,
  "fracPos": 0.25,
  "fracNeg": 0.25,
  "rho": 0,
  "FDRmethod": "BKY2006",
  "numTests": 2000,
  "numRealizations": 2000,
  "effectSize": 3,
  "CImethod": "Wald",
  "q": 0.05,
  "alpha": 0.05,
  "seed": "shuffle",
  "BothSides": {
    "canonical": [
      0.0318760101594748,
      0.031601876956061592,
      0.032150143362888
    ],
    "combined": [
      0.031805712600356785,
      0.03153035160423457,
      0.032081073596479
    ],
    "twotailed": [
      0.043049309650773721,
      0.042726378841171836,
      0.043372240460375605
    ],
    "split2tail": [
      0.043147972917826648,
      0.042825974842519189,
      0.043469970993134106
    ]
  },
  "PosSide": {
    "canonical": [
      0.03068203973129828,
      0.030296864943297461,
      0.0310672145192991
    ],
    "combined": [
      0.030657866680998035,
      0.030277650530518441,
      0.031038082831477628
    ],
    "twotailed": [
      0.041935066212412525,
      0.04150517017715584,
      0.042364962247669211
    ],
    "split2tail": [
      0.041971488294966733,
      0.041527566941584534,
      0.042415409648348931
    ]
  },
  "NegSide": {
    "canonical": [
      0.032950580201874691,
      0.03256213853139571,
      0.033339021872353672
    ],
    "combined": [
      0.032884495400770972,
      0.032501853651103474,
      0.033267137150438469
    ],
    "twotailed": [
      0.044076349255476467,
      0.043639563743782042,
      0.044513134767170892
    ],
    "split2tail": [
      0.04414541321340066,
      0.043693745012599094,
      0.044597081414202225
    ]
  },
  "elapsed": 191.526989458
}