{
  "scenario": 8,
  "fracPos": 0,
  "fracNeg": 0.25,
  "rho": 0.8,
  "FDRmethod": "BKY2006",
  "numTests": 2000,
  "numRealizations": 2000,
  "effectSize": 3,
  "CImethod": "Wald",
  "q": 0.05,
  "alpha": 0.05,
  "seed": "shuffle",
  "BothSides": {
    "canonical": [
      0.06118885902849816,
      0.052471882958398816,
      0.0699058350985975
    ],
    "combined": [
      0.027060659244263457,
      0.021384704545054891,
      0.032736613943472027
    ],
    "twotailed": [
      0.032601961339815091,
      0.026221357960622627,
      0.038982564719007559
    ],
    "split2tail": [
      0.034422474032460175,
      0.027835161146982403,
      0.041009786917937947
    ]
  },
  "PosSide": {
    "canonical": [
      0.015,
      0.0096714942502949021,
      0.020328505749705097
    ],
    "combined": [
      0.009,
      0.0048600053878561957,
      0.013139994612143803
    ],
    "twotailed": [
      0.009,
      0.0048600053878561957,
      0.013139994612143803
    ],
    "split2tail": [
      0.0105,
      0.0060316802563134264,
      0.014968319743686575
    ]
  },
  "NegSide": {
    "canonical": [
      0.04618798334040386,
      0.039099037701449152,
      0.053276928979358568
    ],
    "combined": [
      0.018063608225413013,
      0.014099676244089646,
      0.02202754020673638
    ],
    "twotailed": [
      0.023638493870183051,
      0.01868615718398051,
      0.028590830556385591
    ],
    "split2tail": [
      0.02395105571339962,
      0.019001385556237895,
      0.028900725870561344
    ]
  },
  "elapsed": 196.582713667
}