{
  "scenario": 7,
  "fracPos": 0.25,
  "fracNeg": 0,
  "rho_sign": -1,
  "FDRmethod": "BKY2006",
  "numTests": 20,
  "numRealizations": 100000,
  "effectSize": 3,
  "CImethod": "Wald",
  "q": 0.05,
  "alpha": 0.05,
  "seed": "shuffle",
  "BothSides": {
    "canonical": [
      0.052252888888888904,
      0.051621176713777486,
      0.052884601064000322
    ],
    "combined": [
      0.04019009523809524,
      0.039590355327734854,
      0.040789835148455626
    ],
    "twotailed": [
      0.044329792568542574,
      0.043706840406752115,
      0.044952744730333033
    ],
    "split2tail": [
      0.055481148989898983,
      0.054814070695570406,
      0.05614822728422756
    ]
  },
  "PosSide": {
    "canonical": [
      0.045225619047619056,
      0.044639309143600855,
      0.045811928951637257
    ],
    "combined": [
      0.020761083333333322,
      0.020314044100984835,
      0.02120812256568181
    ],
    "twotailed": [
      0.022895059523809515,
      0.022433794084064252,
      0.023356324963554779
    ],
    "split2tail": [
      0.044258035714285715,
      0.043669997663024464,
      0.044846073765546966
    ]
  },
  "NegSide": {
    "canonical": [
      0.03728,
      0.036105810448718287,
      0.038454189551281714
    ],
    "combined": [
      0.09612,
      0.094293109438541856,
      0.097946890561458139
    ],
    "twotailed": [
      0.10833,
      0.1064036876382037,
      0.1102563123617963
    ],
    "split2tail": [
      0.05271,
      0.051325036758205829,
      0.054094963241794171
    ]
  },
  "elapsed": 27.604022708
}