{
  "effectSize": 3,
  "fracPos": 0,
  "fracNeg": 0,
  "rho": 0.8,
  "FDRmethod": "BKY2006",
  "numTests": 2000,
  "numRealizations": 2000,
  "CImethod": "Wald",
  "q": 0.05,
  "alpha": 0.05,
  "seed": "shuffle",
  "BothSides": {
    "canonical": [
      0.0165,
      0.010915672910432153,
      0.022084327089567847
    ],
    "twotailed": [
      0.0155,
      0.010084788750567376,
      0.020915211249432623
    ],
    "combined": [
      0.0155,
      0.010084788750567376,
      0.020915211249432623
    ],
    "twice": [
      0.032,
      0.024284672569904305,
      0.0397153274300957
    ],
    "sidaktwice": [
      0.016,
      0.010499537166547224,
      0.021500462833452777
    ],
    "split1tail": [
      0.032,
      0.024284672569904305,
      0.0397153274300957
    ],
    "split2tail": [
      0.0155,
      0.010084788750567376,
      0.020915211249432623
    ]
  },
  "PosSide": {
    "canonical": [
      0.0165,
      0.010915672910432153,
      0.022084327089567847
    ],
    "twotailed": [
      0.0075,
      0.0037178601507624515,
      0.011282139849237548
    ],
    "combined": [
      0.0075,
      0.0037178601507624515,
      0.011282139849237548
    ],
    "twice": [
      0.0165,
      0.010915672910432153,
      0.022084327089567847
    ],
    "sidaktwice": [
      0.008,
      0.0040948068079225495,
      0.011905193192077451
    ],
    "split1tail": [
      0.0165,
      0.010915672910432153,
      0.022084327089567847
    ],
    "split2tail": [
      0.0075,
      0.0037178601507624515,
      0.011282139849237548
    ]
  },
  "NegSide": {
    "canonical": [
      0,
      0,
      0
    ],
    "twotailed": [
      0.008,
      0.0040948068079225495,
      0.011905193192077451
    ],
    "combined": [
      0.008,
      0.0040948068079225495,
      0.011905193192077451
    ],
    "twice": [
      0.0155,
      0.010084788750567387,
      0.020915211249432613
    ],
    "sidaktwice": [
      0.008,
      0.0040948068079225495,
      0.011905193192077451
    ],
    "split1tail": [
      0.0155,
      0.010084788750567387,
      0.020915211249432613
    ],
    "split2tail": [
      0.008,
      0.0040948068079225495,
      0.011905193192077451
    ]
  },
  "elapsed": 298.916603875
}