{
  "fracPos": 0.25,
  "fracNeg": 0.25,
  "rho": 0.8,
  "FDRmethod": "BKY2006",
  "numTests": 1000,
  "numRealizations": 1000,
  "effectSize": 2,
  "CImethod": "Wald",
  "q": 0.05,
  "alpha": 0.05,
  "seed": "shuffle",
  "BothSides": {
    "canonical": [
      0.03175865461705233,
      0.024235130985378456,
      0.039282178248726207
    ],
    "twotailed": [
      0.029038522844509473,
      0.022514323608195427,
      0.035562722080823519
    ],
    "combined": [
      0.023282762981374269,
      0.017789625005471259,
      0.028775900957277278
    ],
    "twice": [
      0.06162089001652532,
      0.051605833522155344,
      0.0716359465108953
    ],
    "split1tail": [
      0.094210605315681012,
      0.0818210210302793,
      0.10660018960108272
    ],
    "split2tail": [
      0.043026521900785417,
      0.034773175233679329,
      0.051279868567891504
    ]
  },
  "PosSide": {
    "canonical": [
      0.03175865461705233,
      0.024235130985378456,
      0.039282178248726207
    ],
    "twotailed": [
      0.014927961602857635,
      0.0099742571817756833,
      0.019881666023939586
    ],
    "combined": [
      0.012016492048351307,
      0.0077756450708786982,
      0.016257339025823915
    ],
    "twice": [
      0.03175865461705233,
      0.024235130985378456,
      0.039282178248726207
    ],
    "split1tail": [
      0.051307573198003567,
      0.041107943662698904,
      0.061507202733308231
    ],
    "split2tail": [
      0.022138015392838467,
      0.015953695530753358,
      0.028322335254923576
    ]
  },
  "NegSide": {
    "canonical": [
      0,
      0,
      0
    ],
    "twotailed": [
      0.014388417732637611,
      0.0098108762218167729,
      0.018965959243458449
    ],
    "combined": [
      0.011267030033366215,
      0.0076295968764537488,
      0.014904463190278681
    ],
    "twice": [
      0.029862235399473,
      0.022721394987136215,
      0.037003075811809782
    ],
    "split1tail": [
      0.050066243282306674,
      0.040079112514868565,
      0.060053374049744784
    ],
    "split2tail": [
      0.021198919726216583,
      0.015292400543316691,
      0.027105438909116476
    ]
  }
}