{
  "scenario": 13,
  "fracPos": 0,
  "fracNeg": 0.25,
  "rho_sign": -1,
  "FDRmethod": "BKY2006",
  "numTests": 2000,
  "numRealizations": 2000,
  "effectSize": 3,
  "CImethod": "Wald",
  "q": 0.05,
  "alpha": 0.05,
  "seed": "shuffle",
  "BothSides": {
    "canonical": [
      0.048351917694239355,
      0.047899738849716586,
      0.048804096538762123
    ],
    "combined": [
      0.042966647570555495,
      0.04248533215592535,
      0.043447962985185641
    ],
    "twotailed": [
      0.047024677649767171,
      0.04652503649088946,
      0.047524318808644883
    ],
    "split2tail": [
      0.0451334883450876,
      0.044688763390053288,
      0.045578213300121906
    ],
    "reviewer1": [
      0.022610165001986312,
      0.02226494089294297,
      0.022955389111029654
    ],
    "reviewer2": [
      0.024796269245962115,
      0.024442191122077503,
      0.025150347369846726
    ]
  },
  "PosSide": {
    "canonical": [
      0.035,
      0.026943630570867461,
      0.043056369429132546
    ],
    "combined": [
      0.9975,
      0.99531088714895966,
      0.99968911285104045
    ],
    "twotailed": [
      0.998,
      0.99604150727600849,
      0.99995849272399151
    ],
    "split2tail": [
      0.0515,
      0.041811334190051251,
      0.061188665809948743
    ],
    "reviewer1": [
      0.024,
      0.017290777053619262,
      0.030709222946380739
    ],
    "reviewer2": [
      0.016,
      0.010499537166547231,
      0.02150046283345277
    ]
  },
  "NegSide": {
    "canonical": [
      0.048265025000946406,
      0.047813084702235407,
      0.048716965299657404
    ],
    "combined": [
      0.022857440172799563,
      0.022515010059095293,
      0.023199870286503832
    ],
    "twotailed": [
      0.024960564265621939,
      0.024607300286262998,
      0.025313828244980879
    ],
    "split2tail": [
      0.044999196910757489,
      0.044555056076019346,
      0.045443337745495631
    ],
    "reviewer1": [
      0.022537041589337267,
      0.022192909936379436,
      0.0228811732422951
    ],
    "reviewer2": [
      0.024748804030799987,
      0.024395269986304133,
      0.025102338075295841
    ]
  },
  "elapsed": 80.22543875
}