{
  "scenario": 5,
  "fracPos": 0.1,
  "fracNeg": 0.4,
  "rho": 0,
  "FDRmethod": "BKY2006",
  "numTests": 2000,
  "numRealizations": 2000,
  "effectSize": 3,
  "CImethod": "Wald",
  "q": 0.05,
  "alpha": 0.05,
  "seed": "shuffle",
  "BothSides": {
    "canonical": [
      0.037347226786329277,
      0.037056983181482969,
      0.037637470391175584
    ],
    "combined": [
      0.0320293509524127,
      0.031760999695798667,
      0.032297702209026738
    ],
    "twotailed": [
      0.043044708341867494,
      0.042733119951739978,
      0.043356296731995009
    ],
    "split2tail": [
      0.042723253897013695,
      0.042407432931435542,
      0.043039074862591849
    ],
    "canonicalbb": [
      0.037347226786329277,
      0.037056983181482969,
      0.037637470391175584
    ],
    "split2tailbb": [
      0.042723253897013695,
      0.042407432931435542,
      0.043039074862591849
    ]
  },
  "PosSide": {
    "canonical": [
      0.026408519261241374,
      0.025768316812620529,
      0.027048721709862219
    ],
    "combined": [
      0.0737110061782724,
      0.072845923714865993,
      0.07457608864167882
    ],
    "twotailed": [
      0.098648256211345223,
      0.097705391599205341,
      0.0995911208234851
    ],
    "split2tail": [
      0.0443270016097676,
      0.0435551449364945,
      0.045098858283040708
    ],
    "canonicalbb": [
      0.026408519261241374,
      0.025768316812620529,
      0.027048721709862219
    ],
    "split2tailbb": [
      0.0443270016097676,
      0.0435551449364945,
      0.045098858283040708
    ]
  },
  "NegSide": {
    "canonical": [
      0.039223646201028584,
      0.038897659908863305,
      0.039549632493193862
    ],
    "combined": [
      0.020960162790817676,
      0.020716446686949865,
      0.021203878894685488
    ],
    "twotailed": [
      0.027983362755657094,
      0.027695426800589909,
      0.028271298710724278
    ],
    "split2tail": [
      0.042315878242164442,
      0.041973039343215265,
      0.04265871714111362
    ],
    "canonicalbb": [
      0.039223646201028584,
      0.038897659908863305,
      0.039549632493193862
    ],
    "split2tailbb": [
      0.042315878242164442,
      0.041973039343215265,
      0.04265871714111362
    ]
  },
  "elapsed": 174.84810275
}