{
  "scenario": 7,
  "fracPos": 0.25,
  "fracNeg": 0,
  "rho": 0.25,
  "FDRmethod": "BKY2006",
  "numTests": 2000,
  "numRealizations": 2000,
  "effectSize": 3,
  "CImethod": "Wald",
  "q": 0.05,
  "alpha": 0.05,
  "seed": "shuffle",
  "BothSides": {
    "canonical": [
      0.0529878222066581,
      0.04843295785920456,
      0.057542686554111634
    ],
    "combined": [
      0.042007830326248052,
      0.038944911656220105,
      0.045070748996276
    ],
    "twotailed": [
      0.046103206318040948,
      0.04286309447577813,
      0.049343318160303767
    ],
    "split2tail": [
      0.036273450118943014,
      0.033213044049105973,
      0.039333856188780054
    ],
    "canonicalbb": [
      0.028886091700533814,
      0.0253366131483199,
      0.032435570252747729
    ],
    "split2tailbb": [
      0.018730064084032317,
      0.016301003205804198,
      0.021159124962260436
    ]
  },
  "PosSide": {
    "canonical": [
      0.047718358374441029,
      0.043980841840680227,
      0.051455874908201832
    ],
    "combined": [
      0.020202750337652443,
      0.018243123004891476,
      0.022162377670413409
    ],
    "twotailed": [
      0.023442882040996343,
      0.021153399653013771,
      0.025732364428978916
    ],
    "split2tail": [
      0.033428064573526928,
      0.030965563159291921,
      0.035890565987761934
    ],
    "canonicalbb": [
      0.023628226011795862,
      0.021311952361074162,
      0.025944499662517561
    ],
    "split2tailbb": [
      0.015884678538616241,
      0.014333449365027765,
      0.017435907712204719
    ]
  },
  "NegSide": {
    "canonical": [
      0.0325,
      0.024726638566837,
      0.040273361433163006
    ],
    "combined": [
      0.739,
      0.71974763144998188,
      0.7582523685500181
    ],
    "twotailed": [
      0.7725,
      0.7541227028147337,
      0.79087729718526623
    ],
    "split2tail": [
      0.029,
      0.021643854548480251,
      0.036356145451519752
    ],
    "canonicalbb": [
      0.0325,
      0.024726638566837,
      0.040273361433163006
    ],
    "split2tailbb": [
      0.029,
      0.021643854548480251,
      0.036356145451519752
    ]
  },
  "elapsed": 105.52215375
}