{
  "scenario": 11,
  "effectSize": 3,
  "fracPos": 0,
  "fracNeg": 0,
  "rho_sign": -1,
  "FDRmethod": "BKY2006",
  "numTests": 20,
  "numRealizations": 20000,
  "CImethod": "Wald",
  "q": 0.05,
  "alpha": 0.05,
  "seed": "shuffle",
  "BothSides": {
    "canonical": [
      0.09715,
      0.093045378132990256,
      0.10125462186700974
    ],
    "combined": [
      0.0498,
      0.046785147042762827,
      0.052814852957237167
    ],
    "twotailed": [
      0.0497,
      0.046688017045106181,
      0.052711982954893821
    ],
    "split2tail": [
      0.10555,
      0.10129155439831646,
      0.10980844560168355
    ]
  },
  "PosSide": {
    "canonical": [
      0.0496,
      0.0465908904231106,
      0.0526091095768894
    ],
    "combined": [
      0.02595,
      0.023746549709924382,
      0.02815345029007562
    ],
    "twotailed": [
      0.02605,
      0.023842421551537474,
      0.028257578448462526
    ],
    "split2tail": [
      0.0528,
      0.049700570539301318,
      0.055899429460698681
    ]
  },
  "NegSide": {
    "canonical": [
      0.05105,
      0.047999552962373189,
      0.054100447037626807
    ],
    "combined": [
      0.0274,
      0.025137511581061187,
      0.029662488418938815
    ],
    "twotailed": [
      0.02735,
      0.025089518736078145,
      0.029610481263921854
    ],
    "split2tail": [
      0.05635,
      0.053154076441407509,
      0.059545923558592485
    ]
  },
  "elapsed": 5.704535666
}