{
  "scenario": 5,
  "fracPos": 0.1,
  "fracNeg": 0.4,
  "rho": 0,
  "FDRmethod": "BKY2006",
  "numTests": 2000,
  "numRealizations": 2000,
  "effectSize": 3,
  "CImethod": "Wilson",
  "q": 0.05,
  "alpha": 0.05,
  "seed": "shuffle",
  "BothSides": {
    "canonical": [
      0.037162492673391334,
      0.029720189194824918,
      0.046379358922122485
    ],
    "combined": [
      0.031566150492885726,
      0.024756369671807877,
      0.0401719509892525
    ],
    "twotailed": [
      0.04262051604512352,
      0.034609588537574412,
      0.05238507974510577
    ],
    "split2tail": [
      0.042457809091784433,
      0.034463231859406217,
      0.052206646350440873
    ]
  },
  "PosSide": {
    "canonical": [
      0.026386617165603494,
      0.020218258273118187,
      0.034370854553944175
    ],
    "combined": [
      0.072387087701224623,
      0.061831590279151749,
      0.084582093465199543
    ],
    "twotailed": [
      0.097241322876455649,
      0.085017853967466736,
      0.11100900663940604
    ],
    "split2tail": [
      0.044184934834718463,
      0.036018538091104328,
      0.054098969641191062
    ]
  },
  "NegSide": {
    "canonical": [
      0.039018708764439511,
      0.03137816934195372,
      0.0484266940490685
    ],
    "combined": [
      0.020692843188903624,
      0.015311492542863141,
      0.027911902798643681
    ],
    "twotailed": [
      0.027781044990367331,
      0.021433895437396065,
      0.035938726671053238
    ],
    "split2tail": [
      0.04201250973601333,
      0.034062858577102124,
      0.051718128241041404
    ]
  },
  "elapsed": 195.282745125
}