{
  "scenario": 15,
  "fracPos": 0.1,
  "fracNeg": 0.4,
  "rho_sign": -1,
  "FDRmethod": "BKY2006",
  "numTests": 20,
  "numRealizations": 20000,
  "effectSize": 3,
  "CImethod": "Wald",
  "q": 0.05,
  "alpha": 0.05,
  "seed": "shuffle",
  "BothSides": {
    "canonical": [
      0.1286337520812508,
      0.12773247248162672,
      0.12953503168087488
    ],
    "combined": [
      0.11742844627594555,
      0.11644081517693558,
      0.11841607737495552
    ],
    "twotailed": [
      0.12887364187283215,
      0.12784660712157883,
      0.12990067662408547
    ],
    "split2tail": [
      0.13490707799553303,
      0.13392190799709969,
      0.13589224799396638
    ]
  },
  "PosSide": {
    "canonical": [
      0.023521666666666607,
      0.022085660204710564,
      0.02495767312862265
    ],
    "combined": [
      0.06006416666666671,
      0.057893789486061012,
      0.062234543847272408
    ],
    "twotailed": [
      0.085479761904761253,
      0.0830446793292747,
      0.0879148444802478
    ],
    "split2tail": [
      0.046129166666666915,
      0.044262384913834663,
      0.047995948419499168
    ]
  },
  "NegSide": {
    "canonical": [
      0.14285118159617738,
      0.14187343739440519,
      0.14382892579794956
    ],
    "combined": [
      0.126770770202019,
      0.12572948902452963,
      0.12781205137950835
    ],
    "twotailed": [
      0.13359632048506773,
      0.13257848461684835,
      0.13461415635328711
    ],
    "split2tail": [
      0.14593377886002482,
      0.14489154176408719,
      0.14697601595596244
    ]
  },
  "elapsed": 5.704810334
}