{
  "scenario": 11,
  "effectSize": 3,
  "fracPos": 0,
  "fracNeg": 0,
  "rho_sign": -1,
  "FDRmethod": "BKY2006",
  "numTests": 2000,
  "numRealizations": 2000,
  "CImethod": "Wald",
  "q": 0.05,
  "alpha": 0.05,
  "seed": "shuffle",
  "BothSides": {
    "canonical": [
      0.094,
      0.08120707895290305,
      0.10679292104709695
    ],
    "combined": [
      0.0485,
      0.03908290482754434,
      0.057917095172455663
    ],
    "twotailed": [
      0.0485,
      0.03908290482754434,
      0.057917095172455663
    ],
    "split2tail": [
      0.0945,
      0.081676640271036091,
      0.10732335972896391
    ]
  },
  "PosSide": {
    "canonical": [
      0.0465,
      0.037269430021679151,
      0.055730569978320849
    ],
    "combined": [
      0.0235,
      0.016859332295614243,
      0.030140667704385758
    ],
    "twotailed": [
      0.0235,
      0.016859332295614243,
      0.030140667704385758
    ],
    "split2tail": [
      0.047,
      0.037722369470981704,
      0.0562776305290183
    ]
  },
  "NegSide": {
    "canonical": [
      0.05,
      0.040445928243149229,
      0.059554071756850777
    ],
    "combined": [
      0.028,
      0.020768076190044456,
      0.035231923809955545
    ],
    "twotailed": [
      0.028,
      0.020768076190044456,
      0.035231923809955545
    ],
    "split2tail": [
      0.05,
      0.040445928243149236,
      0.05955407175685077
    ]
  },
  "elapsed": 98.562304166666664
}