{
  "scenario": 10,
  "fracPos": 0.1,
  "fracNeg": 0.4,
  "rho_sign": 1,
  "FDRmethod": "BKY2006",
  "numTests": 2000,
  "numRealizations": 2000,
  "effectSize": 3,
  "CImethod": "Wald",
  "q": 0.05,
  "alpha": 0.05,
  "seed": "shuffle",
  "BothSides": {
    "canonical": [
      0.037216912979819432,
      0.036918701798161278,
      0.037515124161477585
    ],
    "combined": [
      0.031739404369555274,
      0.031464712123890917,
      0.032014096615219631
    ],
    "twotailed": [
      0.042887789535736229,
      0.04257342591486328,
      0.043202153156609177
    ],
    "split2tail": [
      0.0424621190291419,
      0.042146839073223683,
      0.042777398985060111
    ]
  },
  "PosSide": {
    "canonical": [
      0.026064511295560467,
      0.025418015605015616,
      0.026711006986105318
    ],
    "combined": [
      0.072755355434479752,
      0.071869454317097514,
      0.073641256551861989
    ],
    "twotailed": [
      0.097653755272618159,
      0.096688511484518527,
      0.098618999060717791
    ],
    "split2tail": [
      0.043742300833926447,
      0.042965124018600663,
      0.04451947764925223
    ]
  },
  "NegSide": {
    "canonical": [
      0.039110617575016729,
      0.03877289059640561,
      0.039448344553627848
    ],
    "combined": [
      0.02080912519053469,
      0.020557213465292844,
      0.021061036915776536
    ],
    "twotailed": [
      0.028017840473805497,
      0.027731693623824129,
      0.028303987323786865
    ],
    "split2tail": [
      0.042093785074163732,
      0.04174462484087333,
      0.042442945307454134
    ]
  },
  "elapsed": 93.945202041666661
}