{
  "fracPos": 0.25,
  "fracNeg": 0,
  "rho": 0.8,
  "FDRmethod": "BKY2006",
  "numTests": 2000,
  "numRealizations": 2000,
  "effectSize": 3,
  "CImethod": "Wald",
  "q": 0.05,
  "alpha": 0.05,
  "seed": "shuffle",
  "BothSides": {
    "canonical": [
      0.043420274096816834,
      0.036392101340877669,
      0.050448446852756
    ],
    "twotailed": [
      0.023950056145875066,
      0.0187356298088228,
      0.029164482482927332
    ],
    "combined": [
      0.018467607642536639,
      0.014144854901381679,
      0.0227903603836916
    ],
    "twice": [
      0.052920274096816829,
      0.044802856334131232,
      0.061037691859502426
    ],
    "sidaktwice": [
      0.024156878112911621,
      0.018907694213463107,
      0.029406062012360134
    ],
    "split1tail": [
      0.060168265118969437,
      0.051700953385147019,
      0.068635576852791855
    ],
    "split2tail": [
      0.025956370064792365,
      0.020406711620634215,
      0.031506028508950512
    ]
  },
  "PosSide": {
    "canonical": [
      0.043419461190363606,
      0.036391445474092524,
      0.050447476906634689
    ],
    "twotailed": [
      0.021953977289786437,
      0.017102367808918446,
      0.026805586770654428
    ],
    "combined": [
      0.01646837687058221,
      0.01259797809459518,
      0.020338775646569239
    ],
    "twice": [
      0.043419461190363606,
      0.036391445474092524,
      0.050447476906634689
    ],
    "sidaktwice": [
      0.022156753050380361,
      0.017269197150936211,
      0.02704430894982451
    ],
    "split1tail": [
      0.046846128721036842,
      0.039834298926810827,
      0.053857958515262858
    ],
    "split2tail": [
      0.021971609459992224,
      0.017120079101184491,
      0.026823139818799958
    ]
  },
  "NegSide": {
    "canonical": [
      0.0065,
      0.0029772460705731465,
      0.010022753929426854
    ],
    "twotailed": [
      0.003,
      0.000602548112239761,
      0.00539745188776024
    ],
    "combined": [
      0.002,
      4.1507276008486988E-5,
      0.0039584927239915135
    ],
    "twice": [
      0.0095,
      0.0052476330260131532,
      0.013752366973986846
    ],
    "sidaktwice": [
      0.002,
      4.1507276008486988E-5,
      0.0039584927239915135
    ],
    "split1tail": [
      0.0135,
      0.008441088022128727,
      0.018558911977871274
    ],
    "split2tail": [
      0.004,
      0.0012330496972638599,
      0.0067669503027361407
    ]
  },
  "elapsed": 282.857268208
}