{
  "scenario": 4,
  "fracPos": 0.25,
  "fracNeg": 0.25,
  "rho": 0,
  "FDRmethod": "BKY2006",
  "numTests": 2000,
  "numRealizations": 2000,
  "effectSize": 3,
  "CImethod": "Wald",
  "q": 0.05,
  "alpha": 0.05,
  "seed": "shuffle",
  "BothSides": {
    "canonical": [
      0.031796523789673105,
      0.031524820735176588,
      0.032068226844169621
    ],
    "combined": [
      0.031731323823198793,
      0.031460171810508177,
      0.032002475835889409
    ],
    "twotailed": [
      0.042833010147808159,
      0.042520224956065431,
      0.043145795339550888
    ],
    "split2tail": [
      0.042870103593082146,
      0.042554501041163158,
      0.043185706145001133
    ],
    "canonicalbb": [
      0.031796523789673105,
      0.031524820735176588,
      0.032068226844169621
    ],
    "split2tailbb": [
      0.042870103593082146,
      0.042554501041163158,
      0.043185706145001133
    ]
  },
  "PosSide": {
    "canonical": [
      0.030707950793649071,
      0.030316585006426432,
      0.03109931658087171
    ],
    "combined": [
      0.030682224062408666,
      0.030297178244874896,
      0.031067269879942436
    ],
    "twotailed": [
      0.041814918875144456,
      0.041378429745773514,
      0.0422514080045154
    ],
    "split2tail": [
      0.041799573004791264,
      0.041349376169182959,
      0.042249769840399569
    ],
    "canonicalbb": [
      0.030707950793649071,
      0.030316585006426432,
      0.03109931658087171
    ],
    "split2tailbb": [
      0.041799573004791264,
      0.041349376169182959,
      0.042249769840399569
    ]
  },
  "NegSide": {
    "canonical": [
      0.032782609038730051,
      0.032389323265888052,
      0.03317589481157205
    ],
    "combined": [
      0.032721942221677881,
      0.0323352599796145,
      0.033108624463741264
    ],
    "twotailed": [
      0.043777560928997358,
      0.043346781918776028,
      0.044208339939218688
    ],
    "split2tail": [
      0.043785689513122616,
      0.043341164462531646,
      0.044230214563713587
    ],
    "canonicalbb": [
      0.032782609038730051,
      0.032389323265888052,
      0.03317589481157205
    ],
    "split2tailbb": [
      0.043785689513122616,
      0.043341164462531646,
      0.044230214563713587
    ]
  },
  "elapsed": 127.84163866666667
}