{
  "fracPos": 0.25,
  "fracNeg": 0.25,
  "rho": 0.8,
  "FDRmethod": "BKY2006",
  "numTests": 1000,
  "numRealizations": 1000,
  "effectSize": 3,
  "CImethod": "Wald",
  "q": 0.05,
  "alpha": 0.05,
  "seed": "shuffle",
  "BothSides": {
    "canonical": [
      0.030117557973629524,
      0.0227671930243808,
      0.037467922922878247
    ],
    "twotailed": [
      0.033102680904176215,
      0.0261789250369209,
      0.040026436771431528
    ],
    "combined": [
      0.026564915852721541,
      0.020624143868363455,
      0.032505687837079626
    ],
    "twice": [
      0.064001012432951754,
      0.053944486862128424,
      0.074057538003775084
    ],
    "sidaktwice": [
      0.03241133892256632,
      0.025441181187362067,
      0.039381496657770576
    ],
    "split1tail": [
      0.10811493446247082,
      0.094703558436076224,
      0.12152631048886542
    ],
    "split2tail": [
      0.054327431479538578,
      0.0445386657438648,
      0.064116197215212348
    ]
  },
  "PosSide": {
    "canonical": [
      0.030117557973629524,
      0.0227671930243808,
      0.037467922922878247
    ],
    "twotailed": [
      0.014471350553314733,
      0.0098702476106822257,
      0.019072453495947241
    ],
    "combined": [
      0.010963696093274661,
      0.0071514498692290332,
      0.014775942317320288
    ],
    "twice": [
      0.030117557973629524,
      0.0227671930243808,
      0.037467922922878247
    ],
    "sidaktwice": [
      0.01382730005491203,
      0.0092397940205022622,
      0.0184148060893218
    ],
    "split1tail": [
      0.054581717596283635,
      0.044713406731066573,
      0.064450028461500691
    ],
    "split2tail": [
      0.026233076048989092,
      0.018999098747436771,
      0.033467053350541412
    ]
  },
  "NegSide": {
    "canonical": [
      0,
      0,
      0
    ],
    "twotailed": [
      0.021470279161278232,
      0.016007079965602997,
      0.026933478356953467
    ],
    "combined": [
      0.017737829895276631,
      0.013033629643791646,
      0.022442030146761615
    ],
    "twice": [
      0.034974879630591524,
      0.027576214000231289,
      0.042373545260951759
    ],
    "sidaktwice": [
      0.019183221669343938,
      0.013756792849629506,
      0.02460965048905837
    ],
    "split1tail": [
      0.062717931290881448,
      0.052405424396511587,
      0.073030438185251317
    ],
    "split2tail": [
      0.029568448335278465,
      0.0225340798021501,
      0.036602816868406829
    ]
  },
  "elapsed": 35.838152834
}