{
  "scenario": 9,
  "fracPos": 0.25,
  "fracNeg": 0.25,
  "rho_sign": 1,
  "FDRmethod": "BKY2006",
  "numTests": 2000,
  "numRealizations": 2000,
  "effectSize": 3,
  "CImethod": "Wald",
  "q": 0.05,
  "alpha": 0.05,
  "seed": "shuffle",
  "BothSides": {
    "canonical": [
      0.031848678209792827,
      0.031576345190367124,
      0.032121011229218531
    ],
    "combined": [
      0.031765391383021382,
      0.031494624344166389,
      0.032036158421876376
    ],
    "twotailed": [
      0.042785955961231421,
      0.0424708966361403,
      0.043101015286322542
    ],
    "split2tail": [
      0.042857090829857968,
      0.042541158310082018,
      0.043173023349633917
    ],
    "reviewer1": [
      0.020454622429074414,
      0.02022692452610551,
      0.020682320332043317
    ],
    "reviewer2": [
      0.016132924020796181,
      0.015920781894372359,
      0.016345066147220002
    ]
  },
  "PosSide": {
    "canonical": [
      0.030825889554076509,
      0.030428491793912785,
      0.031223287314240233
    ],
    "combined": [
      0.030745657085949427,
      0.030359035258140751,
      0.031132278913758103
    ],
    "twotailed": [
      0.041817662908346771,
      0.041372201307967593,
      0.042263124508725949
    ],
    "split2tail": [
      0.041871541999418428,
      0.041410395844575024,
      0.042332688154261833
    ],
    "reviewer1": [
      0.019529191232685573,
      0.019203782562009074,
      0.019854599903362073
    ],
    "reviewer2": [
      0.015141357471413472,
      0.014841722325660559,
      0.015440992617166385
    ]
  },
  "NegSide": {
    "canonical": [
      0.032702400945853589,
      0.032299654375621711,
      0.033105147516085467
    ],
    "combined": [
      0.032684690383125485,
      0.032293846175839275,
      0.033075534590411695
    ],
    "twotailed": [
      0.043634050227710469,
      0.043194280641810696,
      0.044073819813610242
    ],
    "split2tail": [
      0.043630318215495463,
      0.043173536519000827,
      0.0440870999119901
    ],
    "reviewer1": [
      0.021255347015743244,
      0.02092160312707279,
      0.0215890909044137
    ],
    "reviewer2": [
      0.017022065683291253,
      0.016717494593787807,
      0.0173266367727947
    ]
  },
  "elapsed": 96.269270208333339
}