{
  "scenario": 13,
  "fracPos": 0,
  "fracNeg": 0.25,
  "rho_sign": -1,
  "FDRmethod": "BKY2006",
  "numTests": 2000,
  "numRealizations": 2000,
  "effectSize": 3,
  "CImethod": "Wald",
  "q": 0.05,
  "alpha": 0.05,
  "seed": "shuffle",
  "BothSides": {
    "canonical": [
      0.0484068909494818,
      0.047947641621821989,
      0.048866140277141611
    ],
    "combined": [
      0.042729874723005538,
      0.042245361381591129,
      0.043214388064419948
    ],
    "twotailed": [
      0.04691009518448655,
      0.046410490608012327,
      0.047409699760960773
    ],
    "split2tail": [
      0.045262903796750811,
      0.044805200133785923,
      0.0457206074597157
    ]
  },
  "PosSide": {
    "canonical": [
      0.039,
      0.03051336173240897,
      0.04748663826759103
    ],
    "combined": [
      0.9965,
      0.9939111054118539,
      0.9990888945881462
    ],
    "twotailed": [
      0.9985,
      0.99680347072523423,
      1.0001965292747659
    ],
    "split2tail": [
      0.054,
      0.0440920423390754,
      0.063907957660924608
    ]
  },
  "NegSide": {
    "canonical": [
      0.048308365312655269,
      0.0478495728471303,
      0.048767157778180234
    ],
    "combined": [
      0.023010784913176069,
      0.02266340237249365,
      0.023358167453858488
    ],
    "twotailed": [
      0.025128223132018682,
      0.024773241980728413,
      0.025483204283308952
    ],
    "split2tail": [
      0.045123892828513236,
      0.044667746275250018,
      0.045580039381776453
    ]
  },
  "elapsed": 83.54011620833333
}