{
  "scenario": 9,
  "fracPos": 0.25,
  "fracNeg": 0.25,
  "rho_sign": 1,
  "FDRmethod": "BKY2006",
  "numTests": 20,
  "numRealizations": 100000,
  "effectSize": 3,
  "CImethod": "Wald",
  "q": 0.05,
  "alpha": 0.05,
  "seed": "shuffle",
  "BothSides": {
    "canonical": [
      0.12399900299700346,
      0.12353692367924535,
      0.12446108231476158
    ],
    "combined": [
      0.11660141816516861,
      0.11616358471613683,
      0.1170392516142004
    ],
    "twotailed": [
      0.12822465637510108,
      0.12776746419339796,
      0.1286818485568042
    ],
    "split2tail": [
      0.13395365735653272,
      0.13347444821673529,
      0.13443286649633016
    ]
  },
  "PosSide": {
    "canonical": [
      0.027809873737373737,
      0.027346702748833294,
      0.02827304472591418
    ],
    "combined": [
      0.027266333333333326,
      0.026807273186730995,
      0.027725393479935658
    ],
    "twotailed": [
      0.039473778305028295,
      0.038935267190134674,
      0.040012289419921916
    ],
    "split2tail": [
      0.03943000702075701,
      0.038890454281399339,
      0.039969559760114681
    ]
  },
  "NegSide": {
    "canonical": [
      0.19056523665223593,
      0.18981582643884642,
      0.19131464686562544
    ],
    "combined": [
      0.18618241883116821,
      0.18545714601363969,
      0.18690769164869672
    ],
    "twotailed": [
      0.19556086091686006,
      0.19486545308014289,
      0.19625626875357724
    ],
    "split2tail": [
      0.19848292637917547,
      0.19774909228436943,
      0.19921676047398151
    ]
  },
  "elapsed": 28.720219166
}