{
  "scenario": 3,
  "fracPos": 0,
  "fracNeg": 0.25,
  "rho": 0,
  "FDRmethod": "BKY2006",
  "numTests": 2000,
  "numRealizations": 2000,
  "effectSize": 3,
  "CImethod": "Wald",
  "q": 0.05,
  "alpha": 0.05,
  "seed": "shuffle",
  "BothSides": {
    "canonical": [
      0.8170170000000001,
      0.81585886121918594,
      0.81817513878081427
    ],
    "combined": [
      0.6849799999999997,
      0.68364596921208132,
      0.68631403078791808
    ],
    "twotailed": [
      0.70461200000000013,
      0.70324268384684485,
      0.7059813161531554
    ],
    "split2tail": [
      0.803128,
      0.80190279644068641,
      0.8043532035593135
    ],
    "canonicalbb": [
      0.69294299999999953,
      0.69101933351292255,
      0.69486666648707651
    ],
    "split2tailbb": [
      0.67894899999999958,
      0.67672561618939953,
      0.68117238381059964
    ]
  },
  "PosSide": {
    "canonical": [
      null,
      null,
      null
    ],
    "combined": [
      null,
      null,
      null
    ],
    "twotailed": [
      null,
      null,
      null
    ],
    "split2tail": [
      null,
      null,
      null
    ],
    "canonicalbb": [
      null,
      null,
      null
    ],
    "split2tailbb": [
      null,
      null,
      null
    ]
  },
  "NegSide": {
    "canonical": [
      0.81805921456280806,
      0.81690032086130271,
      0.8192181082643134
    ],
    "combined": [
      0.67184063351059053,
      0.6705706198053536,
      0.67311064721582747
    ],
    "twotailed": [
      0.68962165403569675,
      0.68832957021709129,
      0.69091373785430221
    ],
    "split2tail": [
      0.80412837350801192,
      0.80290179701334308,
      0.80535495000268076
    ],
    "canonicalbb": [
      0.69381673675360755,
      0.69189915331759,
      0.69573432018962511
    ],
    "split2tailbb": [
      0.67978080844998,
      0.67756409684903451,
      0.68199752005092551
    ]
  },
  "elapsed": 103.78889595833333
}