{
  "scenario": 5,
  "fracPos": 0.1,
  "fracNeg": 0.4,
  "rho": 0,
  "FDRmethod": "BKY2006",
  "numTests": 2000,
  "numRealizations": 2000,
  "effectSize": 3,
  "CImethod": "Wald",
  "q": 0.05,
  "alpha": 0.05,
  "seed": "shuffle",
  "BothSides": {
    "canonical": [
      0.84120050000000057,
      0.84046403653605151,
      0.84193696346394964
    ],
    "combined": [
      0.80016049999999983,
      0.79936870736792576,
      0.8009522926320739
    ],
    "twotailed": [
      0.8529705000000003,
      0.85214581540161782,
      0.85379518459838277
    ],
    "split2tail": [
      0.87027850000000029,
      0.86947418926011955,
      0.871082810739881
    ],
    "canonicalbb": [
      0.84120050000000057,
      0.84046403653605151,
      0.84193696346394964
    ],
    "split2tailbb": [
      0.87027850000000029,
      0.86947418926011955,
      0.871082810739881
    ]
  },
  "PosSide": {
    "canonical": [
      0.63016382542938243,
      0.62812668041749,
      0.63220097044127488
    ],
    "combined": [
      0.83646245375985218,
      0.83483823494635956,
      0.83808667257334479
    ],
    "twotailed": [
      0.90649763066086742,
      0.90478066227530984,
      0.908214599046425
    ],
    "split2tail": [
      0.72967712416102959,
      0.72760954266404043,
      0.73174470565801875
    ],
    "canonicalbb": [
      0.63016382542938243,
      0.62812668041749,
      0.63220097044127488
    ],
    "split2tailbb": [
      0.72967712416102959,
      0.72760954266404043,
      0.73174470565801875
    ]
  },
  "NegSide": {
    "canonical": [
      0.89535663233320517,
      0.89458272013765372,
      0.89613054452875662
    ],
    "combined": [
      0.79240773677352,
      0.791601131171745,
      0.79321434237529509
    ],
    "twotailed": [
      0.84099768802791752,
      0.840180962104234,
      0.84181441395160106
    ],
    "split2tail": [
      0.906872174124028,
      0.905999413801789,
      0.90774493444626692
    ],
    "canonicalbb": [
      0.89535663233320517,
      0.89458272013765372,
      0.89613054452875662
    ],
    "split2tailbb": [
      0.906872174124028,
      0.905999413801789,
      0.90774493444626692
    ]
  },
  "elapsed": 126.00660145833334
}