{
  "scenario": 1,
  "effectSize": 3,
  "fracPos": 0,
  "fracNeg": 0,
  "rho": 0,
  "FDRmethod": "BKY2006",
  "numTests": 2000,
  "numRealizations": 2000,
  "CImethod": "Wald",
  "q": 0.05,
  "alpha": 0.05,
  "seed": "shuffle",
  "BothSides": {
    "canonical": [
      0.102,
      0.088732779468160217,
      0.11526722053183977
    ],
    "combined": [
      0.0555,
      0.04546334105543956,
      0.065536658944560441
    ],
    "twotailed": [
      0.0555,
      0.04546334105543956,
      0.065536658944560441
    ],
    "split2tail": [
      0.1025,
      0.089204004627724043,
      0.11579599537227594
    ]
  },
  "PosSide": {
    "canonical": [
      0.052,
      0.0422669818229962,
      0.061733018177003794
    ],
    "combined": [
      0.03,
      0.022521953033424007,
      0.037478046966575987
    ],
    "twotailed": [
      0.03,
      0.022521953033424007,
      0.037478046966575987
    ],
    "split2tail": [
      0.052,
      0.0422669818229962,
      0.061733018177003794
    ]
  },
  "NegSide": {
    "canonical": [
      0.0525,
      0.042722879787699529,
      0.062277120212300467
    ],
    "combined": [
      0.028,
      0.020768076190044459,
      0.035231923809955545
    ],
    "twotailed": [
      0.028,
      0.020768076190044459,
      0.035231923809955545
    ],
    "split2tail": [
      0.053,
      0.043179024711744014,
      0.062820975288255976
    ]
  },
  "elapsed": 205.063043458
}