{
  "scenario": 15,
  "fracPos": 0.1,
  "fracNeg": 0.4,
  "rho_sign": -1,
  "FDRmethod": "BKY2006",
  "numTests": 2000,
  "numRealizations": 2000,
  "effectSize": 3,
  "CImethod": "Wald",
  "q": 0.05,
  "alpha": 0.05,
  "seed": "shuffle",
  "BothSides": {
    "canonical": [
      0.037128511473933666,
      0.03685460191912461,
      0.037402421028742722
    ],
    "combined": [
      0.031904144251067232,
      0.031634584591915649,
      0.032173703910218815
    ],
    "twotailed": [
      0.0428521289419474,
      0.042542572765601812,
      0.043161685118292985
    ],
    "split2tail": [
      0.04240808425304135,
      0.04210833716604765,
      0.04270783134003505
    ],
    "reviewer1": [
      0.019955524943025542,
      0.019734285603719925,
      0.020176764282331158
    ],
    "reviewer2": [
      0.018537856709696474,
      0.018323912290358471,
      0.018751801129034476
    ]
  },
  "PosSide": {
    "canonical": [
      0.026365902182824447,
      0.0257305887658899,
      0.027001215599758994
    ],
    "combined": [
      0.073971118289926349,
      0.073125501752710861,
      0.074816734827141837
    ],
    "twotailed": [
      0.098418492407043229,
      0.097483968723707584,
      0.099353016090378873
    ],
    "split2tail": [
      0.044447684500401763,
      0.043696833149056681,
      0.045198535851746845
    ],
    "reviewer1": [
      0.021604096631746349,
      0.021008082608647498,
      0.0222001106548452
    ],
    "reviewer2": [
      0.01286223122606101,
      0.012365610041203652,
      0.013358852410918368
    ]
  },
  "NegSide": {
    "canonical": [
      0.03897609639109411,
      0.038673467158487927,
      0.039278725623700293
    ],
    "combined": [
      0.020743591987380714,
      0.020501900436452621,
      0.020985283538308808
    ],
    "twotailed": [
      0.027802482378952623,
      0.027537747099242484,
      0.028067217658662762
    ],
    "split2tail": [
      0.041917907136537216,
      0.041591809093560535,
      0.0422440051795139
    ],
    "reviewer1": [
      0.019596105717435051,
      0.019354376568232575,
      0.019837834866637528
    ],
    "reviewer2": [
      0.019435568803357759,
      0.019199171527410189,
      0.019671966079305329
    ]
  },
  "elapsed": 93.892782333333329
}