{
  "scenario": 10,
  "fracPos": 0.1,
  "fracNeg": 0.4,
  "rho": 0.8,
  "FDRmethod": "BKY2006",
  "numTests": 2000,
  "numRealizations": 2000,
  "effectSize": 3,
  "CImethod": "Wald",
  "q": 0.05,
  "alpha": 0.05,
  "seed": "shuffle",
  "BothSides": {
    "canonical": [
      0.0625207867644769,
      0.055305173582996706,
      0.069736399945957081
    ],
    "combined": [
      0.022867061993217273,
      0.018946208324433063,
      0.026787915662001484
    ],
    "twotailed": [
      0.031544515213077828,
      0.026738577051005883,
      0.03635045337514977
    ],
    "split2tail": [
      0.046922226536116787,
      0.040406262593363121,
      0.053438190478870454
    ]
  },
  "PosSide": {
    "canonical": [
      0.019047222175667976,
      0.01446136474905832,
      0.023633079602277632
    ],
    "combined": [
      0.0083836600077742841,
      0.0055992912911138875,
      0.011168028724434681
    ],
    "twotailed": [
      0.0093677076327920977,
      0.0063591743769679677,
      0.012376240888616228
    ],
    "split2tail": [
      0.01840405909145117,
      0.013721008040103868,
      0.023087110142798472
    ]
  },
  "NegSide": {
    "canonical": [
      0.043577751819592864,
      0.037729621688787712,
      0.049425881950398015
    ],
    "combined": [
      0.01497896136851842,
      0.012128886075565531,
      0.017829036661471308
    ],
    "twotailed": [
      0.024279514196347506,
      0.0201050671783791,
      0.028453961214315912
    ],
    "split2tail": [
      0.028834126134155008,
      0.024057353719234592,
      0.033610898549075424
    ]
  },
  "elapsed": 198.8750405
}