{
  "scenario": 14,
  "fracPos": 0.25,
  "fracNeg": 0.25,
  "rho_sign": -1,
  "FDRmethod": "BKY2006",
  "numTests": 2000,
  "numRealizations": 2000,
  "effectSize": 3,
  "CImethod": "Wald",
  "q": 0.05,
  "alpha": 0.05,
  "seed": "shuffle",
  "BothSides": {
    "canonical": [
      0.032033835094043978,
      0.031757734800851818,
      0.032309935387236137
    ],
    "combined": [
      0.032010969064742385,
      0.031735059041527014,
      0.032286879087957757
    ],
    "twotailed": [
      0.043053845580319022,
      0.042736475732575566,
      0.043371215428062479
    ],
    "split2tail": [
      0.043143485305169024,
      0.04282487795986431,
      0.043462092650473738
    ],
    "reviewer1": [
      0.020630888364564316,
      0.020389235801198731,
      0.0208725409279299
    ],
    "reviewer2": [
      0.016179654025481181,
      0.01596388331759109,
      0.016395424733371272
    ]
  },
  "PosSide": {
    "canonical": [
      0.030719775751576202,
      0.030338845644967742,
      0.031100705858184662
    ],
    "combined": [
      0.030778991891181325,
      0.030402493014620176,
      0.031155490767742475
    ],
    "twotailed": [
      0.041930724794527321,
      0.041503183164299587,
      0.042358266424755056
    ],
    "split2tail": [
      0.041964956146007558,
      0.041519732990958846,
      0.042410179301056269
    ],
    "reviewer1": [
      0.019547977287269,
      0.019220266136307684,
      0.019875688438230319
    ],
    "reviewer2": [
      0.015125725343595842,
      0.014836221731227573,
      0.015415228955964111
    ]
  },
  "NegSide": {
    "canonical": [
      0.03328527373939115,
      0.03290794106287067,
      0.033662606415911629
    ],
    "combined": [
      0.033212109146227881,
      0.032838887575315508,
      0.033585330717140253
    ],
    "twotailed": [
      0.044133558845592918,
      0.043707327412937147,
      0.04455979027824869
    ],
    "split2tail": [
      0.04418683840792826,
      0.043746270023693225,
      0.044627406792163295
    ],
    "reviewer1": [
      0.021638950073448335,
      0.02130447860547843,
      0.02197342154141824
    ],
    "reviewer2": [
      0.017203622017622214,
      0.016901777530400963,
      0.017505466504843466
    ]
  },
  "elapsed": 92.314548583333334
}