{
  "scenario": 14,
  "fracPos": 0.25,
  "fracNeg": 0.25,
  "rho_sign": -1,
  "FDRmethod": "BKY2006",
  "numTests": 2000,
  "numRealizations": 2000,
  "effectSize": 3,
  "CImethod": "Wald",
  "q": 0.05,
  "alpha": 0.05,
  "seed": "shuffle",
  "BothSides": {
    "canonical": [
      0.0317849485711378,
      0.031512760009686711,
      0.032057137132588884
    ],
    "combined": [
      0.031726836266481116,
      0.031453187228512529,
      0.032000485304449704
    ],
    "twotailed": [
      0.042848440497408241,
      0.042527312830053628,
      0.043169568164762855
    ],
    "split2tail": [
      0.042929411324750789,
      0.042605309141189832,
      0.043253513508311747
    ]
  },
  "PosSide": {
    "canonical": [
      0.030969170440006466,
      0.030603192404116502,
      0.031335148475896434
    ],
    "combined": [
      0.030953161014703291,
      0.03058917221585658,
      0.03131714981355
    ],
    "twotailed": [
      0.042063580247920972,
      0.041637623555904231,
      0.042489536939937712
    ],
    "split2tail": [
      0.042118444054243073,
      0.041681364741440109,
      0.042555523367046037
    ]
  },
  "NegSide": {
    "canonical": [
      0.032540578535146449,
      0.032149733083399336,
      0.032931423986893561
    ],
    "combined": [
      0.032470524199240069,
      0.032081945528940253,
      0.032859102869539886
    ],
    "twotailed": [
      0.043588001280640783,
      0.043150574679958434,
      0.044025427881323131
    ],
    "split2tail": [
      0.043618011399103027,
      0.043166354484743458,
      0.044069668313462595
    ]
  },
  "elapsed": 95.436436166666667
}