{
  "scenario": 10,
  "fracPos": 0.1,
  "fracNeg": 0.4,
  "rho_sign": -1,
  "FDRmethod": "BKY2006",
  "numTests": 20,
  "numRealizations": 100000,
  "effectSize": 3,
  "CImethod": "Wald",
  "q": 0.05,
  "alpha": 0.05,
  "seed": "shuffle",
  "BothSides": {
    "canonical": [
      0.12912279134754184,
      0.12872018755114736,
      0.12952539514393632
    ],
    "combined": [
      0.11717657739482787,
      0.11673853667110173,
      0.117614618118554
    ],
    "twotailed": [
      0.12870054400419892,
      0.12824425880628584,
      0.129156829202112
    ],
    "split2tail": [
      0.1358078336442973,
      0.13536617385449956,
      0.13624949343409504
    ]
  },
  "PosSide": {
    "canonical": [
      0.024106666666666662,
      0.023444389757059127,
      0.024768943576274197
    ],
    "combined": [
      0.059548833333333384,
      0.058577154372821967,
      0.0605205122938448
    ],
    "twotailed": [
      0.0850079523809523,
      0.083917660367300626,
      0.086098244394603965
    ],
    "split2tail": [
      0.04591680952380954,
      0.045075720806079488,
      0.046757898241539593
    ]
  },
  "NegSide": {
    "canonical": [
      0.14334582545232608,
      0.14290965376583881,
      0.14378199713881334
    ],
    "combined": [
      0.12666447818847856,
      0.12620137610543194,
      0.12712758027152518
    ],
    "twotailed": [
      0.13350194166944213,
      0.13305099507055407,
      0.13395288826833018
    ],
    "split2tail": [
      0.14703840781440833,
      0.14657201469882353,
      0.14750480092999313
    ]
  },
  "elapsed": 29.422098333
}