{
  "scenario": 8,
  "fracPos": 0,
  "fracNeg": 0.25,
  "rho_sign": 1,
  "FDRmethod": "BKY2006",
  "numTests": 2000,
  "numRealizations": 2000,
  "effectSize": 3,
  "CImethod": "Wald",
  "q": 0.05,
  "alpha": 0.05,
  "seed": "shuffle",
  "BothSides": {
    "canonical": [
      0.048465717610105784,
      0.047971897628730359,
      0.048959537591481209
    ],
    "combined": [
      0.042684369834599695,
      0.042203937298356156,
      0.043164802370843233
    ],
    "twotailed": [
      0.04681121647254817,
      0.0463105017720156,
      0.047311931173080739
    ],
    "split2tail": [
      0.045205405452194806,
      0.044729122431187728,
      0.045681688473201885
    ]
  },
  "PosSide": {
    "canonical": [
      0.037,
      0.028725234414630034,
      0.045274765585369962
    ],
    "combined": [
      0.999,
      0.9976144428682947,
      1.0003855571317053
    ],
    "twotailed": [
      0.9995,
      0.99852001800773,
      1.00047998199227
    ],
    "split2tail": [
      0.0495,
      0.039991317331116515,
      0.05900868266888349
    ]
  },
  "NegSide": {
    "canonical": [
      0.048368903769566783,
      0.047875055629346359,
      0.048862751909787207
    ],
    "combined": [
      0.022815691667428657,
      0.022458347585231655,
      0.023173035749625658
    ],
    "twotailed": [
      0.024996511256933054,
      0.024627138312437357,
      0.02536588420142875
    ],
    "split2tail": [
      0.045073015426167304,
      0.044596171329880814,
      0.045549859522453794
    ]
  },
  "elapsed": 82.351171541666673
}