{
  "scenario": 3,
  "fracPos": 0,
  "fracNeg": 0.25,
  "rho_sign": 0,
  "FDRmethod": "BKY2006",
  "numTests": 20,
  "numRealizations": 20000,
  "effectSize": 3,
  "CImethod": "Wald",
  "q": 0.05,
  "alpha": 0.05,
  "seed": "shuffle",
  "BothSides": {
    "canonical": [
      0.21112895202020626,
      0.20936602314880243,
      0.2128918808916101
    ],
    "combined": [
      0.19807884920635332,
      0.19592745052744773,
      0.20023024788525892
    ],
    "twotailed": [
      0.20239894119769547,
      0.20026553469062097,
      0.20453234770476997
    ],
    "split2tail": [
      0.20967503246753671,
      0.20782501470389703,
      0.2115250502311764
    ]
  },
  "PosSide": {
    "canonical": [
      0.0354,
      0.032838943199294708,
      0.037961056800705294
    ],
    "combined": [
      0.10015,
      0.09598941414604388,
      0.10431058585395613
    ],
    "twotailed": [
      0.1165,
      0.11205358299438829,
      0.12094641700561172
    ],
    "split2tail": [
      0.0494,
      0.046396647344867745,
      0.052403352655132254
    ]
  },
  "NegSide": {
    "canonical": [
      0.20592169913420297,
      0.20418644875084507,
      0.20765694951756086
    ],
    "combined": [
      0.18266799603174944,
      0.18060604240415334,
      0.18472994965934553
    ],
    "twotailed": [
      0.18488396825397171,
      0.18285499499708804,
      0.18691294151085538
    ],
    "split2tail": [
      0.20188515151515532,
      0.20008722174724816,
      0.20368308128306248
    ]
  },
  "elapsed": 5.54381025
}