{
  "scenario": 3,
  "fracPos": 0,
  "fracNeg": 0.25,
  "rho_sign": 0,
  "FDRmethod": "BKY2006",
  "numTests": 2000,
  "numRealizations": 2000,
  "effectSize": 3,
  "CImethod": "Wald",
  "q": 0.05,
  "alpha": 0.05,
  "seed": "shuffle",
  "BothSides": {
    "canonical": [
      0.048340976309620483,
      0.047876516347292,
      0.048805436271948964
    ],
    "combined": [
      0.042343183577056749,
      0.041885473983391708,
      0.04280089317072179
    ],
    "twotailed": [
      0.046573877066960707,
      0.046094706345378551,
      0.047053047788542864
    ],
    "split2tail": [
      0.045004903796765874,
      0.044551933727579665,
      0.045457873865952084
    ],
    "reviewer1": [
      0.022481354464988237,
      0.022142717619203015,
      0.02281999131077346
    ],
    "reviewer2": [
      0.024779671929468436,
      0.024429504415992103,
      0.025129839442944769
    ]
  },
  "PosSide": {
    "canonical": [
      0.0305,
      0.022961837065184548,
      0.038038162934815448
    ],
    "combined": [
      0.999,
      0.9976144428682947,
      1.0003855571317053
    ],
    "twotailed": [
      0.9995,
      0.99852001800773,
      1.00047998199227
    ],
    "split2tail": [
      0.039,
      0.03051336173240897,
      0.04748663826759103
    ],
    "reviewer1": [
      0.0215,
      0.015141695259574688,
      0.027858304740425308
    ],
    "reviewer2": [
      0.015,
      0.0096714942502948813,
      0.020328505749705118
    ]
  },
  "NegSide": {
    "canonical": [
      0.048260723149068367,
      0.04779694523173153,
      0.048724501066405204
    ],
    "combined": [
      0.022723411887691052,
      0.022385646675764523,
      0.02306117709961758
    ],
    "twotailed": [
      0.024938570667158957,
      0.024587894128630411,
      0.025289247205687503
    ],
    "split2tail": [
      0.044897933988054931,
      0.044446178514401573,
      0.045349689461708288
    ],
    "reviewer1": [
      0.022410890048005967,
      0.022073299322424397,
      0.022748480773587536
    ],
    "reviewer2": [
      0.024732186426972173,
      0.024382506019393232,
      0.025081866834551114
    ]
  },
  "elapsed": 81.439116166666665
}