{
  "scenario": 5,
  "fracPos": 0.1,
  "fracNeg": 0.4,
  "rho_sign": 0,
  "FDRmethod": "BKY2006",
  "numTests": 20,
  "numRealizations": 20000,
  "effectSize": 3,
  "CImethod": "Wald",
  "q": 0.05,
  "alpha": 0.05,
  "seed": "shuffle",
  "BothSides": {
    "canonical": [
      0.12949596142419567,
      0.12856398821172682,
      0.13042793463666452
    ],
    "combined": [
      0.1160000919913412,
      0.11503422543026021,
      0.1169659585524222
    ],
    "twotailed": [
      0.12773355444392134,
      0.12672743964045571,
      0.12873966924738697
    ],
    "split2tail": [
      0.13490096167721086,
      0.13391071387819742,
      0.1358912094762243
    ]
  },
  "PosSide": {
    "canonical": [
      0.022488333333333277,
      0.021111293636689947,
      0.023865373029976607
    ],
    "combined": [
      0.0547708333333335,
      0.052720354510990518,
      0.056821312155676477
    ],
    "twotailed": [
      0.079171666666666127,
      0.0768342496000723,
      0.081509083733259949
    ],
    "split2tail": [
      0.042650833333333547,
      0.040869053042368743,
      0.044432613624298352
    ]
  },
  "NegSide": {
    "canonical": [
      0.14312624153623726,
      0.14211352806850258,
      0.14413895500397195
    ],
    "combined": [
      0.12552881687756537,
      0.12448703113176719,
      0.12657060262336356
    ],
    "twotailed": [
      0.13265984792984498,
      0.13163783949893013,
      0.13368185636075983
    ],
    "split2tail": [
      0.14584774475524051,
      0.14478584329425584,
      0.14690964621622518
    ]
  },
  "elapsed": 5.884692709
}