{
  "scenario": 2,
  "fracPos": 0.25,
  "fracNeg": 0,
  "rho_sign": 0,
  "FDRmethod": "BKY2006",
  "numTests": 2000,
  "numRealizations": 2000,
  "effectSize": 3,
  "CImethod": "Wald",
  "q": 0.05,
  "alpha": 0.05,
  "seed": "shuffle",
  "BothSides": {
    "canonical": [
      0.046370301505070211,
      0.045889888977503089,
      0.046850714032637332
    ],
    "combined": [
      0.040901876783602562,
      0.040422844513662334,
      0.041380909053542789
    ],
    "twotailed": [
      0.045081009101031216,
      0.044577501995295643,
      0.04558451620676679
    ],
    "split2tail": [
      0.043194750755397311,
      0.042720695296981338,
      0.043668806213813284
    ]
  },
  "PosSide": {
    "canonical": [
      0.04627845296787142,
      0.045798697296224315,
      0.046758208639518524
    ],
    "combined": [
      0.020864574503625378,
      0.020524095318307622,
      0.021205053688943133
    ],
    "twotailed": [
      0.023015174193129539,
      0.022655000446209592,
      0.023375347940049487
    ],
    "split2tail": [
      0.043069443952972478,
      0.042596085462794843,
      0.043542802443150112
    ]
  },
  "NegSide": {
    "canonical": [
      0.036,
      0.027833584713841852,
      0.044166415286158139
    ],
    "combined": [
      0.999,
      0.9976144428682947,
      1.0003855571317053
    ],
    "twotailed": [
      0.9995,
      0.99852001800773,
      1.00047998199227
    ],
    "split2tail": [
      0.048,
      0.03862911114599174,
      0.057370888854008262
    ]
  },
  "elapsed": 82.985078833333333
}