{
  "fracPos": 0.25,
  "fracNeg": 0.25,
  "rho": 0,
  "FDRmethod": "BKY2006",
  "numTests": 2000,
  "numRealizations": 2000,
  "effectSize": 3,
  "CImethod": "Wald",
  "q": 0.05,
  "alpha": 0.05,
  "seed": "shuffle",
  "BothSides": {
    "canonical": [
      0.030709495495036744,
      0.030316272617852039,
      0.03110271837222145
    ],
    "twotailed": [
      0.042936903696706719,
      0.042616988828584321,
      0.043256818564829116
    ],
    "combined": [
      0.031963140116673082,
      0.031685657590305762,
      0.0322406226430404
    ],
    "twice": [
      0.03197714061237452,
      0.03169931673753891,
      0.03225496448721013
    ],
    "sidaktwice": [
      0.016069535365157817,
      0.015862289894126667,
      0.016276780836188966
    ],
    "split1tail": [
      0.096945153756249181,
      0.096476981573428891,
      0.09741332593906947
    ],
    "split2tail": [
      0.043000626198744174,
      0.042680145952165752,
      0.043321106445322596
    ]
  },
  "PosSide": {
    "canonical": [
      0.030709495495036744,
      0.030316272617852039,
      0.03110271837222145
    ],
    "twotailed": [
      0.041694274266422637,
      0.041253835070149576,
      0.0421347134626957
    ],
    "combined": [
      0.030763287357475747,
      0.030379282494118566,
      0.031147292220832928
    ],
    "twice": [
      0.030709495495036744,
      0.030316272617852039,
      0.03110271837222145
    ],
    "sidaktwice": [
      0.014926002589084527,
      0.014638412922266079,
      0.015213592255902974
    ],
    "split1tail": [
      0.095066798455812881,
      0.0944053795781308,
      0.095728217333494958
    ],
    "split2tail": [
      0.041611968110274504,
      0.04116043042432891,
      0.0420635057962201
    ]
  },
  "NegSide": {
    "canonical": [
      0,
      0,
      0
    ],
    "twotailed": [
      0.0440936178072672,
      0.043657339878371289,
      0.04452989573616311
    ],
    "combined": [
      0.03309679549799395,
      0.032714674382116608,
      0.033478916613871292
    ],
    "twice": [
      0.0331279276850015,
      0.032738785857697475,
      0.033517069512305528
    ],
    "sidaktwice": [
      0.017135723832222064,
      0.016837800920727817,
      0.017433646743716311
    ],
    "split1tail": [
      0.098483022253124941,
      0.097826602637597543,
      0.099139441868652339
    ],
    "split2tail": [
      0.044216440815574944,
      0.043764209401653091,
      0.044668672229496796
    ]
  },
  "elapsed": 275.189539667
}