{
  "scenario": 13,
  "fracPos": 0,
  "fracNeg": 0.25,
  "rho_sign": -1,
  "FDRmethod": "BKY2006",
  "numTests": 20,
  "numRealizations": 20000,
  "effectSize": 3,
  "CImethod": "Wald",
  "q": 0.05,
  "alpha": 0.05,
  "seed": "shuffle",
  "BothSides": {
    "canonical": [
      0.21065632034632462,
      0.20901013653020975,
      0.21230250416243948
    ],
    "combined": [
      0.19942257936508367,
      0.19736182030581589,
      0.20148333842435145
    ],
    "twotailed": [
      0.20426659992785445,
      0.20221776106634354,
      0.20631543878936537
    ],
    "split2tail": [
      0.21119965728716142,
      0.20941316609537444,
      0.21298614847894839
    ]
  },
  "PosSide": {
    "canonical": [
      0.03585,
      0.033273317940614854,
      0.038426682059385146
    ],
    "combined": [
      0.1131,
      0.10871052499126599,
      0.11748947500873402
    ],
    "twotailed": [
      0.13215,
      0.12745646707845737,
      0.13684353292154261
    ],
    "split2tail": [
      0.05425,
      0.051110705948869024,
      0.057389294051130975
    ]
  },
  "NegSide": {
    "canonical": [
      0.20602713383838764,
      0.20441236072544688,
      0.20764190695132839
    ],
    "combined": [
      0.1832520833333367,
      0.18129452158493573,
      0.18520964508173768
    ],
    "twotailed": [
      0.18572636904762241,
      0.18379995454329362,
      0.1876527835519512
    ],
    "split2tail": [
      0.20337441738817111,
      0.2016412351404242,
      0.20510759963591801
    ]
  },
  "elapsed": 5.5865905
}