{
  "scenario": 9,
  "fracPos": 0.25,
  "fracNeg": 0.25,
  "rho": 0.25,
  "FDRmethod": "BKY2006",
  "numTests": 2000,
  "numRealizations": 2000,
  "effectSize": 3,
  "CImethod": "Wald",
  "q": 0.05,
  "alpha": 0.05,
  "seed": "shuffle",
  "BothSides": {
    "canonical": [
      0.045958171415724593,
      0.043330710840949825,
      0.04858563199049936
    ],
    "combined": [
      0.03124694419904539,
      0.029817929432723225,
      0.032675958965367555
    ],
    "twotailed": [
      0.042028000107898061,
      0.040338437004760079,
      0.043717563211036044
    ],
    "split2tail": [
      0.044197515599960581,
      0.042023944272443631,
      0.046371086927477531
    ],
    "canonicalbb": [
      0.04577204455800786,
      0.043190534621159231,
      0.048353554494856489
    ],
    "split2tailbb": [
      0.044197515599960581,
      0.042023944272443631,
      0.046371086927477531
    ]
  },
  "PosSide": {
    "canonical": [
      0.03079017866647258,
      0.028541225541844253,
      0.033039131791100906
    ],
    "combined": [
      0.023641382971468842,
      0.022152357897709869,
      0.025130408045227814
    ],
    "twotailed": [
      0.033164078221040783,
      0.031271086148500396,
      0.035057070293581169
    ],
    "split2tail": [
      0.033598944304066736,
      0.031552293276194326,
      0.035645595331939145
    ],
    "canonicalbb": [
      0.03079017866647258,
      0.028541225541844253,
      0.033039131791100906
    ],
    "split2tailbb": [
      0.033598944304066736,
      0.031552293276194326,
      0.035645595331939145
    ]
  },
  "NegSide": {
    "canonical": [
      0.033497562278971181,
      0.031135254107557141,
      0.035859870450385224
    ],
    "combined": [
      0.025954823778420347,
      0.024410970946127229,
      0.027498676610713466
    ],
    "twotailed": [
      0.035487663535551835,
      0.033525142582584468,
      0.0374501844885192
    ],
    "split2tail": [
      0.036064808088959489,
      0.033922920354817,
      0.038206695823101981
    ],
    "canonicalbb": [
      0.033311435421254448,
      0.031002273104944324,
      0.035620597737564569
    ],
    "split2tailbb": [
      0.036064808088959489,
      0.033922920354817,
      0.038206695823101981
    ]
  },
  "elapsed": 127.439873625
}