{
  "fracPos": 0.25,
  "fracNeg": 0,
  "rho": 0,
  "FDRmethod": "BKY2006",
  "numTests": 1000,
  "numRealizations": 1000,
  "effectSize": 2,
  "CImethod": "Wald",
  "q": 0.05,
  "alpha": 0.05,
  "seed": "shuffle",
  "BothSides": {
    "canonical": [
      0.039566419478957476,
      0.0379651200315259,
      0.041167718926389055
    ],
    "twotailed": [
      0.037352154829296609,
      0.035236574655101653,
      0.039467735003491565
    ],
    "combined": [
      0.036769451016339848,
      0.034646152466862527,
      0.038892749565817168
    ],
    "twice": [
      0.04045730780787217,
      0.038846379096312805,
      0.042068236519431534
    ],
    "split1tail": [
      0.071074878716698514,
      0.069375857832854174,
      0.072773899600542855
    ],
    "split2tail": [
      0.033678055782165581,
      0.032112079565318606,
      0.035244031999012555
    ]
  },
  "PosSide": {
    "canonical": [
      0.039566419478957476,
      0.0379651200315259,
      0.041167718926389055
    ],
    "twotailed": [
      0.018398677480390032,
      0.01690128252008203,
      0.019896072440698034
    ],
    "combined": [
      0.018117239945671559,
      0.016612075759035304,
      0.019622404132307814
    ],
    "twice": [
      0.039566419478957476,
      0.0379651200315259,
      0.041167718926389055
    ],
    "split1tail": [
      0.069796503384128364,
      0.06810422619958581,
      0.071488780568670918
    ],
    "split2tail": [
      0.032457512711198164,
      0.030902110537066024,
      0.034012914885330307
    ]
  },
  "NegSide": {
    "canonical": [
      0,
      0,
      0
    ],
    "twotailed": [
      0.474,
      0.44303668936279,
      0.50496331063721
    ],
    "combined": [
      0.466,
      0.43506650909392142,
      0.49693349090607863
    ],
    "twice": [
      0.051,
      0.037357827360089857,
      0.064642172639910137
    ],
    "split1tail": [
      0.11,
      0.090597544644561726,
      0.12940245535543826
    ],
    "split2tail": [
      0.059,
      0.044388790614537606,
      0.0736112093854624
    ]
  }
}