{
  "scenario": 5,
  "fracPos": 0.1,
  "fracNeg": 0.4,
  "rho": 0,
  "FDRmethod": "BKY2006",
  "numTests": 2000,
  "numRealizations": 2000,
  "effectSize": 3,
  "CImethod": "Wald",
  "q": 0.05,
  "alpha": 0.05,
  "seed": "shuffle",
  "BothSides": {
    "canonical": [
      0.037055374997994335,
      0.036764347861083013,
      0.037346402134905657
    ],
    "combined": [
      0.03149055787837516,
      0.031221012690486764,
      0.031760103066263555
    ],
    "twotailed": [
      0.04276100631842801,
      0.042452245473138334,
      0.043069767163717687
    ],
    "split2tail": [
      0.042363499231275296,
      0.042056079856115806,
      0.042670918606434786
    ]
  },
  "PosSide": {
    "canonical": [
      0.026613176430639575,
      0.0259741621784074,
      0.027252190682871751
    ],
    "combined": [
      0.0730054723844774,
      0.072150776335325392,
      0.0738601684336294
    ],
    "twotailed": [
      0.0982244446055717,
      0.0972935974582885,
      0.0991552917528549
    ],
    "split2tail": [
      0.044150989924632796,
      0.043375435375675446,
      0.044926544473590145
    ]
  },
  "NegSide": {
    "canonical": [
      0.0388366085690872,
      0.0385151797642308,
      0.039158037373943605
    ],
    "combined": [
      0.020459401023127158,
      0.020217362015885882,
      0.020701440030368435
    ],
    "twotailed": [
      0.027723447641770711,
      0.027445349875142053,
      0.028001545408399369
    ],
    "split2tail": [
      0.041907850544944975,
      0.041570202981472744,
      0.042245498108417205
    ]
  },
  "elapsed": 89.893415708333336
}