{
  "scenario": 9,
  "fracPos": 0.25,
  "fracNeg": 0.25,
  "rho": 0.25,
  "FDRmethod": "BKY2006",
  "numTests": 2000,
  "numRealizations": 2000,
  "effectSize": 3,
  "CImethod": "Wald",
  "q": 0.05,
  "alpha": 0.05,
  "seed": "shuffle",
  "BothSides": {
    "canonical": [
      0.78450050000000016,
      0.782548176038671,
      0.78645282396132932
    ],
    "combined": [
      0.79988399999999971,
      0.798608604744654,
      0.80115939525534541
    ],
    "twotailed": [
      0.85233450000000044,
      0.85113503315924244,
      0.85353396684075844
    ],
    "split2tail": [
      0.850574,
      0.84899332888207391,
      0.8521546711179262
    ],
    "canonicalbb": [
      0.78424650000000007,
      0.78230682615057279,
      0.78618617384942735
    ],
    "split2tailbb": [
      0.850574,
      0.84899332888207391,
      0.8521546711179262
    ]
  },
  "PosSide": {
    "canonical": [
      0.7835885162178563,
      0.77248872173559624,
      0.79468831070011636
    ],
    "combined": [
      0.79950240649118276,
      0.79151186873396373,
      0.80749294424840179
    ],
    "twotailed": [
      0.85176957194087521,
      0.84400608846257963,
      0.8595330554191708
    ],
    "split2tail": [
      0.849043322150482,
      0.8404222349423206,
      0.8576644093586433
    ],
    "canonicalbb": [
      0.7835885162178563,
      0.77248872173559624,
      0.79468831070011636
    ],
    "split2tailbb": [
      0.849043322150482,
      0.8404222349423206,
      0.8576644093586433
    ]
  },
  "NegSide": {
    "canonical": [
      0.78624353661598911,
      0.77505339882019275,
      0.79743367441178548
    ],
    "combined": [
      0.801472284123613,
      0.79345418551419467,
      0.80949038273303142
    ],
    "twotailed": [
      0.85426844793889434,
      0.84647290645459061,
      0.86206398942319806
    ],
    "split2tail": [
      0.85328726666198806,
      0.84472012621222115,
      0.861854407111755
    ],
    "canonicalbb": [
      0.785735536615989,
      0.77462275288779681,
      0.79684832034418129
    ],
    "split2tailbb": [
      0.85328726666198806,
      0.84472012621222115,
      0.861854407111755
    ]
  },
  "elapsed": 127.44043554166667
}