{
  "scenario": 8,
  "fracPos": 0,
  "fracNeg": 0.25,
  "rho": 0.25,
  "FDRmethod": "BKY2006",
  "numTests": 2000,
  "numRealizations": 2000,
  "effectSize": 3,
  "CImethod": "Wald",
  "q": 0.05,
  "alpha": 0.05,
  "seed": "shuffle",
  "BothSides": {
    "canonical": [
      0.060173991711502138,
      0.055575026642048594,
      0.064772956780955682
    ],
    "combined": [
      0.045821257712379722,
      0.042710737361134829,
      0.048931778063624615
    ],
    "twotailed": [
      0.0501814472614213,
      0.046946261985368894,
      0.0534166325374737
    ],
    "split2tail": [
      0.040321675124139589,
      0.037384624527015325,
      0.043258725721263852
    ]
  },
  "PosSide": {
    "canonical": [
      0.0375,
      0.029171674378451369,
      0.045828325621548628
    ],
    "combined": [
      0.705,
      0.68500841349761432,
      0.7249915865023856
    ],
    "twotailed": [
      0.746,
      0.72691782097431257,
      0.76508217902568743
    ],
    "split2tail": [
      0.028,
      0.020768076190044459,
      0.035231923809955545
    ]
  },
  "NegSide": {
    "canonical": [
      0.05317325184242884,
      0.049578235482422892,
      0.056768268202434788
    ],
    "combined": [
      0.023277422636455925,
      0.02151067463605813,
      0.02504417063685372
    ],
    "twotailed": [
      0.026757821785852117,
      0.024700324225935912,
      0.028815319345768323
    ],
    "split2tail": [
      0.037328202185963034,
      0.0350793039146394,
      0.039577100457286671
    ]
  },
  "elapsed": 80.561155083333333
}