{
  "scenario": 9,
  "fracPos": 0.25,
  "fracNeg": 0.25,
  "rho": 0.8,
  "FDRmethod": "BKY2006",
  "numTests": 2000,
  "numRealizations": 2000,
  "effectSize": 3,
  "CImethod": "Wald",
  "q": 0.05,
  "alpha": 0.05,
  "seed": "shuffle",
  "BothSides": {
    "canonical": [
      0.061627100800833584,
      0.05454968038243313,
      0.068704521219234038
    ],
    "combined": [
      0.024687023512373073,
      0.020666562036297725,
      0.028707484988448422
    ],
    "twotailed": [
      0.031459758546975435,
      0.02666338270855852,
      0.036256134385392345
    ],
    "split2tail": [
      0.0518160741931407,
      0.044965278782034733,
      0.05866686960424667
    ]
  },
  "PosSide": {
    "canonical": [
      0.029625671371499455,
      0.024595985567322322,
      0.034655357175676589
    ],
    "combined": [
      0.01189486716057854,
      0.0089759185762694621,
      0.014813815744887618
    ],
    "twotailed": [
      0.01540954456110117,
      0.011904612024772634,
      0.018914477097429706
    ],
    "split2tail": [
      0.024630850113577546,
      0.019785733904704214,
      0.029475966322450878
    ]
  },
  "NegSide": {
    "canonical": [
      0.032524306323012085,
      0.027197513798651731,
      0.037851098847372443
    ],
    "combined": [
      0.014022708930299527,
      0.011148095561919589,
      0.016897322298679462
    ],
    "twotailed": [
      0.017768974488479184,
      0.014293623827577375,
      0.021244325149380995
    ],
    "split2tail": [
      0.028023735275933857,
      0.022894412644388219,
      0.033153057907479494
    ]
  },
  "elapsed": 203.345149792
}