{
  "fracPos": 0.25,
  "fracNeg": 0.25,
  "rho": 0.8,
  "FDRmethod": "BKY2006",
  "numTests": 1000,
  "numRealizations": 1000,
  "effectSize": 3,
  "CImethod": "Wald",
  "q": 0.05,
  "alpha": 0.05,
  "seed": "shuffle",
  "BothSides": {
    "canonical": [
      0.031626993871227846,
      0.024123900489969374,
      0.039130087252486317
    ],
    "twotailed": [
      0.034251250203913813,
      0.026834101742105907,
      0.041668398665721723
    ],
    "combined": [
      0.027682464925535867,
      0.021384751844732652,
      0.033980178006339082
    ],
    "twice": [
      0.059763337986243163,
      0.049831826186461869,
      0.069694849786024457
    ],
    "sidaktwice": [
      0.033856830535904596,
      0.026385810329436588,
      0.041327850742372607
    ],
    "split1tail": [
      0.097993408663668513,
      0.085187599594276645,
      0.11079921773306038
    ],
    "split2tail": [
      0.050765991641942308,
      0.041175806013164694,
      0.060356177270719923
    ]
  },
  "PosSide": {
    "canonical": [
      0.031626993871227846,
      0.024123900489969374,
      0.039130087252486317
    ],
    "twotailed": [
      0.018676598116254352,
      0.012860352650494046,
      0.024492843582014659
    ],
    "combined": [
      0.014655050754110317,
      0.0097979633131952733,
      0.019512138195025362
    ],
    "twice": [
      0.031626993871227846,
      0.024123900489969374,
      0.039130087252486317
    ],
    "sidaktwice": [
      0.018058533795719475,
      0.012264954452339806,
      0.023852113139099143
    ],
    "split1tail": [
      0.058210119444894404,
      0.048004030807599365,
      0.068416208082189442
    ],
    "split2tail": [
      0.026027916325954345,
      0.018957365946426642,
      0.033098466705482048
    ]
  },
  "NegSide": {
    "canonical": [
      0,
      0,
      0
    ],
    "twotailed": [
      0.01810224246132075,
      0.013167807624545,
      0.0230366772980965
    ],
    "combined": [
      0.014943345158886781,
      0.010756574754279481,
      0.019130115563494081
    ],
    "twice": [
      0.029138497755485684,
      0.02213882804937042,
      0.036138167461600951
    ],
    "sidaktwice": [
      0.01644293246901379,
      0.011504543417688227,
      0.021381321520339353
    ],
    "split1tail": [
      0.049263161933938565,
      0.040315635103339742,
      0.058210688764537388
    ],
    "split2tail": [
      0.026229097106326323,
      0.019350286225550579,
      0.033107907987102066
    ]
  }
}