{
  "scenario": 3,
  "fracPos": 0,
  "fracNeg": 0.25,
  "rho": 0,
  "FDRmethod": "BKY2006",
  "numTests": 2000,
  "numRealizations": 2000,
  "effectSize": 3,
  "CImethod": "Wald",
  "q": 0.05,
  "alpha": 0.05,
  "seed": "shuffle",
  "BothSides": {
    "canonical": [
      0.047826837133211439,
      0.047358077605042265,
      0.048295596661380613
    ],
    "combined": [
      0.042583729686570745,
      0.042093266354158249,
      0.043074193018983242
    ],
    "twotailed": [
      0.046768509353609246,
      0.046258322741861757,
      0.047278695965356735
    ],
    "split2tail": [
      0.04451750172610712,
      0.044057300344319691,
      0.044977703107894548
    ]
  },
  "PosSide": {
    "canonical": [
      0.0335,
      0.02561203406008879,
      0.041387965939911217
    ],
    "combined": [
      0.9975,
      0.99531088714895966,
      0.99968911285104045
    ],
    "twotailed": [
      0.9995,
      0.99852001800773,
      1.00047998199227
    ],
    "split2tail": [
      0.0475,
      0.038175597955035542,
      0.056824402044964459
    ]
  },
  "NegSide": {
    "canonical": [
      0.047743456974810507,
      0.047275401026674428,
      0.048211512922946585
    ],
    "combined": [
      0.022675359654386048,
      0.022326444754989704,
      0.023024274553782392
    ],
    "twotailed": [
      0.024800665017615162,
      0.024437655906724972,
      0.025163674128505353
    ],
    "split2tail": [
      0.044395389457621885,
      0.043936265791001759,
      0.044854513124242011
    ]
  },
  "elapsed": 173.865999959
}