{
  "scenario": 7,
  "fracPos": 0.25,
  "fracNeg": 0,
  "rho_sign": 1,
  "FDRmethod": "BKY2006",
  "numTests": 2000,
  "numRealizations": 2000,
  "effectSize": 3,
  "CImethod": "Wald",
  "q": 0.05,
  "alpha": 0.05,
  "seed": "shuffle",
  "BothSides": {
    "canonical": [
      0.046469436581389696,
      0.045977599398621859,
      0.046961273764157534
    ],
    "combined": [
      0.040862808079718947,
      0.040388064436356154,
      0.04133755172308174
    ],
    "twotailed": [
      0.045140418770123265,
      0.04465000421539999,
      0.045630833324846541
    ],
    "split2tail": [
      0.043097425080427458,
      0.042628560790073766,
      0.04356628937078115
    ],
    "reviewer1": [
      0.020480269209291295,
      0.020134674453435569,
      0.020825863965147021
    ],
    "reviewer2": [
      0.022810515833215098,
      0.022448524494003152,
      0.023172507172427043
    ]
  },
  "PosSide": {
    "canonical": [
      0.046361410733474939,
      0.045869954164323955,
      0.046852867302625924
    ],
    "combined": [
      0.020734186794591512,
      0.020387658085291388,
      0.021080715503891637
    ],
    "twotailed": [
      0.022950108429082006,
      0.022587303564674036,
      0.023312913293489976
    ],
    "split2tail": [
      0.042958482622775879,
      0.042490171555598241,
      0.043426793689953516
    ],
    "reviewer1": [
      0.020388946017772108,
      0.0200437232168372,
      0.020734168818707016
    ],
    "reviewer2": [
      0.022750418365152649,
      0.022388653523647349,
      0.023112183206657949
    ]
  },
  "NegSide": {
    "canonical": [
      0.042,
      0.033206756621173041,
      0.050793243378826965
    ],
    "combined": [
      0.9985,
      0.99680347072523423,
      1.0001965292747659
    ],
    "twotailed": [
      1,
      1,
      1
    ],
    "split2tail": [
      0.053,
      0.043179024711744021,
      0.062820975288255976
    ],
    "reviewer1": [
      0.03,
      0.022521953033424011,
      0.037478046966575987
    ],
    "reviewer2": [
      0.02,
      0.01386280772606021,
      0.026137192273939791
    ]
  },
  "elapsed": 79.891664458333338
}