{
  "scenario": 7,
  "fracPos": 0.25,
  "fracNeg": 0,
  "rho": 0.25,
  "FDRmethod": "BKY2006",
  "numTests": 2000,
  "numRealizations": 2000,
  "effectSize": 3,
  "CImethod": "Wald",
  "q": 0.05,
  "alpha": 0.05,
  "seed": "shuffle",
  "BothSides": {
    "canonical": [
      0.05557809238912411,
      0.051021292946641,
      0.060134891831607223
    ],
    "combined": [
      0.043084313736497876,
      0.040145183509778477,
      0.046023443963217274
    ],
    "twotailed": [
      0.047380372853034078,
      0.044262818778326073,
      0.050497926927742083
    ],
    "split2tail": [
      0.037256006820502861,
      0.034351108424301439,
      0.040160905216704283
    ]
  },
  "PosSide": {
    "canonical": [
      0.051063300578027535,
      0.047098782151281333,
      0.055027819004773736
    ],
    "combined": [
      0.021744733497084164,
      0.019753205531822617,
      0.023736261462345712
    ],
    "twotailed": [
      0.025154345223614118,
      0.022842298610140675,
      0.027466391837087562
    ],
    "split2tail": [
      0.035265987439200189,
      0.032774832838588321,
      0.037757142039812057
    ]
  },
  "NegSide": {
    "canonical": [
      0.031,
      0.023402259968634896,
      0.0385977400313651
    ],
    "combined": [
      0.727,
      0.70747054054269964,
      0.74652945945730032
    ],
    "twotailed": [
      0.766,
      0.74744059677273211,
      0.78455940322726792
    ],
    "split2tail": [
      0.029,
      0.021643854548480244,
      0.036356145451519759
    ]
  },
  "elapsed": 175.831277
}