{
  "scenario": 7,
  "fracPos": 0.25,
  "fracNeg": 0,
  "rho": 0.8,
  "FDRmethod": "BKY2006",
  "numTests": 2000,
  "numRealizations": 2000,
  "effectSize": 3,
  "CImethod": "Wald",
  "q": 0.05,
  "alpha": 0.05,
  "seed": "shuffle",
  "BothSides": {
    "canonical": [
      0.053650818968944552,
      0.045425903117401634,
      0.061875734820487471
    ],
    "combined": [
      0.021798255484052703,
      0.01677848438885406,
      0.026818026579251347
    ],
    "twotailed": [
      0.027763255851853172,
      0.021863181222226111,
      0.033663330481480236
    ],
    "split2tail": [
      0.030277392581417293,
      0.0240084909938726,
      0.036546294168961983
    ]
  },
  "PosSide": {
    "canonical": [
      0.043650256187553853,
      0.036557961310841616,
      0.050742551064266089
    ],
    "combined": [
      0.016799501511403848,
      0.012803852657782219,
      0.020795150365025477
    ],
    "twotailed": [
      0.022784283628264079,
      0.017708190795206646,
      0.027860376461321511
    ],
    "split2tail": [
      0.022807910299327376,
      0.017731943002586764,
      0.027883877596067988
    ]
  },
  "NegSide": {
    "canonical": [
      0.01,
      0.0056382648488015009,
      0.014361735151198499
    ],
    "combined": [
      0.005,
      0.0019080088905387982,
      0.008091991109461202
    ],
    "twotailed": [
      0.0055,
      0.0022579072692343756,
      0.0087420927307656233
    ],
    "split2tail": [
      0.0075,
      0.0037178601507624471,
      0.011282139849237552
    ]
  },
  "elapsed": 198.587631916
}