{
  "scenario": 9,
  "fracPos": 0.25,
  "fracNeg": 0.25,
  "rho": 0.8,
  "FDRmethod": "BKY2006",
  "numTests": 2000,
  "numRealizations": 2000,
  "effectSize": 3,
  "CImethod": "Wilson",
  "q": 0.05,
  "alpha": 0.05,
  "seed": "shuffle",
  "BothSides": {
    "canonical": [
      0.05965771364817507,
      0.050097236786096296,
      0.070906504475996779
    ],
    "combined": [
      0.021961151117307919,
      0.016395613114247625,
      0.029359535271535907
    ],
    "twotailed": [
      0.028766698830357044,
      0.022296012000241717,
      0.037044138698158591
    ],
    "split2tail": [
      0.048740084632270135,
      0.040137790808026236,
      0.059072551644302307
    ]
  },
  "PosSide": {
    "canonical": [
      0.029779598759656974,
      0.023184274272841129,
      0.038177792730047753
    ],
    "combined": [
      0.010644597501770469,
      0.0069926119741957685,
      0.016172817917196505
    ],
    "twotailed": [
      0.014201290558708179,
      0.0098690129440575369,
      0.020396166363700046
    ],
    "split2tail": [
      0.024046798442436831,
      0.01818996634428293,
      0.031728480122689848
    ]
  },
  "NegSide": {
    "canonical": [
      0.030378281489779162,
      0.023710346094867513,
      0.038846790962065517
    ],
    "combined": [
      0.012887190757569122,
      0.0087951769750283341,
      0.018846841113353278
    ],
    "twotailed": [
      0.016266199471083848,
      0.011577865198414515,
      0.022809214878061403
    ],
    "split2tail": [
      0.025507394965142326,
      0.019454332292002659,
      0.033379707155195393
    ]
  },
  "elapsed": 196.26538475
}