{
  "scenario": 5,
  "fracPos": 0.1,
  "fracNeg": 0.4,
  "rho_sign": 0,
  "FDRmethod": "BKY2006",
  "numTests": 20,
  "numRealizations": 100000,
  "effectSize": 3,
  "CImethod": "Wald",
  "q": 0.05,
  "alpha": 0.05,
  "seed": "shuffle",
  "BothSides": {
    "canonical": [
      0.12989380940301576,
      0.12947328074295444,
      0.13031433806307707
    ],
    "combined": [
      0.11668536795230959,
      0.11624626796111269,
      0.11712446794350649
    ],
    "twotailed": [
      0.12835261339314324,
      0.12789436060390011,
      0.12881086618238638
    ],
    "split2tail": [
      0.13487377392705377,
      0.13442620726021007,
      0.13532134059389747
    ]
  },
  "PosSide": {
    "canonical": [
      0.024009166666666661,
      0.023365934961408829,
      0.024652398371924494
    ],
    "combined": [
      0.055716976190476233,
      0.054786564869078326,
      0.056647387511874141
    ],
    "twotailed": [
      0.0802415952380952,
      0.079182660288133588,
      0.0813005301880568
    ],
    "split2tail": [
      0.043732285714285737,
      0.042917901023624264,
      0.044546670404947211
    ]
  },
  "NegSide": {
    "canonical": [
      0.14339926606726666,
      0.14294244705694656,
      0.14385608507758676
    ],
    "combined": [
      0.12617194949494995,
      0.12569855577920064,
      0.12664534321069926
    ],
    "twotailed": [
      0.13323698221223274,
      0.132771318394293,
      0.13370264603017248
    ],
    "split2tail": [
      0.14566000940725995,
      0.14518193313318764,
      0.14613808568133227
    ]
  },
  "elapsed": 29.068846375
}