{
  "scenario": 7,
  "fracPos": 0.25,
  "fracNeg": 0,
  "rho_sign": 1,
  "FDRmethod": "BKY2006",
  "numTests": 20,
  "numRealizations": 20000,
  "effectSize": 3,
  "CImethod": "Wald",
  "q": 0.05,
  "alpha": 0.05,
  "seed": "shuffle",
  "BothSides": {
    "canonical": [
      0.056105261544011055,
      0.0545757051685848,
      0.057634817919437309
    ],
    "combined": [
      0.041395555555555338,
      0.040002626907865733,
      0.042788484203244943
    ],
    "twotailed": [
      0.045777400793650488,
      0.044331738301430404,
      0.047223063285870573
    ],
    "split2tail": [
      0.05260793831168778,
      0.051105295602319495,
      0.054110581021056064
    ]
  },
  "PosSide": {
    "canonical": [
      0.046474090909090417,
      0.045128905034666586,
      0.047819276783514247
    ],
    "combined": [
      0.020790317460317551,
      0.019835128542279791,
      0.02174550637835531
    ],
    "twotailed": [
      0.023209960317460442,
      0.022212827368053564,
      0.024207093266867319
    ],
    "split2tail": [
      0.040610835137084828,
      0.039354936360634932,
      0.041866733913534723
    ]
  },
  "NegSide": {
    "canonical": [
      0.0365,
      0.03390094037628618,
      0.039099059623713815
    ],
    "combined": [
      0.08485,
      0.080987966681753981,
      0.088712033318246009
    ],
    "twotailed": [
      0.0947,
      0.090641970493651386,
      0.098758029506348627
    ],
    "split2tail": [
      0.04615,
      0.043242164424751477,
      0.049057835575248517
    ]
  },
  "elapsed": 5.496287333
}