{
  "fracPos": 0.1,
  "fracNeg": 0.4,
  "rho": 0.8,
  "FDRmethod": "BKY2006",
  "numTests": 1000,
  "numRealizations": 1000,
  "effectSize": 3,
  "CImethod": "Wald",
  "q": 0.05,
  "alpha": 0.05,
  "seed": "shuffle",
  "BothSides": {
    "canonical": [
      0.016379272122380148,
      0.010539185234888079,
      0.022219359009872215
    ],
    "twotailed": [
      0.0333230404946155,
      0.026432012723848708,
      0.040214068265382291
    ],
    "combined": [
      0.023329476477716916,
      0.017908031886172984,
      0.028750921069260849
    ],
    "twice": [
      0.064189226387358661,
      0.054314750441092706,
      0.074063702333624609
    ],
    "sidaktwice": [
      0.03341329435300705,
      0.0262482866858086,
      0.0405783020202055
    ],
    "split1tail": [
      0.10314126995978459,
      0.09029530730038629,
      0.1159872326191829
    ],
    "split2tail": [
      0.046757366765452786,
      0.037914319421300177,
      0.055600414109605395
    ]
  },
  "PosSide": {
    "canonical": [
      0.016379272122380148,
      0.010539185234888079,
      0.022219359009872215
    ],
    "twotailed": [
      0.0082274817498028882,
      0.0042054670624864085,
      0.012249496437119367
    ],
    "combined": [
      0.0074080180999421021,
      0.0035966407020380925,
      0.011219395497846112
    ],
    "twice": [
      0.016379272122380148,
      0.010539185234888079,
      0.022219359009872215
    ],
    "sidaktwice": [
      0.0079220097658836124,
      0.0038990082438358558,
      0.011945011287931368
    ],
    "split1tail": [
      0.036448499997298447,
      0.027254962441330306,
      0.045642037553266589
    ],
    "split2tail": [
      0.01584886592356104,
      0.009853341661410121,
      0.021844390185711958
    ]
  },
  "NegSide": {
    "canonical": [
      0,
      0,
      0
    ],
    "twotailed": [
      0.027712333524755828,
      0.021456344138604574,
      0.033968322910907081
    ],
    "combined": [
      0.01651176915877792,
      0.012534692067250469,
      0.020488846250305372
    ],
    "twice": [
      0.048021983701506087,
      0.039694480483433339,
      0.056349486919578834
    ],
    "sidaktwice": [
      0.025603549032228511,
      0.019546638458493998,
      0.031660459605963025
    ],
    "split1tail": [
      0.071248623465404393,
      0.061246678107702339,
      0.081250568823106439
    ],
    "split2tail": [
      0.031346811398999384,
      0.0245373825671929,
      0.038156240230805868
    ]
  }
}