{
  "scenario": 4,
  "fracPos": 0.25,
  "fracNeg": 0.25,
  "rho": 0,
  "FDRmethod": "BKY2006",
  "numTests": 2000,
  "numRealizations": 2000,
  "effectSize": 3,
  "CImethod": "Wald",
  "q": 0.05,
  "alpha": 0.05,
  "seed": "shuffle",
  "BothSides": {
    "canonical": [
      0.80025550000000023,
      0.7994419514192006,
      0.80106904858079986
    ],
    "combined": [
      0.80030200000000018,
      0.79948877559316356,
      0.8011152244068368
    ],
    "twotailed": [
      0.85281800000000019,
      0.85197268513385527,
      0.85366331486614511
    ],
    "split2tail": [
      0.85273750000000059,
      0.8518919070159704,
      0.85358309298403079
    ],
    "canonicalbb": [
      0.80025550000000023,
      0.7994419514192006,
      0.80106904858079986
    ],
    "split2tailbb": [
      0.85273750000000059,
      0.8518919070159704,
      0.85358309298403079
    ]
  },
  "PosSide": {
    "canonical": [
      0.800590885375833,
      0.7994743478962667,
      0.80170742285539931
    ],
    "combined": [
      0.80074709365399754,
      0.79974076975103514,
      0.80175341755696
    ],
    "twotailed": [
      0.85326949578317923,
      0.85225701317458424,
      0.85428197839177422
    ],
    "split2tail": [
      0.85307246878542486,
      0.85189826367721577,
      0.854246673893634
    ],
    "canonicalbb": [
      0.800590885375833,
      0.7994743478962667,
      0.80170742285539931
    ],
    "split2tailbb": [
      0.85307246878542486,
      0.85189826367721577,
      0.854246673893634
    ]
  },
  "NegSide": {
    "canonical": [
      0.80204603532227614,
      0.80089525582534349,
      0.80319681481920879
    ],
    "combined": [
      0.80198305080355137,
      0.80094174651949479,
      0.80302435508760794
    ],
    "twotailed": [
      0.85463234412905986,
      0.85356994957137977,
      0.85569473868674
    ],
    "split2tail": [
      0.85466813246473861,
      0.85344630676323008,
      0.85588995816624713
    ],
    "canonicalbb": [
      0.80204603532227614,
      0.80089525582534349,
      0.80319681481920879
    ],
    "split2tailbb": [
      0.85466813246473861,
      0.85344630676323008,
      0.85588995816624713
    ]
  },
  "elapsed": 127.84221220833334
}