{
  "fracPos": 0,
  "fracNeg": 0.25,
  "rho": 0.8,
  "FDRmethod": "BKY2006",
  "numTests": 2000,
  "numRealizations": 2000,
  "effectSize": 3,
  "CImethod": "Wald",
  "q": 0.05,
  "alpha": 0.05,
  "seed": "shuffle",
  "BothSides": {
    "canonical": [
      0.009,
      0.00486000538785619,
      0.01313999461214381
    ],
    "twotailed": [
      0.029805804062316671,
      0.02387736477350734,
      0.035734243351126
    ],
    "combined": [
      0.023849343175675473,
      0.018797392758142212,
      0.028901293593208734
    ],
    "twice": [
      0.055694632189347129,
      0.047601197617379062,
      0.0637880667613152
    ],
    "sidaktwice": [
      0.029907433197477556,
      0.023964445765781637,
      0.035850420629173471
    ],
    "split1tail": [
      0.065809481975294418,
      0.05714781806290313,
      0.0744711458876857
    ],
    "split2tail": [
      0.031654238163883845,
      0.025503580067649582,
      0.037804896260118112
    ]
  },
  "PosSide": {
    "canonical": [
      0.009,
      0.00486000538785619,
      0.01313999461214381
    ],
    "twotailed": [
      0.0055,
      0.0022579072692343761,
      0.0087420927307656233
    ],
    "combined": [
      0.0055,
      0.0022579072692343761,
      0.0087420927307656233
    ],
    "twice": [
      0.009,
      0.00486000538785619,
      0.01313999461214381
    ],
    "sidaktwice": [
      0.0055,
      0.0022579072692343761,
      0.0087420927307656233
    ],
    "split1tail": [
      0.0155,
      0.01008478875056738,
      0.02091521124943262
    ],
    "split2tail": [
      0.007,
      0.0033451855087015189,
      0.010654814491298481
    ]
  },
  "NegSide": {
    "canonical": [
      0,
      0,
      0
    ],
    "twotailed": [
      0.024337076433421714,
      0.019310563215770654,
      0.029363589651072775
    ],
    "combined": [
      0.018349343175675468,
      0.014425197785905008,
      0.022273488565445927
    ],
    "twice": [
      0.046693756626440548,
      0.039624318989877519,
      0.053763194263003578
    ],
    "sidaktwice": [
      0.024407370666211934,
      0.0193751048979297,
      0.029439636434494168
    ],
    "split1tail": [
      0.050585768795857411,
      0.043537323570611935,
      0.057634214021102886
    ],
    "split2tail": [
      0.02468078593817934,
      0.019657294064372593,
      0.029704277811986087
    ]
  },
  "elapsed": 262.156312334
}