{
  "scenario": 8,
  "fracPos": 0,
  "fracNeg": 0.25,
  "rho": 0.25,
  "FDRmethod": "BKY2006",
  "numTests": 2000,
  "numRealizations": 2000,
  "effectSize": 3,
  "CImethod": "Wald",
  "q": 0.05,
  "alpha": 0.05,
  "seed": "shuffle",
  "BothSides": {
    "canonical": [
      0.056639177364986394,
      0.052169180976361973,
      0.061109173753610815
    ],
    "combined": [
      0.043276925771114319,
      0.040166224122550449,
      0.046387627419678189
    ],
    "twotailed": [
      0.047439924657406325,
      0.044221980118019588,
      0.050657869196793062
    ],
    "split2tail": [
      0.0379877656969283,
      0.03523600769943426,
      0.040739523694422339
    ]
  },
  "PosSide": {
    "canonical": [
      0.034,
      0.026055442444615669,
      0.041944557555384336
    ],
    "combined": [
      0.7335,
      0.71411836726854172,
      0.75288163273145836
    ],
    "twotailed": [
      0.772,
      0.753608473907594,
      0.790391526092406
    ],
    "split2tail": [
      0.0295,
      0.022082620975595223,
      0.03691737902440477
    ]
  },
  "NegSide": {
    "canonical": [
      0.049467964521377396,
      0.046118472416590783,
      0.052817456626164008
    ],
    "combined": [
      0.021670004105905385,
      0.020034108898262119,
      0.02330589931354865
    ],
    "twotailed": [
      0.02489607606859616,
      0.022984745337131674,
      0.026807406800060645
    ],
    "split2tail": [
      0.03509984454041875,
      0.033007706330288163,
      0.037191982750549336
    ]
  },
  "elapsed": 174.433523708
}