{
  "scenario": 3,
  "fracPos": 0,
  "fracNeg": 0.25,
  "rho": 0,
  "FDRmethod": "BKY2006",
  "numTests": 2000,
  "numRealizations": 2000,
  "effectSize": 3,
  "CImethod": "Wald",
  "q": 0.05,
  "alpha": 0.05,
  "seed": "shuffle",
  "BothSides": {
    "canonical": [
      0.04810052856857034,
      0.047630407891380074,
      0.048570649245760607
    ],
    "combined": [
      0.0424410934057121,
      0.041952208207473571,
      0.042929978603950633
    ],
    "twotailed": [
      0.046656642926793071,
      0.046146452338313229,
      0.047166833515272913
    ],
    "split2tail": [
      0.044948393078775441,
      0.044487309634862,
      0.045409476522688882
    ],
    "canonicalbb": [
      0.02572024883131396,
      0.025266535126588791,
      0.026173962536039128
    ],
    "split2tailbb": [
      0.024117183602153189,
      0.0236427100320666,
      0.024591657172239777
    ]
  },
  "PosSide": {
    "canonical": [
      0.0325,
      0.024726638566837024,
      0.040273361433162978
    ],
    "combined": [
      0.9985,
      0.99680347072523423,
      1.0001965292747659
    ],
    "twotailed": [
      0.9995,
      0.99852001800773,
      1.00047998199227
    ],
    "split2tail": [
      0.043,
      0.034107335848968343,
      0.051892664151031651
    ],
    "canonicalbb": [
      0.0325,
      0.024726638566837024,
      0.040273361433162978
    ],
    "split2tailbb": [
      0.043,
      0.034107335848968343,
      0.051892664151031651
    ]
  },
  "NegSide": {
    "canonical": [
      0.048018945841527168,
      0.047549167676459246,
      0.048488724006595089
    ],
    "combined": [
      0.02247318840217304,
      0.022123360178649496,
      0.022823016625696583
    ],
    "twotailed": [
      0.02471081430703527,
      0.024345822543453549,
      0.025075806070616991
    ],
    "split2tail": [
      0.044837471873543144,
      0.044376852124992212,
      0.045298091622094076
    ],
    "canonicalbb": [
      0.025638666104270791,
      0.025193113879621025,
      0.026084218328920557
    ],
    "split2tailbb": [
      0.024006262396920892,
      0.023541701123954279,
      0.024470823669887506
    ]
  },
  "elapsed": 103.78833391666667
}