{
  "scenario": 2,
  "fracPos": 0.25,
  "fracNeg": 0,
  "rho": 0,
  "FDRmethod": "BKY2006",
  "numTests": 2000,
  "numRealizations": 2000,
  "effectSize": 3,
  "CImethod": "Wald",
  "q": 0.05,
  "alpha": 0.05,
  "seed": "shuffle",
  "BothSides": {
    "canonical": [
      0.046915738423905812,
      0.046443425629836867,
      0.047388051217974757
    ],
    "combined": [
      0.040994016616047527,
      0.040512918152375892,
      0.041475115079719162
    ],
    "twotailed": [
      0.045203282266236246,
      0.044705769868927159,
      0.045700794663545333
    ],
    "split2tail": [
      0.0435052464256782,
      0.043042322462311593,
      0.043968170389044804
    ]
  },
  "PosSide": {
    "canonical": [
      0.046831279134588448,
      0.046359260454639152,
      0.047303297814537744
    ],
    "combined": [
      0.02090155460928507,
      0.020548271276728175,
      0.021254837941841964
    ],
    "twotailed": [
      0.023071144349694209,
      0.022709468706879735,
      0.023432819992508683
    ],
    "split2tail": [
      0.043380695751798246,
      0.042917947885361615,
      0.043843443618234876
    ]
  },
  "NegSide": {
    "canonical": [
      0.033,
      0.0251690959817875,
      0.0408309040182125
    ],
    "combined": [
      0.999,
      0.9976144428682947,
      1.0003855571317053
    ],
    "twotailed": [
      1,
      1,
      1
    ],
    "split2tail": [
      0.0455,
      0.036364436121798183,
      0.054635563878201815
    ]
  },
  "elapsed": 177.267257875
}