{
  "scenario": 15,
  "fracPos": 0.1,
  "fracNeg": 0.4,
  "rho_sign": -1,
  "FDRmethod": "BKY2006",
  "numTests": 2000,
  "numRealizations": 2000,
  "effectSize": 3,
  "CImethod": "Wald",
  "q": 0.05,
  "alpha": 0.05,
  "seed": "shuffle",
  "BothSides": {
    "canonical": [
      0.03729609047349703,
      0.037009890906073005,
      0.037582290040921056
    ],
    "combined": [
      0.032107636999009863,
      0.031829082207699713,
      0.032386191790320012
    ],
    "twotailed": [
      0.043261075135416292,
      0.042942065671077577,
      0.043580084599755008
    ],
    "split2tail": [
      0.04264692801865904,
      0.042332325111134869,
      0.042961530926183211
    ]
  },
  "PosSide": {
    "canonical": [
      0.027283389185967857,
      0.02666003691537569,
      0.027906741456560025
    ],
    "combined": [
      0.074504270021388083,
      0.073644330755249857,
      0.07536420928752631
    ],
    "twotailed": [
      0.099305841181766,
      0.098344032302246975,
      0.10026765006128502
    ],
    "split2tail": [
      0.045245378232108335,
      0.044497384440628826,
      0.045993372023587845
    ]
  },
  "NegSide": {
    "canonical": [
      0.039027591998416045,
      0.038712471564213341,
      0.039342712432618748
    ],
    "combined": [
      0.020839484523808783,
      0.020596406179400131,
      0.021082562868217435
    ],
    "twotailed": [
      0.028070134904498254,
      0.027793524804532281,
      0.028346745004464227
    ],
    "split2tail": [
      0.042049597924591849,
      0.041710582845484234,
      0.042388613003699463
    ]
  },
  "elapsed": 94.896956333333335
}