{
  "scenario": 1,
  "effectSize": 3,
  "fracPos": 0,
  "fracNeg": 0,
  "rho": 0,
  "FDRmethod": "BKY2006",
  "numTests": 2000,
  "numRealizations": 2000,
  "CImethod": "Wald",
  "q": 0.05,
  "alpha": 0.05,
  "seed": "shuffle",
  "BothSides": {
    "canonical": [
      0.0935,
      0.0807376278752354,
      0.1062623721247646
    ],
    "combined": [
      0.0495,
      0.039991317331116515,
      0.05900868266888349
    ],
    "twotailed": [
      0.0495,
      0.039991317331116515,
      0.05900868266888349
    ],
    "split2tail": [
      0.093,
      0.080268287831577675,
      0.10573171216842232
    ],
    "canonicalbb": [
      0.048,
      0.038629111145991754,
      0.057370888854008248
    ],
    "split2tailbb": [
      0.049,
      0.039536974890931019,
      0.058463025109068985
    ]
  },
  "PosSide": {
    "canonical": [
      0.0515,
      0.041811334190051251,
      0.061188665809948743
    ],
    "combined": [
      0.0295,
      0.022082620975595223,
      0.03691737902440477
    ],
    "twotailed": [
      0.0295,
      0.022082620975595223,
      0.03691737902440477
    ],
    "split2tail": [
      0.0515,
      0.041811334190051251,
      0.061188665809948743
    ],
    "canonicalbb": [
      0.0295,
      0.022082620975595223,
      0.03691737902440477
    ],
    "split2tailbb": [
      0.0295,
      0.022082620975595223,
      0.03691737902440477
    ]
  },
  "NegSide": {
    "canonical": [
      0.0445,
      0.035460653273591915,
      0.053539346726408081
    ],
    "combined": [
      0.0225,
      0.015998832792771041,
      0.029001167207228958
    ],
    "twotailed": [
      0.0225,
      0.015998832792771041,
      0.029001167207228958
    ],
    "split2tail": [
      0.044,
      0.03500922812511114,
      0.052990771874888855
    ],
    "canonicalbb": [
      0.021,
      0.014714458657974903,
      0.0272855413420251
    ],
    "split2tailbb": [
      0.022,
      0.015569829898300048,
      0.028430170101699952
    ]
  },
  "elapsed": 95.703061416666671
}