{
  "scenario": 9,
  "fracPos": 0.25,
  "fracNeg": 0.25,
  "rho_sign": 1,
  "FDRmethod": "BKY2006",
  "numTests": 20,
  "numRealizations": 20000,
  "effectSize": 3,
  "CImethod": "Wald",
  "q": 0.05,
  "alpha": 0.05,
  "seed": "shuffle",
  "BothSides": {
    "canonical": [
      0.12435421758796675,
      0.12332344076215172,
      0.12538499441378176
    ],
    "combined": [
      0.11679443487068426,
      0.11582367455934565,
      0.11776519518202287
    ],
    "twotailed": [
      0.12855430332588738,
      0.12753517869181991,
      0.12957342795995486
    ],
    "split2tail": [
      0.13390995396351921,
      0.13284577350810944,
      0.13497413441892897
    ]
  },
  "PosSide": {
    "canonical": [
      0.027719424603174725,
      0.02668886202437229,
      0.02874998718197716
    ],
    "combined": [
      0.02733922619047632,
      0.026315140181010627,
      0.028363312199942012
    ],
    "twotailed": [
      0.039742909451659154,
      0.038533820699780209,
      0.0409519982035381
    ],
    "split2tail": [
      0.039145032467532169,
      0.037942423882573829,
      0.040347641052490509
    ]
  },
  "NegSide": {
    "canonical": [
      0.19072310786436034,
      0.18905640941845689,
      0.19238980631026378
    ],
    "combined": [
      0.18629166847042092,
      0.18467716632593803,
      0.18790617061490381
    ],
    "twotailed": [
      0.19601946511821755,
      0.19445777177739559,
      0.19758115845903951
    ],
    "split2tail": [
      0.19847692099567316,
      0.19684023430786976,
      0.20011360768347655
    ]
  },
  "elapsed": 5.716077875
}