{
  "scenario": 1,
  "effectSize": 3,
  "fracPos": 0,
  "fracNeg": 0,
  "rho": 0,
  "FDRmethod": "BKY2006",
  "numTests": 2000,
  "numRealizations": 2000,
  "CImethod": "Wilson",
  "q": 0.05,
  "alpha": 0.05,
  "seed": "shuffle",
  "BothSides": {
    "canonical": [
      0.0985,
      0.086199808683742579,
      0.11233958028310354
    ],
    "combined": [
      0.054,
      0.044922154875820214,
      0.064787851299057411
    ],
    "twotailed": [
      0.054,
      0.044922154875820214,
      0.064787851299057411
    ],
    "split2tail": [
      0.098,
      0.0857302075571977,
      0.11181109845692967
    ]
  },
  "PosSide": {
    "canonical": [
      0.0495,
      0.040827254610808252,
      0.059900004989600651
    ],
    "combined": [
      0.0275,
      0.021188498165677007,
      0.035623111515107019
    ],
    "twotailed": [
      0.0275,
      0.021188498165677007,
      0.035623111515107019
    ],
    "split2tail": [
      0.0495,
      0.040827254610808252,
      0.059900004989600651
    ]
  },
  "NegSide": {
    "canonical": [
      0.0515,
      0.04264472005033882,
      0.062074871360945062
    ],
    "combined": [
      0.0285,
      0.022062516054529094,
      0.036745259531692429
    ],
    "twotailed": [
      0.0285,
      0.022062516054529094,
      0.036745259531692429
    ],
    "split2tail": [
      0.0515,
      0.04264472005033882,
      0.062074871360945062
    ]
  },
  "elapsed": 209.130804416
}