{
  "scenario": 10,
  "fracPos": 0.1,
  "fracNeg": 0.4,
  "rho_sign": 1,
  "FDRmethod": "BKY2006",
  "numTests": 20,
  "numRealizations": 20000,
  "effectSize": 3,
  "CImethod": "Wald",
  "q": 0.05,
  "alpha": 0.05,
  "seed": "shuffle",
  "BothSides": {
    "canonical": [
      0.13081317844328783,
      0.12982766221665079,
      0.13179869466992486
    ],
    "combined": [
      0.11620963578088508,
      0.1152061294263813,
      0.11721314213538887
    ],
    "twotailed": [
      0.12761854711464954,
      0.126574476301318,
      0.12866261792798109
    ],
    "split2tail": [
      0.13453144642530618,
      0.1335151800580586,
      0.13554771279255376
    ]
  },
  "PosSide": {
    "canonical": [
      0.023624999999999938,
      0.022215703304261432,
      0.025034296695738444
    ],
    "combined": [
      0.05093250000000029,
      0.048969513594575922,
      0.052895486405424658
    ],
    "twotailed": [
      0.073171428571428263,
      0.070915945706397768,
      0.075426911436458757
    ],
    "split2tail": [
      0.041629761904762072,
      0.039868569384368523,
      0.043390954425155621
    ]
  },
  "NegSide": {
    "canonical": [
      0.14391488969363578,
      0.14283745930662656,
      0.144992320080645
    ],
    "combined": [
      0.12626074342324167,
      0.12514725330658602,
      0.12737423353989732
    ],
    "twotailed": [
      0.13353265720390431,
      0.1324360405334789,
      0.13462927387432971
    ],
    "split2tail": [
      0.14530066294815883,
      0.1441967276493242,
      0.14640459824699345
    ]
  },
  "elapsed": 5.758488625
}