{
  "scenario": 7,
  "fracPos": 0.25,
  "fracNeg": 0,
  "rho_sign": 1,
  "FDRmethod": "BKY2006",
  "numTests": 20,
  "numRealizations": 100000,
  "effectSize": 3,
  "CImethod": "Wald",
  "q": 0.05,
  "alpha": 0.05,
  "seed": "shuffle",
  "BothSides": {
    "canonical": [
      0.056364694777444768,
      0.055674635801906069,
      0.057054753752983467
    ],
    "combined": [
      0.040373851370851373,
      0.039760638794931732,
      0.040987063946771013
    ],
    "twotailed": [
      0.044675228354978364,
      0.04403745884402694,
      0.045312997865929787
    ],
    "split2tail": [
      0.052580977633477625,
      0.051907219313967107,
      0.053254735952988144
    ]
  },
  "PosSide": {
    "canonical": [
      0.046564512237762222,
      0.045957272063921653,
      0.047171752411602791
    ],
    "combined": [
      0.020227293650793645,
      0.019808442097081724,
      0.020646145204505566
    ],
    "twotailed": [
      0.022662432539682531,
      0.022221563600658665,
      0.023103301478706397
    ],
    "split2tail": [
      0.0405858326118326,
      0.040022373738760365,
      0.041149291484904836
    ]
  },
  "NegSide": {
    "canonical": [
      0.03715,
      0.035977780372385887,
      0.038322219627614118
    ],
    "combined": [
      0.08299,
      0.081280180835197141,
      0.084699819164802848
    ],
    "twotailed": [
      0.09293,
      0.09113051333433704,
      0.094729486665662957
    ],
    "split2tail": [
      0.04617,
      0.044869334296661852,
      0.047470665703338154
    ]
  },
  "elapsed": 27.730434708
}