{
  "scenario": 8,
  "fracPos": 0,
  "fracNeg": 0.25,
  "rho_sign": 1,
  "FDRmethod": "BKY2006",
  "numTests": 2000,
  "numRealizations": 2000,
  "effectSize": 3,
  "CImethod": "Wald",
  "q": 0.05,
  "alpha": 0.05,
  "seed": "shuffle",
  "BothSides": {
    "canonical": [
      0.048238444201840126,
      0.047747215551267437,
      0.048729672852412816
    ],
    "combined": [
      0.042790495242348257,
      0.042302267402422489,
      0.043278723082274026
    ],
    "twotailed": [
      0.046969587812389663,
      0.046465141178815207,
      0.047474034445964118
    ],
    "split2tail": [
      0.045024649961842141,
      0.0445481694633184,
      0.045501130460365878
    ],
    "reviewer1": [
      0.022669048839090024,
      0.022306280469352534,
      0.023031817208827514
    ],
    "reviewer2": [
      0.024948930181174962,
      0.024575730873822837,
      0.025322129488527086
    ]
  },
  "PosSide": {
    "canonical": [
      0.035,
      0.026943630570867468,
      0.043056369429132539
    ],
    "combined": [
      0.9975,
      0.99531088714895966,
      0.99968911285104045
    ],
    "twotailed": [
      0.999,
      0.9976144428682947,
      1.0003855571317053
    ],
    "split2tail": [
      0.044,
      0.035009228125111147,
      0.052990771874888848
    ],
    "reviewer1": [
      0.0255,
      0.018589607650358445,
      0.032410392349641548
    ],
    "reviewer2": [
      0.0175,
      0.011751864490978836,
      0.023248135509021169
    ]
  },
  "NegSide": {
    "canonical": [
      0.048152282491332368,
      0.047661095178094408,
      0.048643469804570329
    ],
    "combined": [
      0.022925069949879029,
      0.022565545372391409,
      0.023284594527366649
    ],
    "twotailed": [
      0.025090798881867826,
      0.024714940777061913,
      0.02546665698667374
    ],
    "split2tail": [
      0.044909209383434442,
      0.044432733986725717,
      0.045385684780143168
    ],
    "reviewer1": [
      0.022589985835945174,
      0.022227538538330927,
      0.022952433133559422
    ],
    "reviewer2": [
      0.024894829075209238,
      0.024521672826670525,
      0.025267985323747952
    ]
  },
  "elapsed": 81.807094041666673
}