{
  "scenario": 7,
  "fracPos": 0.25,
  "fracNeg": 0,
  "rho": 0.25,
  "FDRmethod": "BKY2006",
  "numTests": 2000,
  "numRealizations": 2000,
  "effectSize": 3,
  "CImethod": "Wald",
  "q": 0.05,
  "alpha": 0.05,
  "seed": "shuffle",
  "BothSides": {
    "canonical": [
      0.80717100000000008,
      0.79236525335509422,
      0.82197674664490594
    ],
    "combined": [
      0.650078,
      0.63787216313153683,
      0.66228383686846326
    ],
    "twotailed": [
      0.66917099999999985,
      0.65618329623273031,
      0.68215870376726939
    ],
    "split2tail": [
      0.79662300000000053,
      0.78620006796861064,
      0.80704593203139041
    ],
    "canonicalbb": [
      0.66722,
      0.65410753290436185,
      0.68033246709563822
    ],
    "split2tailbb": [
      0.65602000000000049,
      0.64556077480610929,
      0.66647922519389169
    ]
  },
  "PosSide": {
    "canonical": [
      0.8060015473406581,
      0.79118655834484664,
      0.82081653633646956
    ],
    "combined": [
      0.644454249578705,
      0.63204558795557175,
      0.65686291120183826
    ],
    "twotailed": [
      0.6629450741303724,
      0.64975617286052789,
      0.67613397540021691
    ],
    "split2tail": [
      0.79663834029815639,
      0.78617386925172339,
      0.80710281134458939
    ],
    "canonicalbb": [
      0.66629895609228407,
      0.65312537322400555,
      0.67947253896056259
    ],
    "split2tailbb": [
      0.65596924684563607,
      0.64548425193822545,
      0.66645424175304668
    ]
  },
  "NegSide": {
    "canonical": [
      null,
      null,
      null
    ],
    "combined": [
      null,
      null,
      null
    ],
    "twotailed": [
      null,
      null,
      null
    ],
    "split2tail": [
      null,
      null,
      null
    ],
    "canonicalbb": [
      null,
      null,
      null
    ],
    "split2tailbb": [
      null,
      null,
      null
    ]
  },
  "elapsed": 105.52268670833334
}