{
  "scenario": 3,
  "fracPos": 0,
  "fracNeg": 0.25,
  "rho_sign": 0,
  "FDRmethod": "BKY2006",
  "numTests": 2000,
  "numRealizations": 2000,
  "effectSize": 3,
  "CImethod": "Wald",
  "q": 0.05,
  "alpha": 0.05,
  "seed": "shuffle",
  "BothSides": {
    "canonical": [
      0.048786770123442035,
      0.048318503448358252,
      0.049255036798525817
    ],
    "combined": [
      0.042653541627157378,
      0.042179425152169707,
      0.043127658102145049
    ],
    "twotailed": [
      0.0469588772836974,
      0.046465343285598336,
      0.047452411281796468
    ],
    "split2tail": [
      0.045481272746255977,
      0.045022473694265909,
      0.045940071798246045
    ]
  },
  "PosSide": {
    "canonical": [
      0.0315,
      0.023843209164965976,
      0.039156790835034025
    ],
    "combined": [
      0.999,
      0.9976144428682947,
      1.0003855571317053
    ],
    "twotailed": [
      0.9995,
      0.99852001800773,
      1.00047998199227
    ],
    "split2tail": [
      0.0465,
      0.037269430021679151,
      0.055730569978320849
    ]
  },
  "NegSide": {
    "canonical": [
      0.048706112018301939,
      0.048237244827560491,
      0.049174979209043387
    ],
    "combined": [
      0.022909403293885765,
      0.022570690608443241,
      0.023248115979328288
    ],
    "twotailed": [
      0.02509784324370895,
      0.024746170925141794,
      0.025449515562276107
    ],
    "split2tail": [
      0.04535852819693819,
      0.044898926376058072,
      0.045818130017818308
    ]
  },
  "elapsed": 81.079158625
}