{
  "scenario": 5,
  "fracPos": 0.1,
  "fracNeg": 0.4,
  "rho": 0,
  "FDRmethod": "BKY2006",
  "numTests": 2000,
  "numRealizations": 2000,
  "effectSize": 3,
  "CImethod": "Wald",
  "q": 0.05,
  "alpha": 0.05,
  "seed": "shuffle",
  "BothSides": {
    "canonical": [
      0.037271768579346554,
      0.036980588334401411,
      0.037562948824291696
    ],
    "combined": [
      0.031846254874154441,
      0.031575889423160926,
      0.032116620325147956
    ],
    "twotailed": [
      0.042996419363526654,
      0.042684261327956288,
      0.04330857739909702
    ],
    "split2tail": [
      0.042561728588234371,
      0.0422504615121728,
      0.042872995664295942
    ],
    "canonicalbb": [
      0.037271768579346554,
      0.036980588334401411,
      0.037562948824291696
    ],
    "split2tailbb": [
      0.042561728588234371,
      0.0422504615121728,
      0.042872995664295942
    ]
  },
  "PosSide": {
    "canonical": [
      0.026603285848983162,
      0.025994664725415426,
      0.0272119069725509
    ],
    "combined": [
      0.073595621618681037,
      0.072718256741657217,
      0.074472986495704857
    ],
    "twotailed": [
      0.0987348002171247,
      0.097766006720055323,
      0.099703593714194086
    ],
    "split2tail": [
      0.044577234473885084,
      0.04381896037816839,
      0.045335508569601779
    ],
    "canonicalbb": [
      0.026603285848983162,
      0.025994664725415426,
      0.0272119069725509
    ],
    "split2tailbb": [
      0.044577234473885084,
      0.04381896037816839,
      0.045335508569601779
    ]
  },
  "NegSide": {
    "canonical": [
      0.039100694621990152,
      0.038776546992386911,
      0.039424842251593394
    ],
    "combined": [
      0.020760086832409073,
      0.020519481296103193,
      0.021000692368714952
    ],
    "twotailed": [
      0.0278813730306699,
      0.0276056318512321,
      0.028157114210107703
    ],
    "split2tail": [
      0.042070265442846207,
      0.041729433324806678,
      0.042411097560885735
    ],
    "canonicalbb": [
      0.039100694621990152,
      0.038776546992386911,
      0.039424842251593394
    ],
    "split2tailbb": [
      0.042070265442846207,
      0.041729433324806678,
      0.042411097560885735
    ]
  },
  "elapsed": 126.00600491666667
}