{
  "scenario": 3,
  "fracPos": 0,
  "fracNeg": 0.25,
  "rho": 0,
  "FDRmethod": "BKY2006",
  "numTests": 2000,
  "numRealizations": 2000,
  "effectSize": 3,
  "CImethod": "Wald",
  "q": 0.05,
  "alpha": 0.05,
  "seed": "shuffle",
  "BothSides": {
    "canonical": [
      0.048397687627549278,
      0.047926611542666128,
      0.048868763712432428
    ],
    "combined": [
      0.042437487409312739,
      0.041965355142541697,
      0.042909619676083782
    ],
    "twotailed": [
      0.046714838066827948,
      0.046223485002197237,
      0.047206191131458658
    ],
    "split2tail": [
      0.045211449316850574,
      0.044747406764725391,
      0.045675491868975758
    ]
  },
  "PosSide": {
    "canonical": [
      0.0435,
      0.034558120570750722,
      0.052441879429249272
    ],
    "combined": [
      0.9975,
      0.99531088714895966,
      0.99968911285104045
    ],
    "twotailed": [
      0.999,
      0.9976144428682947,
      1.0003855571317053
    ],
    "split2tail": [
      0.0545,
      0.044548908680850458,
      0.064451091319149542
    ]
  },
  "NegSide": {
    "canonical": [
      0.048282208913620464,
      0.047812187430556617,
      0.048752230396684311
    ],
    "combined": [
      0.022740700304975346,
      0.022398421924300135,
      0.023082978685650558
    ],
    "twotailed": [
      0.024996356168963937,
      0.024637917350584987,
      0.025354794987342888
    ],
    "split2tail": [
      0.045060145330967791,
      0.044597501968369577,
      0.045522788693566005
    ]
  },
  "elapsed": 168.429232625
}