{
  "scenario": 10,
  "fracPos": 0.1,
  "fracNeg": 0.4,
  "rho": 0.25,
  "FDRmethod": "BKY2006",
  "numTests": 2000,
  "numRealizations": 2000,
  "effectSize": 3,
  "CImethod": "Wald",
  "q": 0.05,
  "alpha": 0.05,
  "seed": "shuffle",
  "BothSides": {
    "canonical": [
      0.050355492417441049,
      0.047385084515133062,
      0.053325900319749035
    ],
    "combined": [
      0.031868133221854084,
      0.030360463564086643,
      0.033375802879621524
    ],
    "twotailed": [
      0.042923756767428246,
      0.041120340588218486,
      0.044727172946638007
    ],
    "split2tail": [
      0.04379175052705795,
      0.041454601181624945,
      0.046128899872490955
    ],
    "canonicalbb": [
      0.050355492417441049,
      0.047385084515133062,
      0.053325900319749035
    ],
    "split2tailbb": [
      0.04379175052705795,
      0.041454601181624945,
      0.046128899872490955
    ]
  },
  "PosSide": {
    "canonical": [
      0.024903654580597703,
      0.022598697393912175,
      0.027208611767283231
    ],
    "combined": [
      0.045208910196597132,
      0.043001264847656852,
      0.047416555545537413
    ],
    "twotailed": [
      0.061447213373893653,
      0.0588612148390959,
      0.0640332119086914
    ],
    "split2tail": [
      0.031447843182863186,
      0.029101604514009023,
      0.033794081851717353
    ],
    "canonicalbb": [
      0.024903654580597703,
      0.022598697393912175,
      0.027208611767283231
    ],
    "split2tailbb": [
      0.031447843182863186,
      0.029101604514009023,
      0.033794081851717353
    ]
  },
  "NegSide": {
    "canonical": [
      0.043360693433478273,
      0.040654927967595927,
      0.046066458899360618
    ],
    "combined": [
      0.019911008441491983,
      0.018586228048822706,
      0.021235788834161259
    ],
    "twotailed": [
      0.028215305295151913,
      0.026400059038156943,
      0.030030551552146883
    ],
    "split2tail": [
      0.037462741249492469,
      0.035426100570165195,
      0.039499381928819743
    ],
    "canonicalbb": [
      0.043360693433478273,
      0.040654927967595927,
      0.046066458899360618
    ],
    "split2tailbb": [
      0.037462741249492469,
      0.035426100570165195,
      0.039499381928819743
    ]
  },
  "elapsed": 177.018266125
}