{
  "fracPos": 0.25,
  "fracNeg": 0.25,
  "rho": 0,
  "FDRmethod": "BKY2006",
  "numTests": 1000,
  "numRealizations": 1000,
  "effectSize": 3,
  "CImethod": "Wald",
  "q": 0.05,
  "alpha": 0.05,
  "seed": "shuffle",
  "BothSides": {
    "canonical": [
      0.030824908188520204,
      0.030072495321220243,
      0.031577321055820166
    ],
    "twotailed": [
      0.043747718697316473,
      0.043127547272354037,
      0.044367890122278909
    ],
    "combined": [
      0.032531258137958784,
      0.031996508277967545,
      0.033066007997950023
    ],
    "twice": [
      0.03263352794069347,
      0.032099716389053817,
      0.033167339492333123
    ],
    "sidaktwice": [
      0.016983095660644976,
      0.016558886784074588,
      0.017407304537215364
    ],
    "split1tail": [
      0.097982707996805626,
      0.0970869759621233,
      0.098878440031487949
    ],
    "split2tail": [
      0.043752476748067634,
      0.04313157369669645,
      0.044373379799438818
    ]
  },
  "PosSide": {
    "canonical": [
      0.030824908188520204,
      0.030072495321220243,
      0.031577321055820166
    ],
    "twotailed": [
      0.041974895940751676,
      0.041144538640414209,
      0.042805253241089143
    ],
    "combined": [
      0.030772277935485953,
      0.030029851475586376,
      0.031514704395385534
    ],
    "twice": [
      0.030824908188520204,
      0.030072495321220243,
      0.031577321055820166
    ],
    "sidaktwice": [
      0.015062402039505266,
      0.014464204546036955,
      0.015660599532973576
    ],
    "split1tail": [
      0.096091471152188218,
      0.094835505048963487,
      0.09734743725541295
    ],
    "split2tail": [
      0.041844825349876359,
      0.04097993195995718,
      0.042709718739795538
    ]
  },
  "NegSide": {
    "canonical": [
      0,
      0,
      0
    ],
    "twotailed": [
      0.045370870768314177,
      0.044501939319863626,
      0.046239802216764728
    ],
    "combined": [
      0.034159433992100814,
      0.033411733442056078,
      0.03490713454214555
    ],
    "twice": [
      0.034218155205452939,
      0.0334526677451689,
      0.034983642665736982
    ],
    "sidaktwice": [
      0.018761233555446215,
      0.01816903549784403,
      0.0193534316130484
    ],
    "split1tail": [
      0.099260014191977788,
      0.0979790835392618,
      0.10054094484469378
    ],
    "split2tail": [
      0.0453515429636488,
      0.044474399275581562,
      0.04622868665171604
    ]
  },
  "elapsed": 37.225375667
}