{
  "scenario": 2,
  "fracPos": 0.25,
  "fracNeg": 0,
  "rho": 0,
  "FDRmethod": "BKY2006",
  "numTests": 2000,
  "numRealizations": 2000,
  "effectSize": 3,
  "CImethod": "Wald",
  "q": 0.05,
  "alpha": 0.05,
  "seed": "shuffle",
  "BothSides": {
    "canonical": [
      0.81516599999999984,
      0.81402507930820656,
      0.81630692069179311
    ],
    "combined": [
      0.68320599999999987,
      0.68195290202016068,
      0.68445909797983906
    ],
    "twotailed": [
      0.70284499999999994,
      0.70153748437970465,
      0.70415251562029524
    ],
    "split2tail": [
      0.80112099999999986,
      0.79991040935037128,
      0.80233159064962845
    ],
    "canonicalbb": [
      0.69380799999999987,
      0.69180386963593932,
      0.69581213036406042
    ],
    "split2tailbb": [
      0.67857999999999974,
      0.67635412742171719,
      0.68080587257828229
    ]
  },
  "PosSide": {
    "canonical": [
      0.81618537617649911,
      0.81504637097978994,
      0.81732438137320829
    ],
    "combined": [
      0.67015914184811742,
      0.66895933687488407,
      0.67135894682135078
    ],
    "twotailed": [
      0.68788659582777711,
      0.68664655673997932,
      0.68912663491557491
    ],
    "split2tail": [
      0.80208453180921035,
      0.8008749917969562,
      0.80329407182146451
    ],
    "canonicalbb": [
      0.69466084112138982,
      0.69266723121358986,
      0.69665445102918977
    ],
    "split2tailbb": [
      0.67937499225487386,
      0.67716212855148683,
      0.68158785595826088
    ]
  },
  "NegSide": {
    "canonical": [
      null,
      null,
      null
    ],
    "combined": [
      null,
      null,
      null
    ],
    "twotailed": [
      null,
      null,
      null
    ],
    "split2tail": [
      null,
      null,
      null
    ],
    "canonicalbb": [
      null,
      null,
      null
    ],
    "split2tailbb": [
      null,
      null,
      null
    ]
  },
  "elapsed": 103.85501925
}