{
  "scenario": 2,
  "fracPos": 0.25,
  "fracNeg": 0,
  "rho": 0,
  "FDRmethod": "BKY2006",
  "numTests": 2000,
  "numRealizations": 2000,
  "effectSize": 3,
  "CImethod": "Wald",
  "q": 0.05,
  "alpha": 0.05,
  "seed": "shuffle",
  "BothSides": {
    "canonical": [
      0.046861769679206695,
      0.046390031847192849,
      0.047333507511220542
    ],
    "combined": [
      0.0408122121302253,
      0.040323114251220364,
      0.041301310009230242
    ],
    "twotailed": [
      0.044924866529891007,
      0.044419003758519073,
      0.045430729301262941
    ],
    "split2tail": [
      0.043443526433824882,
      0.04297985587017393,
      0.043907196997475834
    ]
  },
  "PosSide": {
    "canonical": [
      0.046785891448555071,
      0.046314342682989472,
      0.04725744021412067
    ],
    "combined": [
      0.020724669251959649,
      0.020373161308569691,
      0.021076177195349606
    ],
    "twotailed": [
      0.022877876888680621,
      0.022518448570275192,
      0.023237305207086049
    ],
    "split2tail": [
      0.043336851431265172,
      0.0428735070871575,
      0.043800195775372842
    ]
  },
  "NegSide": {
    "canonical": [
      0.0315,
      0.023843209164965972,
      0.039156790835034032
    ],
    "combined": [
      1,
      1,
      1
    ],
    "twotailed": [
      1,
      1,
      1
    ],
    "split2tail": [
      0.0435,
      0.034558120570750708,
      0.052441879429249286
    ]
  },
  "elapsed": 168.406872792
}