{
  "fracPos": 0,
  "fracNeg": 0.25,
  "rho": 0,
  "FDRmethod": "BKY2006",
  "numTests": 1000,
  "numRealizations": 1000,
  "effectSize": 2,
  "CImethod": "Wald",
  "q": 0.05,
  "alpha": 0.05,
  "seed": "shuffle",
  "BothSides": {
    "canonical": [
      0.044,
      0.031281946976585442,
      0.056718053023414552
    ],
    "twotailed": [
      0.043197382789915591,
      0.04098874355263666,
      0.045406022027194522
    ],
    "combined": [
      0.042414036223349189,
      0.04021957036559258,
      0.0446085020811058
    ],
    "twice": [
      0.043798165687976731,
      0.0421519082583635,
      0.045444423117589963
    ],
    "split1tail": [
      0.075900541708503785,
      0.074164661297577567,
      0.07763642211943
    ],
    "split2tail": [
      0.036719280996300972,
      0.035099107694333193,
      0.038339454298268752
    ]
  },
  "PosSide": {
    "canonical": [
      0.044,
      0.031281946976585442,
      0.056718053023414552
    ],
    "twotailed": [
      0.507,
      0.47599778054231245,
      0.53800221945768756
    ],
    "combined": [
      0.494,
      0.46299697433707082,
      0.52500302566292922
    ],
    "twice": [
      0.044,
      0.031281946976585442,
      0.056718053023414552
    ],
    "split1tail": [
      0.097,
      0.07864750606601334,
      0.11535249393398667
    ],
    "split2tail": [
      0.05,
      0.036485121312830812,
      0.0635148786871692
    ]
  },
  "NegSide": {
    "canonical": [
      0,
      0,
      0
    ],
    "twotailed": [
      0.023826603379633198,
      0.022154865648710682,
      0.025498341110555715
    ],
    "combined": [
      0.023378235810649087,
      0.021721343912655872,
      0.025035127708642302
    ],
    "twice": [
      0.043071345743084646,
      0.04142644851300227,
      0.044716242973167022
    ],
    "split1tail": [
      0.074773382844245992,
      0.073046374045680137,
      0.076500391642811846
    ],
    "split2tail": [
      0.035713180067713644,
      0.034110360676597506,
      0.037315999458829782
    ]
  }
}