{
  "fracPos": 0.1,
  "fracNeg": 0.4,
  "rho": 0,
  "FDRmethod": "BKY2006",
  "numTests": 1000,
  "numRealizations": 1000,
  "effectSize": 3,
  "CImethod": "Wald",
  "q": 0.05,
  "alpha": 0.05,
  "seed": "shuffle",
  "BothSides": {
    "canonical": [
      0.026426948945755955,
      0.025173599165917434,
      0.027680298725594476
    ],
    "twotailed": [
      0.044070090230151376,
      0.043432973517049112,
      0.044707206943253641
    ],
    "combined": [
      0.032755227211141623,
      0.032200729045006905,
      0.03330972537727634
    ],
    "twice": [
      0.037922994963601651,
      0.0373560609175624,
      0.038489929009640905
    ],
    "sidaktwice": [
      0.018890593093023662,
      0.018450926147876689,
      0.019330260038170635
    ],
    "split1tail": [
      0.10176126386867559,
      0.1007475374818922,
      0.10277499025545898
    ],
    "split2tail": [
      0.043407044733064663,
      0.042781423106220746,
      0.04403266635990858
    ]
  },
  "PosSide": {
    "canonical": [
      0.026426948945755955,
      0.025173599165917434,
      0.027680298725594476
    ],
    "twotailed": [
      0.099716505470214017,
      0.097767353411469887,
      0.10166565752895815
    ],
    "combined": [
      0.074214091035913643,
      0.072471568976117867,
      0.075956613095709419
    ],
    "twice": [
      0.026426948945755955,
      0.025173599165917434,
      0.027680298725594476
    ],
    "sidaktwice": [
      0.012568889259995128,
      0.011623266346452901,
      0.013514512173537354
    ],
    "split1tail": [
      0.095786884160138475,
      0.093688480389622478,
      0.097885287930654472
    ],
    "split2tail": [
      0.045441388830978556,
      0.043896964547374469,
      0.046985813114582643
    ]
  },
  "NegSide": {
    "canonical": [
      0,
      0,
      0
    ],
    "twotailed": [
      0.028867004185677923,
      0.028309132125175145,
      0.0294248762461807
    ],
    "combined": [
      0.021646740980676361,
      0.021147437724792217,
      0.022146044236560504
    ],
    "twice": [
      0.03984694722542418,
      0.039209179057059514,
      0.040484715393788846
    ],
    "sidaktwice": [
      0.019860612052192424,
      0.019374100400359275,
      0.020347123704025572
    ],
    "split1tail": [
      0.10267555620111776,
      0.10155492005562253,
      0.103796192346613
    ],
    "split2tail": [
      0.042814134279182813,
      0.042133691258087108,
      0.043494577300278517
    ]
  },
  "elapsed": 34.154862917
}