{
  "scenario": 6,
  "effectSize": 3,
  "fracPos": 0,
  "fracNeg": 0,
  "rho_sign": 1,
  "FDRmethod": "BKY2006",
  "numTests": 2000,
  "numRealizations": 2000,
  "CImethod": "Wald",
  "q": 0.05,
  "alpha": 0.05,
  "seed": "shuffle",
  "BothSides": {
    "canonical": [
      0.096,
      0.083085977887152079,
      0.10891402211284792
    ],
    "combined": [
      0.05,
      0.040445928243149229,
      0.059554071756850777
    ],
    "twotailed": [
      0.05,
      0.040445928243149229,
      0.059554071756850777
    ],
    "split2tail": [
      0.094,
      0.081207078952903064,
      0.10679292104709694
    ],
    "reviewer1": [
      0.0475,
      0.038175597955035528,
      0.056824402044964473
    ],
    "reviewer2": [
      0.048,
      0.038629111145991747,
      0.057370888854008255
    ]
  },
  "PosSide": {
    "canonical": [
      0.0525,
      0.042722879787699515,
      0.062277120212300481
    ],
    "combined": [
      0.0285,
      0.021205667996929266,
      0.035794332003070736
    ],
    "twotailed": [
      0.0285,
      0.021205667996929266,
      0.035794332003070736
    ],
    "split2tail": [
      0.0515,
      0.041811334190051251,
      0.061188665809948743
    ],
    "reviewer1": [
      0.026,
      0.019023977922222136,
      0.032976022077777861
    ],
    "reviewer2": [
      0.026,
      0.019023977922222136,
      0.032976022077777861
    ]
  },
  "NegSide": {
    "canonical": [
      0.0475,
      0.038175597955035535,
      0.056824402044964466
    ],
    "combined": [
      0.0255,
      0.018589607650358438,
      0.032410392349641562
    ],
    "twotailed": [
      0.0255,
      0.018589607650358438,
      0.032410392349641562
    ],
    "split2tail": [
      0.0465,
      0.037269430021679158,
      0.055730569978320842
    ],
    "reviewer1": [
      0.0225,
      0.015998832792771051,
      0.029001167207228947
    ],
    "reviewer2": [
      0.023,
      0.016428675800816528,
      0.029571324199183471
    ]
  },
  "elapsed": 94.82389325
}