{
  "fracPos": 0.1,
  "fracNeg": 0.4,
  "rho": 0,
  "FDRmethod": "BKY2006",
  "numTests": 2000,
  "numRealizations": 2000,
  "effectSize": 3,
  "CImethod": "Wald",
  "q": 0.05,
  "alpha": 0.05,
  "seed": "shuffle",
  "BothSides": {
    "canonical": [
      0.026556920405344443,
      0.025910635023433808,
      0.027203205787255078
    ],
    "twotailed": [
      0.042928223585386761,
      0.042607130263170007,
      0.043249316907603516
    ],
    "combined": [
      0.03173854129433188,
      0.031464535934149995,
      0.032012546654513765
    ],
    "twice": [
      0.037175131432263468,
      0.036885621300626642,
      0.037464641563900294
    ],
    "sidaktwice": [
      0.018168266699081684,
      0.017956008923217942,
      0.018380524474945426
    ],
    "split1tail": [
      0.10025622924777663,
      0.0997511784840754,
      0.10076128001147787
    ],
    "split2tail": [
      0.042601881912789533,
      0.042285672417507685,
      0.042918091408071381
    ]
  },
  "PosSide": {
    "canonical": [
      0.026556920405344443,
      0.025910635023433808,
      0.027203205787255078
    ],
    "twotailed": [
      0.098464413082228169,
      0.0974916422871283,
      0.099437183877328042
    ],
    "combined": [
      0.073422958996160678,
      0.072553542901250268,
      0.074292375091071089
    ],
    "twice": [
      0.026556920405344443,
      0.025910635023433808,
      0.027203205787255078
    ],
    "sidaktwice": [
      0.012843617651047964,
      0.012354669934028215,
      0.013332565368067713
    ],
    "split1tail": [
      0.094254167122735641,
      0.093214971078202119,
      0.095293363167269163
    ],
    "split2tail": [
      0.044599857832673437,
      0.0438261289872134,
      0.045373586678133473
    ]
  },
  "NegSide": {
    "canonical": [
      0,
      0,
      0
    ],
    "twotailed": [
      0.027860264462225483,
      0.027583107378547345,
      0.02813742154590362
    ],
    "combined": [
      0.020647719230446528,
      0.020409578560474088,
      0.020885859900418968
    ],
    "twice": [
      0.038993762925133069,
      0.038669865578080463,
      0.039317660272185674
    ],
    "sidaktwice": [
      0.019007497805820426,
      0.018774503883356958,
      0.019240491728283893
    ],
    "split1tail": [
      0.10134907711483604,
      0.10078345619458545,
      0.10191469803508663
    ],
    "split2tail": [
      0.042105037261533626,
      0.041759274720625766,
      0.042450799802441486
    ]
  },
  "elapsed": 267.8541735
}