{
  "effectSize": 3,
  "fracPos": 0,
  "fracNeg": 0,
  "rho": 0,
  "FDRmethod": "BKY2006",
  "numTests": 1000,
  "numRealizations": 1000,
  "CImethod": "Wald",
  "q": 0.05,
  "alpha": 0.05,
  "seed": "shuffle",
  "BothSides": {
    "canonical": [
      0.049,
      0.035613912934974672,
      0.062386087065025332
    ],
    "twotailed": [
      0.052,
      0.038231989535990545,
      0.065768010464009458
    ],
    "combined": [
      0.052,
      0.038231989535990545,
      0.065768010464009458
    ],
    "twice": [
      0.099,
      0.080479814184794912,
      0.1175201858152051
    ],
    "sidaktwice": [
      0.052,
      0.038231989535990545,
      0.065768010464009458
    ],
    "split1tail": [
      0.199,
      0.17424242273177734,
      0.22375757726822268
    ],
    "split2tail": [
      0.1,
      0.081396845126868789,
      0.11860315487313122
    ]
  },
  "PosSide": {
    "canonical": [
      0.049,
      0.035613912934974672,
      0.062386087065025332
    ],
    "twotailed": [
      0.021,
      0.012108677966570289,
      0.029891322033429715
    ],
    "combined": [
      0.021,
      0.012108677966570289,
      0.029891322033429715
    ],
    "twice": [
      0.049,
      0.035613912934974672,
      0.062386087065025332
    ],
    "sidaktwice": [
      0.02,
      0.011318527725872114,
      0.028681472274127887
    ],
    "split1tail": [
      0.105,
      0.0859904641000928,
      0.12400953589990719
    ],
    "split2tail": [
      0.05,
      0.036485121312830812,
      0.0635148786871692
    ]
  },
  "NegSide": {
    "canonical": [
      0,
      0,
      0
    ],
    "twotailed": [
      0.035,
      0.02360372223856582,
      0.046396277761434186
    ],
    "combined": [
      0.035,
      0.02360372223856582,
      0.046396277761434186
    ],
    "twice": [
      0.054,
      0.039984525840619872,
      0.068015474159380127
    ],
    "sidaktwice": [
      0.032,
      0.021086149141096369,
      0.042913850858903632
    ],
    "split1tail": [
      0.106,
      0.086910830293479416,
      0.12508916970652059
    ],
    "split2tail": [
      0.054,
      0.039984525840619872,
      0.068015474159380127
    ]
  }
}