{
  "scenario": 4,
  "fracPos": 0.25,
  "fracNeg": 0.25,
  "rho_sign": 0,
  "FDRmethod": "BKY2006",
  "numTests": 2000,
  "numRealizations": 2000,
  "effectSize": 3,
  "CImethod": "Wald",
  "q": 0.05,
  "alpha": 0.05,
  "seed": "shuffle",
  "BothSides": {
    "canonical": [
      0.031883637101734676,
      0.0316073586032832,
      0.032159915600186148
    ],
    "combined": [
      0.0318265224260906,
      0.031548949647129954,
      0.032104095205051253
    ],
    "twotailed": [
      0.042967367249473386,
      0.042644732404518569,
      0.0432900020944282
    ],
    "split2tail": [
      0.042983886096650978,
      0.042659122283271206,
      0.04330864991003075
    ]
  },
  "PosSide": {
    "canonical": [
      0.031000106049729147,
      0.030617008407661187,
      0.031383203691797111
    ],
    "combined": [
      0.030991093665926169,
      0.030614581071035363,
      0.031367606260816978
    ],
    "twotailed": [
      0.042300802460401868,
      0.041873477806495668,
      0.042728127114308068
    ],
    "split2tail": [
      0.04229797020045048,
      0.041854148105296106,
      0.042741792295604854
    ]
  },
  "NegSide": {
    "canonical": [
      0.032653081130816816,
      0.032258609553091011,
      0.033047552708542621
    ],
    "combined": [
      0.03259834363979347,
      0.032211402931213551,
      0.032985284348373389
    ],
    "twotailed": [
      0.043554262550003442,
      0.043111221940255372,
      0.043997303159751512
    ],
    "split2tail": [
      0.043501672004061888,
      0.043046646074401528,
      0.043956697933722248
    ]
  },
  "elapsed": 93.554778666666664
}