{
  "fracPos": 0.25,
  "fracNeg": 0,
  "rho": 0.8,
  "FDRmethod": "BKY2006",
  "numTests": 1000,
  "numRealizations": 1000,
  "effectSize": 3,
  "CImethod": "Wald",
  "q": 0.05,
  "alpha": 0.05,
  "seed": "shuffle",
  "BothSides": {
    "canonical": [
      0.044147095537933376,
      0.034191830944201626,
      0.054102360131665125
    ],
    "twotailed": [
      0.027585432514377027,
      0.019463854702946211,
      0.035707010325807843
    ],
    "combined": [
      0.020516737965980254,
      0.014081408086148276,
      0.026952067845812232
    ],
    "twice": [
      0.052147095537933383,
      0.0408817734152136,
      0.063412417660653156
    ],
    "sidaktwice": [
      0.028009779745601818,
      0.01978834812842695,
      0.036231211362776683
    ],
    "split1tail": [
      0.059515553366421378,
      0.047908968363678112,
      0.071122138369164645
    ],
    "split2tail": [
      0.029600095273624297,
      0.021044475993970514,
      0.038155714553278083
    ]
  },
  "PosSide": {
    "canonical": [
      0.044147095537933376,
      0.034191830944201626,
      0.054102360131665125
    ],
    "twotailed": [
      0.025588164754814183,
      0.017926651821267205,
      0.033249677688361158
    ],
    "combined": [
      0.018516737965980253,
      0.012683809577543195,
      0.02434966635441731
    ],
    "twice": [
      0.044147095537933376,
      0.034191830944201626,
      0.054102360131665125
    ],
    "sidaktwice": [
      0.02600977974560182,
      0.018243392370759538,
      0.0337761671204441
    ],
    "split1tail": [
      0.048724768223521286,
      0.03880146385660016,
      0.058648072590442413
    ],
    "split2tail": [
      0.025604089947392609,
      0.017942734628384228,
      0.033265445266400989
    ]
  },
  "NegSide": {
    "canonical": [
      0,
      0,
      0
    ],
    "twotailed": [
      0.002,
      -0.00077042001024007481,
      0.0047704200102400753
    ],
    "combined": [
      0.002,
      -0.00077042001024007481,
      0.0047704200102400753
    ],
    "twice": [
      0.008,
      0.00247584092059586,
      0.01352415907940414
    ],
    "sidaktwice": [
      0.002,
      -0.00077042001024007481,
      0.0047704200102400753
    ],
    "split1tail": [
      0.011,
      0.0045321515498656434,
      0.017467848450134354
    ],
    "split2tail": [
      0.004,
      8.5962234050532618E-5,
      0.0079140377659494675
    ]
  },
  "elapsed": 37.265105208
}