{
  "scenario": 10,
  "fracPos": 0.1,
  "fracNeg": 0.4,
  "rho_sign": 1,
  "FDRmethod": "BKY2006",
  "numTests": 20,
  "numRealizations": 100000,
  "effectSize": 3,
  "CImethod": "Wald",
  "q": 0.05,
  "alpha": 0.05,
  "seed": "shuffle",
  "BothSides": {
    "canonical": [
      0.13097568268251397,
      0.13053463616783431,
      0.13141672919719363
    ],
    "combined": [
      0.11639025283050326,
      0.11594760973815836,
      0.11683289592284817
    ],
    "twotailed": [
      0.12801941324731389,
      0.12755640767498885,
      0.12848241881963893
    ],
    "split2tail": [
      0.13432076605339147,
      0.13386494465022142,
      0.13477658745656151
    ]
  },
  "PosSide": {
    "canonical": [
      0.024132476190476187,
      0.023502637800087097,
      0.024762314580865277
    ],
    "combined": [
      0.051699976190476227,
      0.050812166584776712,
      0.052587785796175741
    ],
    "twotailed": [
      0.0743001111111111,
      0.073282885256209254,
      0.075317336966012935
    ],
    "split2tail": [
      0.041598039682539695,
      0.040812186726774176,
      0.042383892638305214
    ]
  },
  "NegSide": {
    "canonical": [
      0.14388315833186477,
      0.14340144430448673,
      0.14436487235924281
    ],
    "combined": [
      0.12625044419469467,
      0.12575924547346606,
      0.12674164291592327
    ],
    "twotailed": [
      0.1335231322517357,
      0.13303681940992904,
      0.13400944509354237
    ],
    "split2tail": [
      0.14484965526140584,
      0.14435659403464138,
      0.14534271648817029
    ]
  },
  "elapsed": 29.481258167
}