{
  "scenario": 4,
  "fracPos": 0.25,
  "fracNeg": 0.25,
  "rho_sign": 0,
  "FDRmethod": "BKY2006",
  "numTests": 20,
  "numRealizations": 20000,
  "effectSize": 3,
  "CImethod": "Wald",
  "q": 0.05,
  "alpha": 0.05,
  "seed": "shuffle",
  "BothSides": {
    "canonical": [
      0.1213998527861022,
      0.12039490250358519,
      0.12240480306861921
    ],
    "combined": [
      0.11616970265845221,
      0.11517796228988661,
      0.11716144302701781
    ],
    "twotailed": [
      0.12798887649931706,
      0.12695379010133542,
      0.1290239628972987
    ],
    "split2tail": [
      0.13364472132442648,
      0.13257809333682039,
      0.13471134931203257
    ]
  },
  "PosSide": {
    "canonical": [
      0.027323154761904878,
      0.026282975271977854,
      0.028363334251831903
    ],
    "combined": [
      0.027761190476190582,
      0.0267140465941488,
      0.028808334358232362
    ],
    "twotailed": [
      0.04109638888888853,
      0.039871499996302621,
      0.042321277781474438
    ],
    "split2tail": [
      0.04067537698412664,
      0.039444755181188125,
      0.041905998787065156
    ]
  },
  "NegSide": {
    "canonical": [
      0.1901764484127012,
      0.18855054599811805,
      0.19180235082728436
    ],
    "combined": [
      0.18688714285714569,
      0.18528003915655511,
      0.18849424655773628
    ],
    "twotailed": [
      0.19599596320346604,
      0.194454069261709,
      0.19753785714522309
    ],
    "split2tail": [
      0.19956652236652508,
      0.19793804744295154,
      0.20119499729009863
    ]
  },
  "elapsed": 5.782773167
}