{
  "effectSize": 3,
  "fracPos": 0,
  "fracNeg": 0,
  "rho": 0,
  "FDRmethod": "BKY2006",
  "numTests": 2000,
  "numRealizations": 2000,
  "CImethod": "Wald",
  "q": 0.05,
  "alpha": 0.05,
  "seed": "shuffle",
  "BothSides": {
    "canonical": [
      0.0495,
      0.039991317331116522,
      0.059008682668883483
    ],
    "twotailed": [
      0.048,
      0.038629111145991754,
      0.057370888854008248
    ],
    "combined": [
      0.048,
      0.038629111145991754,
      0.057370888854008248
    ],
    "twice": [
      0.103,
      0.089675327981763572,
      0.11632467201823642
    ],
    "sidaktwice": [
      0.0475,
      0.038175597955035542,
      0.056824402044964459
    ],
    "split1tail": [
      0.1935,
      0.17618253316832047,
      0.21081746683167954
    ],
    "split2tail": [
      0.1025,
      0.089204004627724043,
      0.11579599537227594
    ]
  },
  "PosSide": {
    "canonical": [
      0.0495,
      0.039991317331116522,
      0.059008682668883483
    ],
    "twotailed": [
      0.0225,
      0.015998832792771034,
      0.029001167207228964
    ],
    "combined": [
      0.0225,
      0.015998832792771034,
      0.029001167207228964
    ],
    "twice": [
      0.0495,
      0.039991317331116522,
      0.059008682668883483
    ],
    "sidaktwice": [
      0.0215,
      0.015141695259574688,
      0.027858304740425308
    ],
    "split1tail": [
      0.105,
      0.091561590802545015,
      0.11843840919745498
    ],
    "split2tail": [
      0.05,
      0.040445928243149222,
      0.059554071756850784
    ]
  },
  "NegSide": {
    "canonical": [
      0,
      0,
      0
    ],
    "twotailed": [
      0.027,
      0.019894739645756943,
      0.034105260354243057
    ],
    "combined": [
      0.027,
      0.019894739645756943,
      0.034105260354243057
    ],
    "twice": [
      0.0555,
      0.045463341055439567,
      0.065536658944560428
    ],
    "sidaktwice": [
      0.026,
      0.019023977922222136,
      0.032976022077777861
    ],
    "split1tail": [
      0.099,
      0.085907527006019932,
      0.11209247299398008
    ],
    "split2tail": [
      0.0545,
      0.044548908680850464,
      0.064451091319149528
    ]
  },
  "elapsed": 261.982055042
}