{
  "scenario": 8,
  "fracPos": 0,
  "fracNeg": 0.25,
  "rho_sign": 1,
  "FDRmethod": "BKY2006",
  "numTests": 20,
  "numRealizations": 20000,
  "effectSize": 3,
  "CImethod": "Wald",
  "q": 0.05,
  "alpha": 0.05,
  "seed": "shuffle",
  "BothSides": {
    "canonical": [
      0.20984988716349418,
      0.20803387226309783,
      0.21166590206389052
    ],
    "combined": [
      0.19483113275613639,
      0.19266453296535224,
      0.19699773254692055
    ],
    "twotailed": [
      0.19930656204906577,
      0.19715659058579427,
      0.20145653351233728
    ],
    "split2tail": [
      0.20708813575313961,
      0.20522561846162146,
      0.20895065304465776
    ]
  },
  "PosSide": {
    "canonical": [
      0.0336,
      0.031102577327071806,
      0.036097422672928189
    ],
    "combined": [
      0.09265,
      0.08863159149417,
      0.096668408505829986
    ],
    "twotailed": [
      0.10665,
      0.10237205495190894,
      0.11092794504809105
    ],
    "split2tail": [
      0.0459,
      0.042999671157271893,
      0.048800328842728113
    ]
  },
  "NegSide": {
    "canonical": [
      0.20378919271904947,
      0.20201518517968148,
      0.20556320025841746
    ],
    "combined": [
      0.17908393939394213,
      0.17701291434813302,
      0.18115496443975124
    ],
    "twotailed": [
      0.18175599567099843,
      0.17971427364102904,
      0.18379771770096781
    ],
    "split2tail": [
      0.19906246114996456,
      0.19725962932391791,
      0.20086529297601122
    ]
  },
  "elapsed": 5.541167667
}