{
  "fracPos": 0.25,
  "fracNeg": 0,
  "rho": 0.8,
  "FDRmethod": "BKY2006",
  "numTests": 1000,
  "numRealizations": 1000,
  "effectSize": 3,
  "CImethod": "Wald",
  "q": 0.05,
  "alpha": 0.05,
  "seed": "shuffle",
  "BothSides": {
    "canonical": [
      0.042140774640220216,
      0.032525711650601918,
      0.051755837629838514
    ],
    "twotailed": [
      0.027821759844160077,
      0.019479337817557573,
      0.036164181870762577
    ],
    "combined": [
      0.022892054227081852,
      0.015533477674845555,
      0.030250630779318149
    ],
    "twice": [
      0.05414077464022022,
      0.0425584474246279,
      0.065723101855812538
    ],
    "sidaktwice": [
      0.027935818473850876,
      0.01957413845598065,
      0.036297498491721106
    ],
    "split1tail": [
      0.0617731953838303,
      0.049604120504781662,
      0.073942270262878931
    ],
    "split2tail": [
      0.030849980452154944,
      0.021878446675325593,
      0.039821514228984292
    ]
  },
  "PosSide": {
    "canonical": [
      0.042139773639219218,
      0.032524993977863965,
      0.05175455330057447
    ],
    "twotailed": [
      0.021850381661030129,
      0.014930559087048864,
      0.028770204235011393
    ],
    "combined": [
      0.016893427853455479,
      0.011236123334890836,
      0.02255073237202012
    ],
    "twice": [
      0.042139773639219218,
      0.032524993977863965,
      0.05175455330057447
    ],
    "sidaktwice": [
      0.021935818473850878,
      0.015007868009252027,
      0.028863768938449729
    ],
    "split1tail": [
      0.04510736703273404,
      0.035511266620357924,
      0.054703467445110156
    ],
    "split2tail": [
      0.021876516344951292,
      0.014955272015665577,
      0.028797760674237005
    ]
  },
  "NegSide": {
    "canonical": [
      0.004,
      8.5962234050531751E-5,
      0.00791403776594947
    ],
    "twotailed": [
      0.006,
      0.0012111176877667787,
      0.010788882312233222
    ],
    "combined": [
      0.006,
      0.0012111176877667787,
      0.010788882312233222
    ],
    "twice": [
      0.012,
      0.0052479687720025066,
      0.018752031227997495
    ],
    "sidaktwice": [
      0.006,
      0.0012111176877667787,
      0.010788882312233222
    ],
    "split1tail": [
      0.017,
      0.0089838365018015225,
      0.02501616349819848
    ],
    "split2tail": [
      0.009,
      0.0031436984803324668,
      0.014856301519667532
    ]
  }
}