{
  "scenario": 3,
  "fracPos": 0,
  "fracNeg": 0.25,
  "rho": 0,
  "FDRmethod": "BKY2006",
  "numTests": 2000,
  "numRealizations": 2000,
  "effectSize": 3,
  "CImethod": "Wald",
  "q": 0.05,
  "alpha": 0.05,
  "seed": "shuffle",
  "BothSides": {
    "canonical": [
      0.81648000000000009,
      0.815317593180554,
      0.81764240681944622
    ],
    "combined": [
      0.68384499999999948,
      0.68253747997053227,
      0.68515252002946669
    ],
    "twotailed": [
      0.70333300000000032,
      0.70198101055026318,
      0.70468498944973745
    ],
    "split2tail": [
      0.80243099999999967,
      0.80119058528467524,
      0.80367141471532411
    ],
    "canonicalbb": [
      0.81648000000000009,
      0.815317593180554,
      0.81764240681944622
    ],
    "split2tailbb": [
      0.80243099999999967,
      0.80119058528467524,
      0.80367141471532411
    ]
  },
  "PosSide": {
    "canonical": [
      null,
      null,
      null
    ],
    "combined": [
      null,
      null,
      null
    ],
    "twotailed": [
      null,
      null,
      null
    ],
    "split2tail": [
      null,
      null,
      null
    ],
    "canonicalbb": [
      null,
      null,
      null
    ],
    "split2tailbb": [
      null,
      null,
      null
    ]
  },
  "NegSide": {
    "canonical": [
      0.81750050698263177,
      0.81633860148798931,
      0.81866241247727423
    ],
    "combined": [
      0.67091406062418979,
      0.66966559673149051,
      0.67216252451688907
    ],
    "twotailed": [
      0.6885895230481297,
      0.68730950179729267,
      0.68986954429896674
    ],
    "split2tail": [
      0.80340620249249894,
      0.80216581249248542,
      0.80464659249251247
    ],
    "canonicalbb": [
      0.81750050698263177,
      0.81633860148798931,
      0.81866241247727423
    ],
    "split2tailbb": [
      0.80340620249249894,
      0.80216581249248542,
      0.80464659249251247
    ]
  },
  "elapsed": 143.534116875
}