{
  "scenario": 8,
  "fracPos": 0,
  "fracNeg": 0.25,
  "rho_sign": -1,
  "FDRmethod": "BKY2006",
  "numTests": 20,
  "numRealizations": 100000,
  "effectSize": 3,
  "CImethod": "Wald",
  "q": 0.05,
  "alpha": 0.05,
  "seed": "shuffle",
  "BothSides": {
    "canonical": [
      0.208762024891774,
      0.208019469688468,
      0.20950458009508002
    ],
    "combined": [
      0.19795243362193327,
      0.19702620017836114,
      0.19887866706550539
    ],
    "twotailed": [
      0.202198641414141,
      0.20128044239913409,
      0.20311684042914793
    ],
    "split2tail": [
      0.21013165034964953,
      0.20932577664345131,
      0.21093752405584776
    ]
  },
  "PosSide": {
    "canonical": [
      0.03525,
      0.03410702372225688,
      0.036392976277743114
    ],
    "combined": [
      0.10903,
      0.10709823270527091,
      0.11096176729472909
    ],
    "twotailed": [
      0.12693,
      0.12486672585872211,
      0.12899327414127787
    ],
    "split2tail": [
      0.05368,
      0.052283067165370789,
      0.055076932834629208
    ]
  },
  "NegSide": {
    "canonical": [
      0.20415688492063408,
      0.20342951645370122,
      0.20488425338756694
    ],
    "combined": [
      0.18230829365079332,
      0.18142562950401353,
      0.18319095779757311
    ],
    "twotailed": [
      0.1843445912698409,
      0.18347755104965921,
      0.18521163149002259
    ],
    "split2tail": [
      0.20234253066377991,
      0.20156000191749207,
      0.20312505941006775
    ]
  },
  "elapsed": 28.51215675
}