{
  "fracPos": 0,
  "fracNeg": 0.25,
  "rho": 0.8,
  "FDRmethod": "BKY2006",
  "numTests": 1000,
  "numRealizations": 1000,
  "effectSize": 3,
  "CImethod": "Wald",
  "q": 0.05,
  "alpha": 0.05,
  "seed": "shuffle",
  "BothSides": {
    "canonical": [
      0.011,
      0.0045321515498656408,
      0.017467848450134358
    ],
    "twotailed": [
      0.034104233036239578,
      0.025200429129881203,
      0.043008036942597958
    ],
    "combined": [
      0.027694017814015186,
      0.020089325938218185,
      0.035298709689812191
    ],
    "twice": [
      0.058957178712538867,
      0.046959164759183727,
      0.070955192665894
    ],
    "sidaktwice": [
      0.034195448496831461,
      0.025275388402310604,
      0.043115508591352318
    ],
    "split1tail": [
      0.066618196113944136,
      0.054187088101175979,
      0.0790493041267123
    ],
    "split2tail": [
      0.034185499944685949,
      0.025330421023076425,
      0.043040578866295476
    ]
  },
  "PosSide": {
    "canonical": [
      0.011,
      0.0045321515498656408,
      0.017467848450134358
    ],
    "twotailed": [
      0.005,
      0.00062617009693171494,
      0.0093738299030682853
    ],
    "combined": [
      0.005,
      0.00062617009693171494,
      0.0093738299030682853
    ],
    "twice": [
      0.011,
      0.0045321515498656408,
      0.017467848450134358
    ],
    "sidaktwice": [
      0.005,
      0.00062617009693171494,
      0.0093738299030682853
    ],
    "split1tail": [
      0.015,
      0.0074624693404139481,
      0.022537530659586053
    ],
    "split2tail": [
      0.005,
      0.00062617009693171494,
      0.0093738299030682853
    ]
  },
  "NegSide": {
    "canonical": [
      0,
      0,
      0
    ],
    "twotailed": [
      0.029133771544054995,
      0.021292453183141352,
      0.036975089904968637
    ],
    "combined": [
      0.022696907987425602,
      0.016404428736543429,
      0.028989387238307775
    ],
    "twice": [
      0.047956177210034333,
      0.0376522513532549,
      0.058260103066813763
    ],
    "sidaktwice": [
      0.029195448496831457,
      0.021349447104134847,
      0.037041449889528066
    ],
    "split1tail": [
      0.051859265262590257,
      0.0415928613539217,
      0.062125669171258814
    ],
    "split2tail": [
      0.029200141769770233,
      0.02142110243754625,
      0.036979181101994218
    ]
  }
}