{
  "effectSize": 2,
  "fracPos": 0,
  "fracNeg": 0,
  "rho": 0,
  "FDRmethod": "BKY2006",
  "numTests": 1000,
  "numRealizations": 1000,
  "CImethod": "Wald",
  "q": 0.05,
  "alpha": 0.05,
  "seed": "shuffle",
  "BothSides": {
    "canonical": [
      0.036,
      0.024448054953917216,
      0.047551945046082775
    ],
    "twotailed": [
      0.045,
      0.032144964225483713,
      0.057855035774516284
    ],
    "combined": [
      0.045,
      0.032144964225483713,
      0.057855035774516284
    ],
    "twice": [
      0.081,
      0.064081353666814916,
      0.097918646333185089
    ],
    "split1tail": [
      0.174,
      0.15049122525448252,
      0.19750877474551745
    ],
    "split2tail": [
      0.082,
      0.064986502026335949,
      0.099013497973664058
    ]
  },
  "PosSide": {
    "canonical": [
      0.036,
      0.024448054953917216,
      0.047551945046082775
    ],
    "twotailed": [
      0.02,
      0.011318527725872111,
      0.02868147227412789
    ],
    "combined": [
      0.02,
      0.011318527725872111,
      0.02868147227412789
    ],
    "twice": [
      0.036,
      0.024448054953917216,
      0.047551945046082775
    ],
    "split1tail": [
      0.086,
      0.068614480582183682,
      0.1033855194178163
    ],
    "split2tail": [
      0.038,
      0.026143822808894893,
      0.049856177191105105
    ]
  },
  "NegSide": {
    "canonical": [
      0,
      0,
      0
    ],
    "twotailed": [
      0.025,
      0.015318611254450019,
      0.034681388745549983
    ],
    "combined": [
      0.025,
      0.015318611254450019,
      0.034681388745549983
    ],
    "twice": [
      0.045,
      0.032144964225483713,
      0.057855035774516284
    ],
    "split1tail": [
      0.096,
      0.077732244988278229,
      0.11426775501172177
    ],
    "split2tail": [
      0.044,
      0.031281946976585422,
      0.056718053023414573
    ]
  }
}