{
  "scenario": 7,
  "fracPos": 0.25,
  "fracNeg": 0,
  "rho": 0.8,
  "FDRmethod": "BKY2006",
  "numTests": 2000,
  "numRealizations": 2000,
  "effectSize": 3,
  "CImethod": "Wilson",
  "q": 0.05,
  "alpha": 0.05,
  "seed": "shuffle",
  "BothSides": {
    "canonical": [
      0.060567590992513694,
      0.050932025116209589,
      0.071887982278782264
    ],
    "combined": [
      0.025017553395053255,
      0.019029630304228162,
      0.032826604101692115
    ],
    "twotailed": [
      0.031904596775306361,
      0.025054925553141389,
      0.040548990037709134
    ],
    "split2tail": [
      0.032437994083230406,
      0.025525912171067502,
      0.041142752939913145
    ]
  },
  "PosSide": {
    "canonical": [
      0.050066840304262769,
      0.041341941638702445,
      0.060516825250903614
    ],
    "combined": [
      0.019518587218249457,
      0.014313018135308782,
      0.026566367473321785
    ],
    "twotailed": [
      0.026424395526447687,
      0.020251128117246619,
      0.03441339658569624
    ],
    "split2tail": [
      0.026457238541791626,
      0.020279706857337428,
      0.034450377953066755
    ]
  },
  "NegSide": {
    "canonical": [
      0.0105,
      0.0068778873808734466,
      0.015998901907473179
    ],
    "combined": [
      0.0055,
      0.0030738970095438183,
      0.0098220627516153354
    ],
    "twotailed": [
      0.0055,
      0.0030738970095438183,
      0.0098220627516153354
    ],
    "split2tail": [
      0.006,
      0.0034355943769362341,
      0.010458448336941666
    ]
  },
  "elapsed": 194.912706583
}