{
  "scenario": 3,
  "fracPos": 0,
  "fracNeg": 0.25,
  "rho": 0,
  "FDRmethod": "BKY2006",
  "numTests": 2000,
  "numRealizations": 2000,
  "effectSize": 3,
  "CImethod": "Wilson",
  "q": 0.05,
  "alpha": 0.05,
  "seed": "shuffle",
  "BothSides": {
    "canonical": [
      0.048767707846206126,
      0.040162842233013411,
      0.059102640737172772
    ],
    "combined": [
      0.042657328103982886,
      0.034642706189199304,
      0.05242544507028489
    ],
    "twotailed": [
      0.04697610436367422,
      0.038539778250081341,
      0.057149366932211565
    ],
    "split2tail": [
      0.045405631410774548,
      0.0371200422064734,
      0.055434178411829432
    ]
  },
  "PosSide": {
    "canonical": [
      0.039,
      0.031361432549396918,
      0.048406085043918294
    ],
    "combined": [
      0.9985,
      0.99559896744422938,
      0.99948973641636152
    ],
    "twotailed": [
      1,
      0.99808295271874714,
      1
    ],
    "split2tail": [
      0.0535,
      0.044466187536515982,
      0.0642457356856429
    ]
  },
  "NegSide": {
    "canonical": [
      0.048673874612888419,
      0.040077748461903144,
      0.059000427807137261
    ],
    "combined": [
      0.022888162052951938,
      0.017191455162772633,
      0.030414160846711207
    ],
    "twotailed": [
      0.025181189078372166,
      0.019171431931915287,
      0.033011446445959172
    ],
    "split2tail": [
      0.045268206436595418,
      0.036995945648981531,
      0.055283951921309311
    ]
  },
  "elapsed": 174.286465458
}