{
  "fracPos": 0.25,
  "fracNeg": 0,
  "rho": 0.8,
  "FDRmethod": "BKY2006",
  "numTests": 1000,
  "numRealizations": 1000,
  "effectSize": 2,
  "CImethod": "Wald",
  "q": 0.05,
  "alpha": 0.05,
  "seed": "shuffle",
  "BothSides": {
    "canonical": [
      0.044518405466659319,
      0.03439923475230397,
      0.054637576181014669
    ],
    "twotailed": [
      0.029193372846763876,
      0.0206453464939624,
      0.037741399199565352
    ],
    "combined": [
      0.022035347418659375,
      0.015100117285463857,
      0.028970577551854892
    ],
    "twice": [
      0.050518405466659325,
      0.039415398304244641,
      0.061621412629074009
    ],
    "split1tail": [
      0.051114000716293115,
      0.0400163982208077,
      0.062211603211778529
    ],
    "split2tail": [
      0.029190891767606454,
      0.020646872318210469,
      0.03773491121700244
    ]
  },
  "PosSide": {
    "canonical": [
      0.044518155216409068,
      0.034399051578564335,
      0.0546372588542538
    ],
    "twotailed": [
      0.027246683134327633,
      0.019110299567334975,
      0.035383066701320291
    ],
    "combined": [
      0.020035347418659373,
      0.013653313418160054,
      0.026417381419158691
    ],
    "twice": [
      0.044518155216409068,
      0.034399051578564335,
      0.0546372588542538
    ],
    "split1tail": [
      0.044645492241638732,
      0.034526586521370271,
      0.054764397961907192
    ],
    "split2tail": [
      0.027253868249842071,
      0.019117469837915665,
      0.035390266661768477
    ]
  },
  "NegSide": {
    "canonical": [
      0.001,
      -0.0009599639845400609,
      0.0029599639845400609
    ],
    "twotailed": [
      0.002,
      -0.00077042001024007134,
      0.0047704200102400719
    ],
    "combined": [
      0.002,
      -0.00077042001024007134,
      0.0047704200102400719
    ],
    "twice": [
      0.006,
      0.001211117687766783,
      0.010788882312233218
    ],
    "split1tail": [
      0.007,
      0.0018300184747316144,
      0.012169981525268386
    ],
    "split2tail": [
      0.002,
      -0.00077042001024007134,
      0.0047704200102400719
    ]
  }
}