{
  "scenario": 2,
  "fracPos": 0.25,
  "fracNeg": 0,
  "rho_sign": 0,
  "FDRmethod": "BKY2006",
  "numTests": 20,
  "numRealizations": 100000,
  "effectSize": 3,
  "CImethod": "Wald",
  "q": 0.05,
  "alpha": 0.05,
  "seed": "shuffle",
  "BothSides": {
    "canonical": [
      0.0546582168109668,
      0.054005774200557868,
      0.055310659421375738
    ],
    "combined": [
      0.040453670634920634,
      0.039854003494167928,
      0.04105333777567334
    ],
    "twotailed": [
      0.0444087886002886,
      0.043788124331437486,
      0.045029452869139716
    ],
    "split2tail": [
      0.054243713564213557,
      0.053579637496867574,
      0.054907789631559539
    ]
  },
  "PosSide": {
    "canonical": [
      0.0463681176046176,
      0.045774090348034577,
      0.046962144861200622
    ],
    "combined": [
      0.020671932539682535,
      0.020241470073203656,
      0.021102395006161415
    ],
    "twotailed": [
      0.022845720418470411,
      0.022398934355279652,
      0.02329250648166117
    ],
    "split2tail": [
      0.04284076479076479,
      0.042265778643506245,
      0.043415750938023336
    ]
  },
  "NegSide": {
    "canonical": [
      0.03743,
      0.036253542244360247,
      0.038606457755639749
    ],
    "combined": [
      0.08995,
      0.088176694858151369,
      0.091723305141848635
    ],
    "twotailed": [
      0.10052,
      0.098656316080127385,
      0.10238368391987261
    ],
    "split2tail": [
      0.04938,
      0.048037144510510825,
      0.050722855489489176
    ]
  },
  "elapsed": 27.513103
}