{
  "scenario": 10,
  "fracPos": 0.1,
  "fracNeg": 0.4,
  "rho": 0.25,
  "FDRmethod": "BKY2006",
  "numTests": 2000,
  "numRealizations": 2000,
  "effectSize": 3,
  "CImethod": "Wald",
  "q": 0.05,
  "alpha": 0.05,
  "seed": "shuffle",
  "BothSides": {
    "canonical": [
      0.8266914999999998,
      0.82104751857357727,
      0.83233548142642233
    ],
    "combined": [
      0.791244,
      0.78560206199973115,
      0.79688593800026875
    ],
    "twotailed": [
      0.84137249999999952,
      0.83563503642744574,
      0.8471099635725533
    ],
    "split2tail": [
      0.86428249999999984,
      0.85976409786026653,
      0.86880090213973316
    ],
    "canonicalbb": [
      0.82586249999999972,
      0.82033656225971241,
      0.831388437740287
    ],
    "split2tailbb": [
      0.86428249999999984,
      0.85976409786026653,
      0.86880090213973316
    ]
  },
  "PosSide": {
    "canonical": [
      0.616579408154886,
      0.60314969133900842,
      0.63000912497076356
    ],
    "combined": [
      0.82661973162021352,
      0.81833464438650827,
      0.83490481885391876
    ],
    "twotailed": [
      0.89018689964907249,
      0.882234341206988,
      0.898139458091157
    ],
    "split2tail": [
      0.72951933917258793,
      0.718865176233266,
      0.74017350211190991
    ],
    "canonicalbb": [
      0.616579408154886,
      0.60314969133900842,
      0.63000912497076356
    ],
    "split2tailbb": [
      0.72951933917258793,
      0.718865176233266,
      0.74017350211190991
    ]
  },
  "NegSide": {
    "canonical": [
      0.87986439211515988,
      0.86975858191059285,
      0.8899702023197269
    ],
    "combined": [
      0.78313124958050728,
      0.7741782007063901,
      0.79208429845462447
    ],
    "twotailed": [
      0.82998645874286925,
      0.82099139135585342,
      0.83898152612988508
    ],
    "split2tail": [
      0.89878447558687857,
      0.89076233247097725,
      0.9068066187027799
    ],
    "canonicalbb": [
      0.8788281421151598,
      0.86885538729316547,
      0.88880089693715414
    ],
    "split2tailbb": [
      0.89878447558687857,
      0.89076233247097725,
      0.9068066187027799
    ]
  },
  "elapsed": 126.21657170833333
}