{
  "scenario": 9,
  "fracPos": 0.25,
  "fracNeg": 0.25,
  "rho": 0.25,
  "FDRmethod": "BKY2006",
  "numTests": 2000,
  "numRealizations": 2000,
  "effectSize": 3,
  "CImethod": "Wald",
  "q": 0.05,
  "alpha": 0.05,
  "seed": "shuffle",
  "BothSides": {
    "canonical": [
      0.046827408675120544,
      0.044240748627693068,
      0.04941406872254802
    ],
    "combined": [
      0.031741047177785336,
      0.03033013262587831,
      0.033151961729692363
    ],
    "twotailed": [
      0.04254335771907429,
      0.04088092757697373,
      0.04420578786117485
    ],
    "split2tail": [
      0.0446517818816031,
      0.042543763309323038,
      0.046759800453883157
    ]
  },
  "PosSide": {
    "canonical": [
      0.030181384191200217,
      0.027967961310518,
      0.032394807071882435
    ],
    "combined": [
      0.023139279043417029,
      0.021690772713926356,
      0.024587785372907702
    ],
    "twotailed": [
      0.0322982416030359,
      0.030453802037757494,
      0.0341426811683143
    ],
    "split2tail": [
      0.032768717069989774,
      0.030779988259624445,
      0.0347574458803551
    ]
  },
  "NegSide": {
    "canonical": [
      0.03518012805165717,
      0.03278698286384079,
      0.037573273239473549
    ],
    "combined": [
      0.027184519325409572,
      0.025601051311834759,
      0.028767987338984384
    ],
    "twotailed": [
      0.037133830985970631,
      0.035130694885552267,
      0.039136967086388995
    ],
    "split2tail": [
      0.037690607198716433,
      0.035514912317112471,
      0.039866302080320395
    ]
  },
  "elapsed": 194.039757459
}