{
  "fracPos": 0,
  "fracNeg": 0.25,
  "rho": 0.8,
  "FDRmethod": "BKY2006",
  "numTests": 1000,
  "numRealizations": 1000,
  "effectSize": 2,
  "CImethod": "Wald",
  "q": 0.05,
  "alpha": 0.05,
  "seed": "shuffle",
  "BothSides": {
    "canonical": [
      0.012,
      0.0052479687720024979,
      0.0187520312279975
    ],
    "twotailed": [
      0.029161565783727576,
      0.020765996920352942,
      0.037557134647102211
    ],
    "combined": [
      0.023523708723371672,
      0.016356984090440736,
      0.030690433356302609
    ],
    "twice": [
      0.057049450906900119,
      0.045159712982645386,
      0.068939188831154852
    ],
    "split1tail": [
      0.057246427167402116,
      0.045507237548426865,
      0.068985616786377366
    ],
    "split2tail": [
      0.03020881931723839,
      0.021608271535538636,
      0.038809367098938147
    ]
  },
  "PosSide": {
    "canonical": [
      0.012,
      0.0052479687720024979,
      0.0187520312279975
    ],
    "twotailed": [
      0.005,
      0.00062617009693171927,
      0.00937382990306828
    ],
    "combined": [
      0.005,
      0.00062617009693171927,
      0.00937382990306828
    ],
    "twice": [
      0.012,
      0.0052479687720024979,
      0.0187520312279975
    ],
    "split1tail": [
      0.013,
      0.0059758205300866618,
      0.020024179469913337
    ],
    "split2tail": [
      0.006,
      0.0012111176877667718,
      0.010788882312233228
    ]
  },
  "NegSide": {
    "canonical": [
      0,
      0,
      0
    ],
    "twotailed": [
      0.024194764760921847,
      0.016946887902498022,
      0.031442641619345672
    ],
    "combined": [
      0.018523708723371671,
      0.012784035659608017,
      0.024263381787135326
    ],
    "twice": [
      0.045049200656649871,
      0.0350525973406101,
      0.055045803972689641
    ],
    "split1tail": [
      0.045283478562267339,
      0.035287760501417485,
      0.055279196623117192
    ],
    "split2tail": [
      0.024259028207459614,
      0.017011510131425572,
      0.031506546283493655
    ]
  }
}