{
  "scenario": 8,
  "fracPos": 0,
  "fracNeg": 0.25,
  "rho": 0.25,
  "FDRmethod": "BKY2006",
  "numTests": 2000,
  "numRealizations": 2000,
  "effectSize": 3,
  "CImethod": "Wald",
  "q": 0.05,
  "alpha": 0.05,
  "seed": "shuffle",
  "BothSides": {
    "canonical": [
      0.054984015158328028,
      0.050639027863185096,
      0.059329002453470961
    ],
    "combined": [
      0.043512607236071615,
      0.040473647724918516,
      0.046551566747224715
    ],
    "twotailed": [
      0.047538288771603175,
      0.044354327210504106,
      0.050722250332702244
    ],
    "split2tail": [
      0.038554005535183677,
      0.03557862868953382,
      0.041529382380833535
    ],
    "canonicalbb": [
      0.030641103539601065,
      0.027253055046736228,
      0.0340291520324659
    ],
    "split2tailbb": [
      0.02075156828451569,
      0.018347432881371625,
      0.023155703687659755
    ]
  },
  "PosSide": {
    "canonical": [
      0.027,
      0.019894739645756939,
      0.034105260354243064
    ],
    "combined": [
      0.7405,
      0.72128356122822257,
      0.75971643877177752
    ],
    "twotailed": [
      0.775,
      0.75669440691213707,
      0.793305593087863
    ],
    "split2tail": [
      0.025,
      0.018155936880975016,
      0.031844063119024983
    ],
    "canonicalbb": [
      0.027,
      0.019894739645756939,
      0.034105260354243064
    ],
    "split2tailbb": [
      0.025,
      0.018155936880975016,
      0.031844063119024983
    ]
  },
  "NegSide": {
    "canonical": [
      0.049596213932917264,
      0.046102679700434988,
      0.05308974816539954
    ],
    "combined": [
      0.021825941513637332,
      0.020087147551062084,
      0.02356473547621258
    ],
    "twotailed": [
      0.024969087911265245,
      0.022934082080370958,
      0.027004093742159532
    ],
    "split2tail": [
      0.035246785057249271,
      0.033017249973778133,
      0.037476320140720408
    ],
    "canonicalbb": [
      0.025256837018560491,
      0.023180672395879728,
      0.027333001641241254
    ],
    "split2tailbb": [
      0.017444347806581266,
      0.016151466825212644,
      0.018737228787949887
    ]
  },
  "elapsed": 105.53280029166666
}