{
  "scenario": 7,
  "fracPos": 0.25,
  "fracNeg": 0,
  "rho": 0.25,
  "FDRmethod": "BKY2006",
  "numTests": 2000,
  "numRealizations": 2000,
  "effectSize": 3,
  "CImethod": "Wald",
  "q": 0.05,
  "alpha": 0.05,
  "seed": "shuffle",
  "BothSides": {
    "canonical": [
      0.818258,
      0.80451714662835361,
      0.83199885337164647
    ],
    "combined": [
      0.66332799999999981,
      0.651570556678906,
      0.67508544332109366
    ],
    "twotailed": [
      0.6817930000000002,
      0.66960090649053572,
      0.69398509350946469
    ],
    "split2tail": [
      0.80680399999999974,
      0.79736207566706663,
      0.81624592433293286
    ],
    "canonicalbb": [
      0.81817,
      0.80441990789668272,
      0.83192009210331719
    ],
    "split2tailbb": [
      0.8067869999999997,
      0.797342343397053,
      0.81623165660294639
    ]
  },
  "PosSide": {
    "canonical": [
      0.81793446068347941,
      0.80416773751064,
      0.83170118385631886
    ],
    "combined": [
      0.65809555545863507,
      0.64615470603371294,
      0.6700364048835572
    ],
    "twotailed": [
      0.67593768756091832,
      0.6635533371253699,
      0.68832203799646674
    ],
    "split2tail": [
      0.80707454538257473,
      0.7976244946195985,
      0.816524596145551
    ],
    "canonicalbb": [
      0.81784473927767565,
      0.80406863610334478,
      0.83162084245200651
    ],
    "split2tailbb": [
      0.80705716296948671,
      0.79760432128117509,
      0.81651000465779833
    ]
  },
  "NegSide": {
    "canonical": [
      null,
      null,
      null
    ],
    "combined": [
      null,
      null,
      null
    ],
    "twotailed": [
      null,
      null,
      null
    ],
    "split2tail": [
      null,
      null,
      null
    ],
    "canonicalbb": [
      null,
      null,
      null
    ],
    "split2tailbb": [
      null,
      null,
      null
    ]
  },
  "elapsed": 146.81646875
}