{
  "scenario": 7,
  "fracPos": 0.25,
  "fracNeg": 0,
  "rho_sign": 1,
  "FDRmethod": "BKY2006",
  "numTests": 2000,
  "numRealizations": 2000,
  "effectSize": 3,
  "CImethod": "Wald",
  "q": 0.05,
  "alpha": 0.05,
  "seed": "shuffle",
  "BothSides": {
    "canonical": [
      0.046743011962197739,
      0.046257323065378213,
      0.047228700859017266
    ],
    "combined": [
      0.04078603496359226,
      0.040302127384847883,
      0.041269942542336638
    ],
    "twotailed": [
      0.044824765221560106,
      0.044316919609754105,
      0.045332610833366108
    ],
    "split2tail": [
      0.043345959378873922,
      0.042874017105284788,
      0.043817901652463055
    ]
  },
  "PosSide": {
    "canonical": [
      0.046630684263465012,
      0.046146388536549753,
      0.047114979990380272
    ],
    "combined": [
      0.020914692856802562,
      0.020563164343780877,
      0.021266221369824246
    ],
    "twotailed": [
      0.022995260276628803,
      0.022625275440003922,
      0.023365245113253684
    ],
    "split2tail": [
      0.043197436984372291,
      0.042727325123301706,
      0.043667548845442876
    ]
  },
  "NegSide": {
    "canonical": [
      0.0415,
      0.032756973375328596,
      0.050243026624671408
    ],
    "combined": [
      1,
      1,
      1
    ],
    "twotailed": [
      1,
      1,
      1
    ],
    "split2tail": [
      0.0535,
      0.043635413301401388,
      0.06336458669859861
    ]
  },
  "elapsed": 82.008389541666673
}