{
  "scenario": 4,
  "fracPos": 0.25,
  "fracNeg": 0.25,
  "rho_sign": 0,
  "FDRmethod": "BKY2006",
  "numTests": 2000,
  "numRealizations": 2000,
  "effectSize": 3,
  "CImethod": "Wald",
  "q": 0.05,
  "alpha": 0.05,
  "seed": "shuffle",
  "BothSides": {
    "canonical": [
      0.031683974436701789,
      0.031409886410449957,
      0.031958062462953622
    ],
    "combined": [
      0.03165261524060009,
      0.031378730150491543,
      0.031926500330708638
    ],
    "twotailed": [
      0.042608887162823177,
      0.042292118392672363,
      0.04292565593297399
    ],
    "split2tail": [
      0.042621638216437836,
      0.04230522102308195,
      0.042938055409793723
    ],
    "reviewer1": [
      0.020333488179753154,
      0.02010037866901351,
      0.020566597690492797
    ],
    "reviewer2": [
      0.015992496620228967,
      0.015779120750101124,
      0.01620587249035681
    ]
  },
  "PosSide": {
    "canonical": [
      0.030683743369679155,
      0.030293212851844397,
      0.031074273887513913
    ],
    "combined": [
      0.030719669488643846,
      0.030336750724507925,
      0.031102588252779766
    ],
    "twotailed": [
      0.041668823383919716,
      0.041241080490804084,
      0.042096566277035348
    ],
    "split2tail": [
      0.041659768241676776,
      0.041217387582650325,
      0.042102148900703226
    ],
    "reviewer1": [
      0.019421548565093764,
      0.019092664802184984,
      0.019750432328002544
    ],
    "reviewer2": [
      0.015033350659254451,
      0.014733197863398747,
      0.015333503455110154
    ]
  },
  "NegSide": {
    "canonical": [
      0.032578719075719749,
      0.032207662778452911,
      0.032949775372986587
    ],
    "combined": [
      0.032528086124224226,
      0.032162471804189366,
      0.032893700444259086
    ],
    "twotailed": [
      0.043473955636675179,
      0.043049662573426732,
      0.043898248699923627
    ],
    "split2tail": [
      0.043424235463868283,
      0.042990029286230191,
      0.043858441641506374
    ],
    "reviewer1": [
      0.021149610105528058,
      0.02082851615650895,
      0.021470704054547166
    ],
    "reviewer2": [
      0.016889788801204713,
      0.01659656712431417,
      0.017183010478095256
    ]
  },
  "elapsed": 93.590618333333339
}