{
  "scenario": 1,
  "effectSize": 3,
  "fracPos": 0,
  "fracNeg": 0,
  "rho": 0,
  "FDRmethod": "BKY2006",
  "numTests": 2000,
  "numRealizations": 2000,
  "CImethod": "Wald",
  "q": 0.05,
  "alpha": 0.05,
  "seed": "shuffle",
  "BothSides": {
    "canonical": [
      0.095,
      0.082146311046456463,
      0.10785368895354354
    ],
    "combined": [
      0.0475,
      0.038175597955035542,
      0.056824402044964459
    ],
    "twotailed": [
      0.0475,
      0.038175597955035542,
      0.056824402044964459
    ],
    "split2tail": [
      0.0965,
      0.083555972436224729,
      0.10944402756377528
    ]
  },
  "PosSide": {
    "canonical": [
      0.046,
      0.036816784050712072,
      0.055183215949287927
    ],
    "combined": [
      0.0205,
      0.014288151651290085,
      0.026711848348709918
    ],
    "twotailed": [
      0.0205,
      0.014288151651290085,
      0.026711848348709918
    ],
    "split2tail": [
      0.0465,
      0.037269430021679144,
      0.055730569978320856
    ]
  },
  "NegSide": {
    "canonical": [
      0.0515,
      0.041811334190051251,
      0.061188665809948743
    ],
    "combined": [
      0.0295,
      0.022082620975595227,
      0.03691737902440477
    ],
    "twotailed": [
      0.0295,
      0.022082620975595227,
      0.03691737902440477
    ],
    "split2tail": [
      0.0525,
      0.042722879787699494,
      0.0622771202123005
    ]
  },
  "elapsed": 209.335298292
}