{
  "effectSize": 2,
  "fracPos": 0,
  "fracNeg": 0,
  "rho": 0.8,
  "FDRmethod": "BKY2006",
  "numTests": 1000,
  "numRealizations": 1000,
  "CImethod": "Wald",
  "q": 0.05,
  "alpha": 0.05,
  "seed": "shuffle",
  "BothSides": {
    "canonical": [
      0.019,
      0.010534031444512674,
      0.027465968555487323
    ],
    "twotailed": [
      0.012,
      0.0052479687720024971,
      0.018752031227997505
    ],
    "combined": [
      0.012,
      0.0052479687720024971,
      0.018752031227997505
    ],
    "twice": [
      0.034,
      0.022761887672942883,
      0.045238112327057121
    ],
    "split1tail": [
      0.034,
      0.022761887672942883,
      0.045238112327057121
    ],
    "split2tail": [
      0.012,
      0.0052479687720024971,
      0.018752031227997505
    ]
  },
  "PosSide": {
    "canonical": [
      0.019,
      0.010534031444512674,
      0.027465968555487323
    ],
    "twotailed": [
      0.008,
      0.002475840920595866,
      0.013524159079404133
    ],
    "combined": [
      0.008,
      0.002475840920595866,
      0.013524159079404133
    ],
    "twice": [
      0.019,
      0.010534031444512674,
      0.027465968555487323
    ],
    "split1tail": [
      0.019,
      0.010534031444512674,
      0.027465968555487323
    ],
    "split2tail": [
      0.008,
      0.002475840920595866,
      0.013524159079404133
    ]
  },
  "NegSide": {
    "canonical": [
      0,
      0,
      0
    ],
    "twotailed": [
      0.004,
      8.5962234050530884E-5,
      0.00791403776594947
    ],
    "combined": [
      0.004,
      8.5962234050530884E-5,
      0.00791403776594947
    ],
    "twice": [
      0.015,
      0.0074624693404139481,
      0.022537530659586053
    ],
    "split1tail": [
      0.015,
      0.0074624693404139481,
      0.022537530659586053
    ],
    "split2tail": [
      0.004,
      8.5962234050530884E-5,
      0.00791403776594947
    ]
  }
}