{
  "scenario": 6,
  "effectSize": 3,
  "fracPos": 0,
  "fracNeg": 0,
  "rho": 0.8,
  "FDRmethod": "BKY2006",
  "numTests": 2000,
  "numRealizations": 2000,
  "CImethod": "Wilson",
  "q": 0.05,
  "alpha": 0.05,
  "seed": "shuffle",
  "BothSides": {
    "canonical": [
      0.0275,
      0.021188498165677007,
      0.035623111515107019
    ],
    "combined": [
      0.0125,
      0.0084810813885710882,
      0.018388039710650526
    ],
    "twotailed": [
      0.0125,
      0.0084810813885710882,
      0.018388039710650526
    ],
    "split2tail": [
      0.0125,
      0.0084810813885710882,
      0.018388039710650526
    ]
  },
  "PosSide": {
    "canonical": [
      0.009,
      0.00570049972857741,
      0.014182040701612974
    ],
    "combined": [
      0.0035,
      0.0016964316970424186,
      0.0072071962532417461
    ],
    "twotailed": [
      0.0035,
      0.0016964316970424186,
      0.0072071962532417461
    ],
    "split2tail": [
      0.0035,
      0.0016964316970424186,
      0.0072071962532417461
    ]
  },
  "NegSide": {
    "canonical": [
      0.0185,
      0.013451349814109875,
      0.025394766717736706
    ],
    "combined": [
      0.009,
      0.00570049972857741,
      0.014182040701612974
    ],
    "twotailed": [
      0.009,
      0.00570049972857741,
      0.014182040701612974
    ],
    "split2tail": [
      0.009,
      0.00570049972857741,
      0.014182040701612974
    ]
  },
  "elapsed": 206.194348792
}