{
  "effectSize": 3,
  "fracPos": 0,
  "fracNeg": 0,
  "rho": 0,
  "FDRmethod": "BKY2006",
  "numTests": 1000,
  "numRealizations": 1000,
  "CImethod": "Wald",
  "q": 0.05,
  "alpha": 0.05,
  "seed": "shuffle",
  "BothSides": {
    "canonical": [
      0.044,
      0.031281946976585442,
      0.056718053023414552
    ],
    "twotailed": [
      0.05,
      0.036485121312830826,
      0.06351487868716918
    ],
    "combined": [
      0.05,
      0.036485121312830826,
      0.06351487868716918
    ],
    "twice": [
      0.088,
      0.070432737041830631,
      0.10556726295816936
    ],
    "sidaktwice": [
      0.049,
      0.035613912934974679,
      0.062386087065025325
    ],
    "split1tail": [
      0.178,
      0.15428018721981546,
      0.20171981278018453
    ],
    "split2tail": [
      0.089,
      0.071342893409842192,
      0.1066571065901578
    ]
  },
  "PosSide": {
    "canonical": [
      0.044,
      0.031281946976585442,
      0.056718053023414552
    ],
    "twotailed": [
      0.022,
      0.012904090834358303,
      0.031095909165641693
    ],
    "combined": [
      0.022,
      0.012904090834358303,
      0.031095909165641693
    ],
    "twice": [
      0.044,
      0.031281946976585442,
      0.056718053023414552
    ],
    "sidaktwice": [
      0.021,
      0.012108677966570284,
      0.029891322033429719
    ],
    "split1tail": [
      0.088,
      0.070432737041830631,
      0.10556726295816936
    ],
    "split2tail": [
      0.045,
      0.032144964225483706,
      0.05785503577451629
    ]
  },
  "NegSide": {
    "canonical": [
      0,
      0,
      0
    ],
    "twotailed": [
      0.03,
      0.019421798355475015,
      0.040578201644524983
    ],
    "combined": [
      0.03,
      0.019421798355475015,
      0.040578201644524983
    ],
    "twice": [
      0.046,
      0.033009721857729372,
      0.058990278142270626
    ],
    "sidaktwice": [
      0.029,
      0.018594236267780409,
      0.039405763732219594
    ],
    "split1tail": [
      0.103,
      0.084151353008872332,
      0.12184864699112766
    ],
    "split2tail": [
      0.047,
      0.033876166068760039,
      0.060123833931239962
    ]
  },
  "elapsed": 34.446185334
}