{
  "scenario": 12,
  "fracPos": 0.25,
  "fracNeg": 0,
  "rho_sign": -1,
  "FDRmethod": "BKY2006",
  "numTests": 2000,
  "numRealizations": 2000,
  "effectSize": 3,
  "CImethod": "Wald",
  "q": 0.05,
  "alpha": 0.05,
  "seed": "shuffle",
  "BothSides": {
    "canonical": [
      0.046421726689129444,
      0.045963309529023631,
      0.046880143849235258
    ],
    "combined": [
      0.040776066513889618,
      0.040300933209578636,
      0.0412511998182006
    ],
    "twotailed": [
      0.045102978359993287,
      0.044609099085046192,
      0.045596857634940383
    ],
    "split2tail": [
      0.043228730658235764,
      0.042774108078708496,
      0.043683353237763033
    ],
    "reviewer1": [
      0.020556737294045311,
      0.020214735765956553,
      0.020898738822134069
    ],
    "reviewer2": [
      0.022790946071771564,
      0.022438918435794274,
      0.023142973707748853
    ]
  },
  "PosSide": {
    "canonical": [
      0.046318585932651618,
      0.045860863279504969,
      0.046776308585798267
    ],
    "combined": [
      0.020764911755854897,
      0.020427418522447727,
      0.021102404989262066
    ],
    "twotailed": [
      0.02296405055273917,
      0.022610841682140743,
      0.023317259423337598
    ],
    "split2tail": [
      0.043095089056084654,
      0.042641613676881636,
      0.043548564435287672
    ],
    "reviewer1": [
      0.020467386606761243,
      0.020126206848241977,
      0.020808566365280508
    ],
    "reviewer2": [
      0.022728447612164807,
      0.022376975921640754,
      0.023079919302688861
    ]
  },
  "NegSide": {
    "canonical": [
      0.0405,
      0.031858449045154738,
      0.049141550954845264
    ],
    "combined": [
      0.9995,
      0.99852001800773,
      1.00047998199227
    ],
    "twotailed": [
      1,
      1,
      1
    ],
    "split2tail": [
      0.0495,
      0.039991317331116522,
      0.059008682668883483
    ],
    "reviewer1": [
      0.028,
      0.020768076190044463,
      0.035231923809955538
    ],
    "reviewer2": [
      0.021,
      0.014714458657974896,
      0.027285541342025106
    ]
  },
  "elapsed": 81.757404125
}