{
  "scenario": 10,
  "fracPos": 0.1,
  "fracNeg": 0.4,
  "rho": 0.25,
  "FDRmethod": "BKY2006",
  "numTests": 2000,
  "numRealizations": 2000,
  "effectSize": 3,
  "CImethod": "Wald",
  "q": 0.05,
  "alpha": 0.05,
  "seed": "shuffle",
  "BothSides": {
    "canonical": [
      0.049958117638028737,
      0.047048135681425941,
      0.052868099594631533
    ],
    "combined": [
      0.032583978616099386,
      0.0310432049710362,
      0.034124752261162572
    ],
    "twotailed": [
      0.043273537192788564,
      0.041493630978027461,
      0.045053443407549666
    ],
    "split2tail": [
      0.044119003604674835,
      0.041785273321513286,
      0.046452733887836384
    ]
  },
  "PosSide": {
    "canonical": [
      0.028908635917181257,
      0.026221916119074019,
      0.031595355715288494
    ],
    "combined": [
      0.048794670257372864,
      0.046335912842540364,
      0.051253427672205365
    ],
    "twotailed": [
      0.065230491890897357,
      0.062403237060375129,
      0.068057746721419579
    ],
    "split2tail": [
      0.035701512805205726,
      0.032990228607008273,
      0.038412797003403179
    ]
  },
  "NegSide": {
    "canonical": [
      0.040121541145706929,
      0.037641902278114231,
      0.042601180013299628
    ],
    "combined": [
      0.01832423324461115,
      0.017145138930116197,
      0.019503327559106103
    ],
    "twotailed": [
      0.026043933547998402,
      0.024401775718586486,
      0.027686091377410318
    ],
    "split2tail": [
      0.03514255927037168,
      0.03328933639518894,
      0.036995782145554421
    ]
  },
  "elapsed": 191.210804625
}