{
  "fracPos": 0.1,
  "fracNeg": 0.4,
  "rho": 0,
  "FDRmethod": "BKY2006",
  "numTests": 1000,
  "numRealizations": 1000,
  "effectSize": 2,
  "CImethod": "Wald",
  "q": 0.05,
  "alpha": 0.05,
  "seed": "shuffle",
  "BothSides": {
    "canonical": [
      0.02381369813936722,
      0.020886166105211042,
      0.0267412301735234
    ],
    "twotailed": [
      0.030352523205204839,
      0.029414504005121453,
      0.031290542405288224
    ],
    "combined": [
      0.02840719892801969,
      0.027474377448369853,
      0.029340020407669528
    ],
    "twice": [
      0.030862962552017051,
      0.029989205787142221,
      0.031736719316891884
    ],
    "split1tail": [
      0.062085095899515053,
      0.061082989528887292,
      0.06308720227014282
    ],
    "split2tail": [
      0.02783577332064216,
      0.02697220206674715,
      0.028699344574537169
    ]
  },
  "PosSide": {
    "canonical": [
      0.02381369813936722,
      0.020886166105211042,
      0.0267412301735234
    ],
    "twotailed": [
      0.068174754433351317,
      0.065091479958543891,
      0.071258028908158744
    ],
    "combined": [
      0.063770320653969217,
      0.060670512087751011,
      0.066870129220187424
    ],
    "twice": [
      0.02381369813936722,
      0.020886166105211042,
      0.0267412301735234
    ],
    "split1tail": [
      0.077455478183424728,
      0.0742003412632466,
      0.080710615103602862
    ],
    "split2tail": [
      0.036069237900994255,
      0.033028645301974011,
      0.0391098305000145
    ]
  },
  "NegSide": {
    "canonical": [
      0,
      0,
      0
    ],
    "twotailed": [
      0.020233840853623911,
      0.019351200100479755,
      0.021116481606768066
    ],
    "combined": [
      0.019013770930116358,
      0.018130448907464517,
      0.0198970929527682
    ],
    "twice": [
      0.031066596404678577,
      0.030157372624747467,
      0.031975820184609684
    ],
    "split1tail": [
      0.059215848218673171,
      0.058151933672123228,
      0.060279762765223115
    ],
    "split2tail": [
      0.026105040710914636,
      0.025211387364364242,
      0.026998694057465029
    ]
  }
}