{
  "scenario": 7,
  "fracPos": 0.25,
  "fracNeg": 0,
  "rho": 0.25,
  "FDRmethod": "BKY2006",
  "numTests": 2000,
  "numRealizations": 2000,
  "effectSize": 3,
  "CImethod": "Wald",
  "q": 0.05,
  "alpha": 0.05,
  "seed": "shuffle",
  "BothSides": {
    "canonical": [
      0.053344643026194773,
      0.0488163222249096,
      0.057872963827479945
    ],
    "combined": [
      0.042495987227538175,
      0.03906967065455505,
      0.0459223038005213
    ],
    "twotailed": [
      0.046422821418826365,
      0.042922042384279289,
      0.049923600453373441
    ],
    "split2tail": [
      0.036745294457124433,
      0.033421865028029477,
      0.04006872388621939
    ]
  },
  "PosSide": {
    "canonical": [
      0.046664692773492833,
      0.043340776414829876,
      0.04998860913215579
    ],
    "combined": [
      0.019031108752442471,
      0.017429488448349757,
      0.020632729056535185
    ],
    "twotailed": [
      0.022057368521909971,
      0.020191590937026778,
      0.023923146106793164
    ],
    "split2tail": [
      0.03225541040192751,
      0.030197195196286344,
      0.034313625607568676
    ]
  },
  "NegSide": {
    "canonical": [
      0.0305,
      0.022961837065184548,
      0.038038162934815455
    ],
    "combined": [
      0.735,
      0.7156532374927973,
      0.75434676250720267
    ],
    "twotailed": [
      0.763,
      0.74435861672011006,
      0.78164138327989
    ],
    "split2tail": [
      0.029,
      0.021643854548480258,
      0.036356145451519745
    ]
  },
  "elapsed": 82.287339291666669
}