{
  "scenario": 1,
  "effectSize": 3,
  "fracPos": 0,
  "fracNeg": 0,
  "rho_sign": 0,
  "FDRmethod": "BKY2006",
  "numTests": 2000,
  "numRealizations": 2000,
  "CImethod": "Wald",
  "q": 0.05,
  "alpha": 0.05,
  "seed": "shuffle",
  "BothSides": {
    "canonical": [
      0.098,
      0.084966591703512437,
      0.11103340829648757
    ],
    "combined": [
      0.056,
      0.0459209011481472,
      0.0660790988518528
    ],
    "twotailed": [
      0.056,
      0.0459209011481472,
      0.0660790988518528
    ],
    "split2tail": [
      0.099,
      0.085907527006019946,
      0.11209247299398006
    ]
  },
  "PosSide": {
    "canonical": [
      0.0485,
      0.039082904827544347,
      0.057917095172455656
    ],
    "combined": [
      0.029,
      0.021643854548480251,
      0.036356145451519752
    ],
    "twotailed": [
      0.029,
      0.021643854548480251,
      0.036356145451519752
    ],
    "split2tail": [
      0.0485,
      0.039082904827544347,
      0.057917095172455656
    ]
  },
  "NegSide": {
    "canonical": [
      0.0545,
      0.044548908680850464,
      0.064451091319149528
    ],
    "combined": [
      0.0315,
      0.023843209164965969,
      0.039156790835034032
    ],
    "twotailed": [
      0.0315,
      0.023843209164965969,
      0.039156790835034032
    ],
    "split2tail": [
      0.0555,
      0.04546334105543956,
      0.065536658944560441
    ]
  },
  "elapsed": 95.703143041666664
}