{
  "scenario": 12,
  "fracPos": 0.25,
  "fracNeg": 0,
  "rho_sign": -1,
  "FDRmethod": "BKY2006",
  "numTests": 2000,
  "numRealizations": 2000,
  "effectSize": 3,
  "CImethod": "Wald",
  "q": 0.05,
  "alpha": 0.05,
  "seed": "shuffle",
  "BothSides": {
    "canonical": [
      0.04650075556395511,
      0.046059331054717018,
      0.0469421800731932
    ],
    "combined": [
      0.041190033431820205,
      0.040714921620910019,
      0.041665145242730392
    ],
    "twotailed": [
      0.045246589619421525,
      0.044749999481378692,
      0.045743179757464357
    ],
    "split2tail": [
      0.043293523563001694,
      0.042854037835054315,
      0.043733009290949074
    ]
  },
  "PosSide": {
    "canonical": [
      0.046411178609233571,
      0.045970276868712322,
      0.04685208034975482
    ],
    "combined": [
      0.021066873392031841,
      0.020732485578992377,
      0.021401261205071305
    ],
    "twotailed": [
      0.023146146121978156,
      0.022798847711480809,
      0.023493444532475503
    ],
    "split2tail": [
      0.043175701506061648,
      0.042736831368305951,
      0.043614571643817344
    ]
  },
  "NegSide": {
    "canonical": [
      0.036,
      0.027833584713841852,
      0.044166415286158139
    ],
    "combined": [
      0.998,
      0.99604150727600849,
      0.99995849272399151
    ],
    "twotailed": [
      1,
      1,
      1
    ],
    "split2tail": [
      0.0465,
      0.037269430021679151,
      0.055730569978320849
    ]
  },
  "elapsed": 82.804837625
}