{
  "fracPos": 0.25,
  "fracNeg": 0,
  "rho": 0,
  "FDRmethod": "BKY2006",
  "numTests": 1000,
  "numRealizations": 1000,
  "effectSize": 3,
  "CImethod": "Wald",
  "q": 0.05,
  "alpha": 0.05,
  "seed": "shuffle",
  "BothSides": {
    "canonical": [
      0.046080071789254815,
      0.045124131927105168,
      0.047036011651404461
    ],
    "twotailed": [
      0.0444210988185722,
      0.043407257840661129,
      0.045434939796483276
    ],
    "combined": [
      0.040325578976033657,
      0.039341784567985566,
      0.041309373384081749
    ],
    "twice": [
      0.046256735638540769,
      0.04529901727496146,
      0.047214454002120078
    ],
    "sidaktwice": [
      0.021765447926597195,
      0.021075873254012011,
      0.022455022599182379
    ],
    "split1tail": [
      0.09415090741015178,
      0.092898566950661371,
      0.095403247869642188
    ],
    "split2tail": [
      0.042950991915538667,
      0.042010194044568842,
      0.043891789786508491
    ]
  },
  "PosSide": {
    "canonical": [
      0.046080071789254815,
      0.045124131927105168,
      0.047036011651404461
    ],
    "twotailed": [
      0.022245716883729425,
      0.021549469094008671,
      0.02294196467345018
    ],
    "combined": [
      0.02006683472333454,
      0.019398638437117383,
      0.020735031009551697
    ],
    "twice": [
      0.046080071789254815,
      0.045124131927105168,
      0.047036011651404461
    ],
    "sidaktwice": [
      0.02165059026092761,
      0.020964195593355019,
      0.0223369849285002
    ],
    "split1tail": [
      0.093687795097630491,
      0.092439094318695764,
      0.094936495876565219
    ],
    "split2tail": [
      0.042689425165114765,
      0.04175125101229752,
      0.04362759931793201
    ]
  },
  "NegSide": {
    "canonical": [
      0,
      0,
      0
    ],
    "twotailed": [
      0.974,
      0.96413194640990862,
      0.98386805359009133
    ],
    "combined": [
      0.964,
      0.95244805495391716,
      0.97555194504608278
    ],
    "twice": [
      0.034,
      0.02276188767294288,
      0.045238112327057128
    ],
    "sidaktwice": [
      0.019,
      0.010534031444512672,
      0.027465968555487327
    ],
    "split1tail": [
      0.097,
      0.07864750606601334,
      0.11535249393398667
    ],
    "split2tail": [
      0.047,
      0.033876166068760039,
      0.060123833931239962
    ]
  },
  "elapsed": 33.654394166
}